scenario,run_id,use_korean_price,use_tou_elec,import_factor,month,hp_cap,els_cap,num_households,nu_cop,c_su_G,c_su_H,base_h2_price_eur,e_E_cap_ratio,e_H_cap_ratio,e_G_cap_ratio,eff_type,segments,peak_penalty_ratio,wind_el_ratio,solar_el_ratio,storage_power_ratio_E,storage_power_ratio_G,storage_power_ratio_H,storage_capacity_ratio_E,storage_capacity_ratio_G,storage_capacity_ratio_H,initial_soc_ratio_E,initial_soc_ratio_G,initial_soc_ratio_H,day,solve_time_ip,profit_ip_u1,profit_ip_u2,profit_ip_u3,profit_ip_u4,profit_ip_u5,profit_ip_u6,violation_ip,blocking_coalition_ip,isimp_ip,solve_time_chp,profit_chp_u1,profit_chp_u2,profit_chp_u3,profit_chp_u4,profit_chp_u5,profit_chp_u6,violation_chp,blocking_coalition_chp,isimp_chp,chp_price_electricity_0,chp_price_electricity_1,chp_price_electricity_2,chp_price_electricity_3,chp_price_electricity_4,chp_price_electricity_5,chp_price_electricity_6,chp_price_electricity_7,chp_price_electricity_8,chp_price_electricity_9,chp_price_electricity_10,chp_price_electricity_11,chp_price_electricity_12,chp_price_electricity_13,chp_price_electricity_14,chp_price_electricity_15,chp_price_electricity_16,chp_price_electricity_17,chp_price_electricity_18,chp_price_electricity_19,chp_price_electricity_20,chp_price_electricity_21,chp_price_electricity_22,chp_price_electricity_23,chp_price_heat_0,chp_price_heat_1,chp_price_heat_2,chp_price_heat_3,chp_price_heat_4,chp_price_heat_5,chp_price_heat_6,chp_price_heat_7,chp_price_heat_8,chp_price_heat_9,chp_price_heat_10,chp_price_heat_11,chp_price_heat_12,chp_price_heat_13,chp_price_heat_14,chp_price_heat_15,chp_price_heat_16,chp_price_heat_17,chp_price_heat_18,chp_price_heat_19,chp_price_heat_20,chp_price_heat_21,chp_price_heat_22,chp_price_heat_23,chp_price_hydrogen_0,chp_price_hydrogen_1,chp_price_hydrogen_2,chp_price_hydrogen_3,chp_price_hydrogen_4,chp_price_hydrogen_5,chp_price_hydrogen_6,chp_price_hydrogen_7,chp_price_hydrogen_8,chp_price_hydrogen_9,chp_price_hydrogen_10,chp_price_hydrogen_11,chp_price_hydrogen_12,chp_price_hydrogen_13,chp_price_hydrogen_14,chp_price_hydrogen_15,chp_price_hydrogen_16,chp_price_hydrogen_17,chp_price_hydrogen_18,chp_price_hydrogen_19,chp_price_hydrogen_20,chp_price_hydrogen_21,chp_price_hydrogen_22,chp_price_hydrogen_23,violation_bf,blocking_coalition_bf,isimp_bf
export_cap_020,0,True,False,1.5,1,0.8,1,700,3.28,50,10,3.3333333333333335,0.2,0.2,0.2,1,6,0.0,1.0,1.0,0.25,0.25,0.25,3.0,0.0,0.0,0.2,0.2,0.2,1,1.185596227645874,1108.6187806426562,-10.737581848214148,328.3170131481103,175.87008899540456,180.8669577509413,276.5351618571824,10.737581848214148,['u2'],False,74.0054817199707,1133.9108462937008,-0.26310066204146665,325.5952358489029,157.41770623149114,171.60708911762976,271.202643716387,0.26310066204146665,['u2'],False,71.2000000000001,66.18414001943533,66.18414001943476,55.39897993446614,62.58908665777938,62.58908665777783,53.16000000000114,62.58908665777724,62.589086657779404,75.99999999999977,71.19999999999999,71.20000000000014,8.881784197001252e-14,6.850000000000066,71.20000000000007,71.20000000000013,71.20000000000009,71.20000000000006,71.19999999999992,64.6666666666665,64.68000000000002,65.0866666666665,57.67200000000015,58.7215770206556,24.397317073170566,22.86809146933965,22.86809146934045,19.579932906849745,21.77203861517696,21.772038615177323,68.99657142857141,68.99657142857146,68.99657142857143,68.99657142857143,24.397317073169393,24.397317073170658,2.689999999999806,4.778414634147018,24.397317073170885,24.397317073170566,24.397317073169177,68.99657142857153,68.99657142857139,68.99657142857136,68.99657142857146,68.99657142857144,68.99657142857137,45.99771428571411,3.5222090075253543,3.1833236488730723,3.18332364887302,2.672727044593046,3.0131247807797226,3.0131247807796893,0.0,3.0131247807796795,3.0131247807798003,3.892393571266421,4.3830641778801125,4.594737640375653,0.050000000000000405,0.466874854192146,4.069129223826028,4.137460326864043,4.1374603268640415,3.832301778493496,3.8323017784934565,3.3333333333333752,3.3333333333333393,3.131366500087461,2.78033753138963,2.830027147348473,0.0,[],True
export_cap_020,1,True,False,1.5,1,0.8,1,700,3.28,50,10,3.3333333333333335,0.2,0.2,0.2,1,6,0.0,1.0,1.0,0.25,0.25,0.25,3.0,0.0,0.0,0.2,0.2,0.2,2,0.15245485305786133,1072.8784006433991,12.234848632430293,292.69538506953654,133.73800030778636,144.06643927958459,283.11242243782647,1.1532441668293814e-13,,True,37.79010081291199,1072.8784006433866,22.29877936008144,292.69538506954245,133.73800030779125,134.0025085519382,283.1124224378234,-0.0,,True,42.449400000000296,52.40666666666644,52.40666666666683,52.40666666666657,52.40666666666692,0.049999999999999906,0.049999999999937476,53.16000000000024,57.671999999999734,61.807160566228596,71.20000000000012,71.2000000000001,0.05000000000056952,6.8499999999998655,71.19999999999995,71.32999999999954,84.91999999999996,96.77999999999987,96.78000000000011,97.00000000000149,97.02000000000012,97.63000000000116,97.6299999999994,97.08000000000006,15.631890243902836,18.6676422764222,18.667642276423948,18.667642276423084,18.667642276422793,2.705243902438974,68.99657142857137,68.99657142857156,68.99657142857141,68.99657142857141,24.397317073171056,24.39731707317149,2.6900000000001296,4.778414634146152,24.39731707317195,24.436951219511812,28.580243902440273,68.99657142857129,68.99657142857144,68.99657142857139,68.99657142857137,68.99657142857137,68.99657142857127,45.997714285716235,2.059661360885153,2.5310634085002173,2.5310634085005033,2.531063408500805,2.5310634085004597,0.05236712575546917,0.0,3.735724281642322,2.780337531389854,3.333333333332712,4.383064177879966,4.594737640375807,0.04999999999996884,0.46687485419136976,4.011099353743628,4.144923386450315,4.9251001538949675,5.000000000000006,4.999999999999989,4.954107584379583,4.955118740582622,4.811120300627833,4.811120300627417,5.275270718718627,,,
export_cap_020,2,True,False,1.5,1,0.8,1,700,3.28,50,10,3.3333333333333335,0.2,0.2,0.2,1,6,0.0,1.0,1.0,0.25,0.25,0.25,3.0,0.0,0.0,0.2,0.2,0.2,3,0.1431586742401123,960.4558108389023,-11.693670127766332,308.6296256894899,89.72003953979197,179.0937184632843,262.5797804413568,11.693670127766332,['u2'],False,114.84135460853577,956.1113582279112,-0.43980715771059664,309.5439822531908,91.83957494659035,169.1504161337191,262.579780441358,0.43980715771059664,['u2'],False,81.9899999999984,78.60999999999798,78.61000000000045,78.60999999999896,78.61000000000247,78.60999999999879,79.7400000000009,79.7400000000021,77.31999999999925,75.99999999999888,71.20000000000022,71.20000000000012,0.04999999999944529,6.8499999999999766,71.20000000000086,71.3300000000023,64.58940000000018,64.58940000000018,79.74000000000113,64.66666666666701,79.7400000000021,64.58940000000166,64.58940000000267,64.58939999999897,27.686951219512164,26.65646341463333,26.656463414634157,26.6564634146341,26.656463414634462,26.65646341463378,68.99657142857122,68.99657142857176,68.99657142857109,68.99657142857113,24.39731707317008,24.3973170731707,2.6900000000003663,4.778414634145819,24.397317073170306,24.436951219512526,22.3818902439015,68.99657142857099,68.99657142857244,68.99657142857164,68.99657142857123,68.99657142857164,68.99657142857119,45.997714285713684,4.048404726502757,3.8835723326061533,3.8835723326062794,4.280054929339625,4.024349455753501,4.024349455753331,0.0,4.081479781221004,3.959129880662139,3.8923935712664246,4.402109094412842,4.594737640375594,0.04999999999999829,0.46687485419212066,4.137460326864144,4.144923386449761,3.757958006122978,3.481132057469465,4.285965503048797,3.3333333333333486,4.081479781221021,3.1078246454074963,3.333333333333306,3.5009676368400315,0.0,[],True
export_cap_020,3,True,False,1.5,1,0.8,1,700,3.28,50,10,3.3333333333333335,0.2,0.2,0.2,1,6,0.0,1.0,1.0,0.25,0.25,0.25,3.0,0.0,0.0,0.2,0.2,0.2,4,0.15489792823791504,954.495024155374,55.446769667678105,318.9157581038413,253.3031723660123,142.56024807787253,309.48738100598484,-0.0,,True,39.871811628341675,955.120324624903,68.47098475726537,318.7149607071998,252.8786692931253,129.53603298828574,309.48738100598405,-0.0,,True,0.0500000000007077,0.04999999999987418,0.05000000000040474,0.05000000000074899,0.050000000001185686,0.06172839505978828,0.05000000000039018,61.56000000001163,62.589086657779255,75.99999999999983,71.20000000000033,71.20000000000017,6.394884621840902e-14,6.850000000000179,71.19999999999982,71.33000000000003,84.91999999999992,96.77999999999987,96.78000000000065,96.77999999999942,96.77999999999736,65.0866666666683,65.08666666666521,64.72000000000318,2.7052439024393604,2.705243902439069,2.705243902439251,2.7052439024391455,2.705243902439428,2.708819632640344,68.99657142857133,68.99657142857139,68.99657142857143,68.99657142857134,24.397317073170786,24.39731707317076,2.689999999999903,4.778414634146521,24.39731707317078,24.436951219512256,28.580243902438994,68.99657142857151,68.9965714285715,68.99657142857147,68.99657142857149,68.99657142857147,68.99657142857133,45.997714285714835,0.05236712575564572,0.052367125755435166,0.05236712575534607,0.052367125755503195,0.05236712575554206,0.052922377475921774,0.0,4.214316251106976,3.0131247807797426,3.892393571266488,4.44002560099145,4.59473764037564,0.04999999999999985,0.4668748541921125,4.137460326864093,4.144923386449666,4.925100153894591,5.000000000000055,4.999999999999954,4.942984866146957,4.9429848661468485,3.3367134791583837,3.3333333333333126,3.3333333333333837,,,
export_cap_020,4,True,False,1.5,1,0.8,1,700,3.28,50,10,3.3333333333333335,0.2,0.2,0.2,1,6,0.0,1.0,1.0,0.25,0.25,0.25,3.0,0.0,0.0,0.2,0.2,0.2,5,0.42111754417419434,1100.4728203173095,-11.524244790554661,321.92055786295,159.366511128541,172.04142259416528,275.3497254292055,11.524244790554661,['u2'],False,74.89873552322388,1115.9081467222154,-0.3491707305103944,321.06565313611355,147.52860541722464,162.42824046600913,271.0453175305638,0.3491707305103944,['u2'],False,66.18414001943364,62.58908665777938,66.18414001943506,66.18414001943508,64.82806659224474,53.159999999999584,53.159999999999506,62.589086657780584,62.58908665777695,76.00000000000009,71.2000000000001,71.20000000000037,0.04999999999948557,6.84999999999998,71.19999999999949,71.32999999999971,75.99999999999739,75.99999999999808,75.99999999999581,75.99999999999885,64.67999999999988,65.086666666668,65.0866666666643,53.6091534157408,22.868091469340197,21.772038615175788,22.868091469339277,22.868091469339856,22.454654448855177,18.897317073170598,68.9965714285714,68.99657142857143,68.99657142857153,68.99657142857149,24.397317073171564,24.397317073169813,2.6900000000014685,4.778414634148058,24.397317073170324,24.4369512195149,25.860731707317978,68.9965714285715,68.99657142857131,68.9965714285713,68.99657142857136,68.99657142857151,68.9965714285714,45.99771428570984,3.1833236488731718,3.0131247807798913,3.183323648873103,3.183323648873095,3.119123722156544,2.5667281032158913,0.0,3.013124780779869,3.013124780779652,3.8923935712664552,4.383064177880068,4.594737640375581,0.05000000000001488,0.4668748541921831,4.095162440608222,4.144923386449613,4.4130194500232856,4.087288415245748,4.087288415245589,3.8662908098435658,3.333333333333259,3.1313665000875774,3.131366500087288,2.587992155587105,0.0,[],True
export_cap_020,5,True,False,1.5,1,0.8,1,700,3.28,50,10,3.3333333333333335,0.2,0.2,0.2,1,6,0.0,1.0,1.0,0.25,0.25,0.25,3.0,0.0,0.0,0.2,0.2,0.2,6,0.16573357582092285,990.3950575204726,59.417198849607196,344.6096647443335,313.05309848939487,180.13529937991837,311.3704960192499,-0.0,,True,45.36190390586853,984.6692814970507,68.76738983000814,346.00011808286985,316.076526774944,172.09700279885357,311.37049601925014,2.7681468228735184e-12,,True,0.05000000000005169,0.05000000000000548,0.04999999999999761,0.04999999999993463,0.0500000000000325,0.04999999999988419,0.049999999999967466,53.160000000000345,57.671999999999585,61.80716056624338,71.20000000000003,71.20000000000013,2.2393969915488145e-13,6.849999999999796,71.19999999999999,71.32999999999976,71.32999999999974,71.32999999999953,71.32999999999912,71.32999999999981,71.32999999999966,65.08666666666626,57.96059330667032,64.71999999999969,2.705243902439057,2.7052439024389736,2.7052439024390775,2.705243902439022,2.705243902438936,2.7052439024389,68.99657142857178,68.99657142857149,68.99657142857146,68.99657142857146,24.397317073171067,24.39731707317058,2.689999999999659,4.778414634145411,24.39731707317081,24.436951219512157,24.436951219512,68.99657142857149,68.99657142857153,68.99657142857151,68.99657142857139,68.99657142857149,68.99657142857143,45.997714285714565,0.052367125755582555,0.052367125755508066,0.05236712575549186,0.05236712575557042,0.052367125755493495,0.05236712575548861,0.0,3.735724281642258,2.7803375313895717,3.3333333333333135,4.383064177880223,4.594737640375545,0.04999999999999606,0.466874854192094,3.922518245703927,4.144923386449607,4.144923386449597,3.839207666572175,3.8392076665721335,3.656288597874145,3.6562885978741617,3.1313665000874478,2.7940002643710984,3.114007577880727,,,
export_cap_020,6,True,False,1.5,1,0.8,1,700,3.28,50,10,3.3333333333333335,0.2,0.2,0.2,1,6,0.0,1.0,1.0,0.25,0.25,0.25,3.0,0.0,0.0,0.2,0.2,0.2,7,0.14062237739562988,1287.2265359488297,2.4619585870734753,290.86495447280925,118.92066426009274,148.04362247289868,278.9292820858717,-2.684116817697202e-12,,True,47.81259751319885,1283.304617977516,12.680707038294322,291.06666962238046,120.34924785974692,139.54387343544346,279.5019018941945,2.646424746011178e-13,,True,42.44939999999984,52.406666666666816,52.40666666666626,52.40666666666647,52.40666666666709,52.40666666666654,0.05000000000275522,53.15999999999957,57.67200000000112,61.80716056624412,71.20000000000068,71.19999999999942,0.04999999999952252,6.8499999999992145,57.671999999998846,71.33000000000027,84.92000000000006,96.78000000000043,96.78000000000006,96.9999999999992,96.99999999999835,96.99999999999942,96.99999999999802,96.99999999999862,15.631890243902443,18.66764227642204,18.667642276422438,18.667642276422562,18.66764227642363,18.66764227642267,68.99657142857104,68.99657142857147,68.99657142857149,68.99657142857156,24.39731707317076,24.397317073170644,2.689999999999803,4.778414634145565,20.272926829267963,24.436951219512395,28.58024390243908,68.99657142857153,68.99657142857129,68.9965714285714,68.99657142857156,68.99657142857143,68.99657142857143,45.99771428571042,2.0596613608852015,2.5310634085002652,2.5310634085001684,2.531063408500304,2.531063408500217,2.5310634085001404,0.0,2.6335778090446857,2.7803375313896668,3.333333333333339,4.383064177880127,4.594737640375544,0.04999999999999608,0.4668748541921255,3.3333333333333166,4.144923386449659,4.907706306866046,4.99999999999999,5.0,4.95410758437958,4.954107584379463,4.7803971029487915,5.269632720340171,4.7803971029487435,,,
export_cap_020,7,True,False,1.5,1,0.8,1,700,3.28,50,10,3.3333333333333335,0.2,0.2,0.2,1,6,0.0,1.0,1.0,0.25,0.25,0.25,3.0,0.0,0.0,0.2,0.2,0.2,8,0.15897178649902344,1206.7708132496787,6.622818929989734,331.7530317578651,210.97653499840555,181.31665967702253,280.0505753644195,-0.0,,True,66.38696908950806,1196.930888666477,14.73418795434506,333.4437347392602,216.0262173061784,175.77947027068137,280.57593504043916,6.541364672152383e-13,,True,71.19999999999948,66.1841400194341,52.406666666666524,52.40666666666643,52.406666666665934,0.05000000000022538,0.04999999999976822,53.15999999999987,57.6719999999998,61.80716056624297,71.19999999999946,71.19999999999958,0.04999999999990971,6.84999999999889,71.1999999999992,71.1999999999989,71.19999999999887,71.19999999999902,71.19999999999945,64.66666666666657,64.68000000000008,65.08666666666659,65.08666666666632,61.995189604475854,24.397317073170328,22.86809146934009,18.66764227642271,18.66764227642269,18.66764227642188,2.7052439024397033,68.99657142857153,68.99657142857164,68.99657142857136,68.99657142857141,24.397317073171376,24.397317073169884,2.68999999999972,4.7784146341455305,24.397317073169408,24.39731707317057,24.397317073169358,68.99657142857124,68.99657142857123,68.99657142857136,68.99657142857143,68.99657142857139,68.99657142857158,45.99771428571534,3.333333333333239,3.1833236488729963,2.5310634085000467,2.531063408500169,2.5310634085002364,0.05236712575544448,0.0,3.7357242816422214,2.780337531389596,3.333333333333338,4.3830641778801995,4.5947376403757065,0.05000000000001376,0.46687485419215824,3.9061391975121573,4.1374603268640024,4.137460326863979,3.8323017784933184,3.8323017784935107,3.3333333333334103,3.333333333333395,3.1313665000873834,3.131366500087447,2.9850082005605545,,,
export_cap_020,8,True,False,1.5,1,0.8,1,700,3.28,50,10,3.3333333333333335,0.2,0.2,0.2,1,6,0.0,1.0,1.0,0.25,0.25,0.25,3.0,0.0,0.0,0.2,0.2,0.2,9,0.13773632049560547,1015.0658088947783,61.685184518048345,350.5511281589677,330.8049126229966,194.12736586606138,313.9461465324845,-4.504979722597113e-12,,True,64.37436056137085,983.1277381895768,69.07984808558149,358.38859941430246,347.5108485053331,194.12736586605843,313.94614653248414,1.961225515323406e-09,,True,0.05000000000015895,0.0499999999997751,0.0499999999999684,0.05000000000017409,0.04999999999962446,0.049999999999643066,0.049999999999773385,53.160000000000025,57.67199999999966,61.80716056624376,71.19999999999962,71.19999999999987,2.429499234318022e-13,6.849999999999741,65.08666666666792,65.08666666666758,65.08666666666768,65.08666666666822,65.0866666666683,64.66666666666686,64.68000000000023,65.08666666666663,65.08666666666795,24.55295981640354,2.7052439024387156,2.7052439024388706,2.705243902438647,2.705243902439169,2.7052439024391184,2.7052439024387755,68.99657142857133,68.99657142857149,68.99657142857136,68.99657142857139,24.39731707317057,24.39731707317106,2.689999999999487,4.778414634145956,22.53349593496,22.53349593495961,22.533495934959834,68.99657142857144,68.99657142857158,68.99657142857137,68.9965714285715,68.9965714285714,68.99657142857129,45.99771428571477,0.052367125755457426,0.052367125755472435,0.052367125755450945,0.05236712575539385,0.05236712575530682,0.05236712575547932,0.0,3.735724281642242,2.7803375313896246,3.3333333333333575,4.383064177880199,4.594737640375696,0.0499999999999817,0.46687485419207037,3.507547964740878,3.507547964740704,3.507547964740831,3.5075479647408696,3.507547964740888,3.3333333333333677,3.3333333333332984,3.131366500087523,3.131366500087497,1.2123988710886877,,,
export_cap_020,9,True,False,1.5,1,0.8,1,700,3.28,50,10,3.3333333333333335,0.2,0.2,0.2,1,6,0.0,1.0,1.0,0.25,0.25,0.25,3.0,0.0,0.0,0.2,0.2,0.2,10,0.1428205966949463,946.6533406048773,-3.6078206887037396,301.2395678630866,115.00951866576077,146.88868079406916,275.2981227167277,3.6078206887037396,['u2'],False,94.5337266921997,935.3985223858186,8.966160136747234,303.7451207973763,120.88233435963662,136.97009622938094,275.5191760468581,2.1099302860427827e-12,,True,52.40666666666656,52.406666666666794,52.40666666666654,52.40666666666657,52.40666666666678,62.58908665777878,53.15999999999987,79.74000000000004,77.31999999999994,75.99999999999962,71.2000000000003,71.19999999999962,1.1191048088221578e-13,6.849999999999595,71.20000000000032,71.33000000000004,84.91999999999976,93.18135374707632,93.18135374707663,87.90123456790127,87.90123456790174,65.08666666666664,65.08666666666669,52.40666666666688,18.66764227642287,18.66764227642259,18.667642276422704,18.667642276422843,18.66764227642283,21.77203861517643,68.99657142857144,68.99657142857133,68.99657142857153,68.99657142857144,24.397317073170985,24.397317073170864,2.6900000000001003,4.778414634146357,24.397317073170818,24.43695121951225,28.58024390243887,68.99657142857133,68.99657142857134,68.99657142857149,68.99657142857137,68.9965714285714,68.99657142857144,45.9977142857146,2.53106340850025,2.531063408500265,2.5310634085001515,2.5310634085001733,2.5310634085002377,3.0131247807797776,0.0,4.081479781220936,3.95912988066213,3.89239357126646,4.383064177880232,4.594737640375664,0.0500000000000072,0.466874854192115,3.9818159596038827,4.1449233864496495,4.925100153894682,4.999999999999993,4.999999999999975,4.48049243734923,4.336677787068362,3.1313665000874913,3.131366500087471,2.5310634085001853,,,
export_cap_020,10,True,False,1.5,1,0.8,1,700,3.28,50,10,3.3333333333333335,0.2,0.2,0.2,1,6,0.0,1.0,1.0,0.25,0.25,0.25,3.0,0.0,0.0,0.2,0.2,0.2,11,0.13889026641845703,606.0728565619158,55.44066989819108,299.8125903832753,211.75039761214367,142.4482099213476,309.4886094345801,9.934860151423496,"['u1', 'u2', 'u3', 'u4', 'u6']",True,41.016043186187744,606.6981570314381,68.47249412573834,299.6117929866359,211.3258945392618,129.4163856938003,309.4886094345791,4.738237580070859e-12,,True,0.050000000000011265,0.05000000000002028,0.050000000000018856,0.049999999999996075,0.05000000000001372,0.049999999999986694,0.04999999999999301,61.560000000000166,62.58908665778116,76.00000000000009,71.20000000000002,71.20000000000012,6.750155989720952e-14,6.850000000000037,71.19999999999972,71.32999999999979,84.92000000000031,96.7799999999994,96.77999999999983,96.99999999999977,97.02000000000007,97.62999999999984,97.62999999999931,97.0800000000002,2.7052439024391783,2.705243902439211,2.705243902438983,2.7052439024389923,2.70524390243918,2.705243902439135,68.99657142857109,68.99657142857147,68.99657142857149,68.99657142857188,24.397317073170548,24.397317073171468,2.690000000000134,4.778414634146513,24.397317073171095,24.43695121951265,28.580243902439197,68.99657142857137,68.99657142857141,68.99657142857136,68.99657142857147,68.99657142857133,68.99657142857114,45.99771428571395,0.052367125755525865,0.052367125755561524,0.05236712575550645,0.052367125755443264,0.05236712575527319,0.05236712575545091,0.0,4.21443930204861,3.0131247807798456,3.8923935712665756,4.440025600991401,4.594737640375642,0.04999999999999869,0.4668748541919996,4.137460326864034,4.144923386449663,4.925100153894808,4.999999999999997,5.000000000000003,4.954107584379553,4.95511874058255,4.81112030062773,5.302866854374115,4.784298461384266,,,
export_cap_020,11,True,False,1.5,1,0.8,1,700,3.28,50,10,3.3333333333333335,0.2,0.2,0.2,1,6,0.0,1.0,1.0,0.25,0.25,0.25,3.0,0.0,0.0,0.2,0.2,0.2,12,0.13605260848999023,939.0195621928,-11.441934183288602,302.1789418838274,71.71035853185708,162.92953625418266,260.3967768448797,11.441934183288602,['u2'],False,81.36109471321106,939.0195621928009,-0.49067331667826153,302.1789418838262,71.71035853185697,151.97827538757173,260.3967768448806,0.49067331667826153,['u2'],False,81.98999999999982,78.60999999999991,78.60999999999973,78.60999999999997,78.60999999999977,78.60999999999987,79.73999999999982,79.73999999999987,77.3199999999998,76.0,71.2,71.1999999999997,0.05000000000049454,6.850000000000108,71.19999999999965,71.33000000000004,80.35390946502096,80.35390946502092,80.35390946502112,80.35390946502092,80.35390946502099,65.08666666666662,65.08666666666662,64.71999999999986,27.68695121951209,26.656463414634665,26.65646341463463,26.65646341463453,26.65646341463368,26.656463414634246,68.99657142857147,68.9965714285714,68.9965714285714,68.99657142857147,24.39731707317062,24.39731707317138,2.690000000000658,4.778414634145877,24.39731707317069,24.436951219512206,27.188143129579284,68.99657142857158,68.99657142857025,68.9965714285714,68.99657142857137,68.99657142857146,68.99657142857141,45.99771428571302,4.048404726502846,3.8835723326062763,3.883572332606241,4.379422832827349,3.8835723326062634,4.165126578900508,0.0,4.081479781220886,3.9591298806621587,3.892393571266501,4.38306417788018,4.59473764037552,0.05000000000001532,0.4668748541922115,4.053833600111352,4.144923386449594,4.662969340543707,4.318577734247994,4.3185777342480725,4.112517699401667,4.112517699401652,3.3333333333333304,3.3333333333335466,3.33671347915799,0.0,[],True
export_cap_020,12,True,False,1.5,1,0.8,1,700,3.28,50,10,3.3333333333333335,0.2,0.2,0.2,1,6,0.0,1.0,1.0,0.25,0.25,0.25,3.0,0.0,0.0,0.2,0.2,0.2,13,0.14558076858520508,1044.741240213862,29.264397958210765,297.31503059799195,165.3048607780886,144.06643927958453,292.8011310945852,5.681219383824043e-13,,True,37.69699239730835,1044.7412402138634,39.32832868586141,297.31503059799326,165.3048607780879,134.0025085519332,292.80113109458375,3.1950830869931224e-13,,True,54.66000000000008,52.40666666666647,52.40666666666646,0.04999999999994581,0.050000000000292553,0.05000000000017489,0.04999999999977984,53.15999999999981,57.67199999999933,61.8071605662438,71.20000000000013,71.20000000000022,0.049999999999909686,6.850000000000008,71.20000000000029,71.33000000000027,84.92000000000058,96.77999999999977,96.78000000000006,96.99999999999989,97.01999999999958,97.08000000000129,97.62999999999977,97.0800000000003,19.35463414634146,18.66764227642299,18.66764227642259,2.7052439024378403,2.7052439024390162,2.705243902439565,68.99657142857089,68.99657142857167,68.99657142857144,68.99657142857109,24.397317073170804,24.39731707317121,2.690000000001027,4.778414634146754,24.397317073170875,24.436951219512572,28.580243902439694,68.9965714285715,68.9965714285716,68.99657142857146,68.99657142857134,68.99657142857166,68.99657142857146,45.99771428571401,2.6377418758800824,2.531063408500316,2.5310634085001453,0.05236712575553396,0.0523671257554449,0.05236712575546593,0.0,3.7357242816422103,2.7803375313895575,3.333333333333331,4.383064177880162,4.59473764037565,0.049999999999995354,0.4668748541921444,4.01109935374411,4.144923386449621,4.925100153894635,5.0000000000000036,5.0,4.954107584379586,4.955118740582517,4.958152209191508,4.81112030062777,5.132990913336654,,,
export_cap_020,13,True,False,1.5,1,0.8,1,700,3.28,50,10,3.3333333333333335,0.2,0.2,0.2,1,6,0.0,1.0,1.0,0.25,0.25,0.25,3.0,0.0,0.0,0.2,0.2,0.2,14,0.15118861198425293,1022.9551262270015,-9.811057177008117,303.26189770034847,80.09203104109702,158.7685136011429,260.1185038400447,9.811057177008117,['u2'],False,141.88615322113037,1022.9551262270368,-0.3456844095990803,303.2618977003358,80.09203104107758,149.30314083372764,260.11850384004765,0.3456844095990803,['u2'],False,78.61000000000584,78.60999999999997,78.6100000000008,78.60999999999262,78.61000000000917,78.6100000000071,63.67409999999306,79.73999999999994,77.31999999999978,76.0,71.20000000000005,71.19999999999992,5.4189967918449516e-14,6.849999999999491,71.1999999999998,71.32999999999994,84.91999999999985,84.92000000000368,84.91999999999884,84.92000000001357,64.68000000000647,63.67410000000576,63.674100000005204,63.6741000000056,26.656463414636324,26.656463414633787,26.656463414633315,26.656463414632434,26.65646341463628,26.656463414635596,68.99657142857168,68.99657142857163,68.99657142857195,68.9965714285708,24.3973170731698,24.397317073169283,2.689999999998812,4.778414634147254,24.397317073170406,24.436951219511997,28.580243902438504,68.99657142857087,68.99657142857092,68.99657142857127,68.99657142857072,68.99657142857167,68.99657142857161,45.99771428571165,3.8835723326065525,3.8835723326062612,4.165126578900559,3.883572332605895,4.165126578900963,4.024349455753751,0.0,4.081479781220871,3.959129880662157,3.892393571266454,4.383064177879974,4.594737640375585,0.04999999999998432,0.4668748541922044,4.010490662247007,4.144923386449681,4.9251001538947525,4.561138581877524,4.561138581877145,4.330115064845027,3.3333333333331496,3.0644920413280405,3.0644920413280103,3.465693272733073,0.0,[],True
export_cap_020,14,True,False,1.5,1,0.8,1,700,3.28,50,10,3.3333333333333335,0.2,0.2,0.2,1,6,0.0,1.0,1.0,0.25,0.25,0.25,3.0,0.0,0.0,0.2,0.2,0.2,15,0.18398284912109375,1207.7838039829503,-1.8325948994041283,331.6998431538716,188.57702783884713,195.06462436417723,279.56121153085155,1.8325948994041283,['u2'],False,57.070271015167236,1199.2466314694852,8.18279270144403,331.82588168582856,192.20624292580737,188.73926239370365,280.65310479502466,-0.0,,True,50.69716019280134,50.69716019279979,50.697160192800446,52.40666666666772,62.58908665777881,62.589086657778694,50.697160192799686,62.58908665777902,62.589086657778736,71.20000000000148,71.19999999999999,71.20000000000014,0.0500000000003501,6.8499999999996515,57.19280791471034,64.67999999999931,64.67999999999935,64.67999999999937,64.67999999999991,64.66666666666691,64.6800000000001,62.589086657779454,60.4981733155572,64.68000000000004,18.146451278293156,18.146451278293956,18.146451278292965,18.66764227642368,21.772038615176005,21.77203861517628,68.9965714285707,68.99657142857113,68.99657142857187,68.99657142857133,24.3973170731718,24.397317073171237,2.6900000000001447,4.7784146341461025,20.126831681314325,22.409512195121344,22.409512195121707,68.99657142857045,68.99657142857097,68.9965714285712,68.99657142857099,68.99657142857158,68.9965714285711,45.99771428570927,2.450131072431571,2.450131072431617,2.45013107243157,2.5310634085003283,3.013124780779706,3.0131247807797004,0.0,3.0131247807798545,3.0131247807798034,3.649716082554984,4.490650501621864,4.594737640375594,0.05000000000000172,0.4668748541921417,3.333333333333334,3.7631591845725154,3.7631591845725314,3.485944930238117,3.4859449302381753,3.3333333333333632,3.3333333333333615,3.0131247807797816,2.914135684283196,3.1121138772763355,,,
export_cap_020,15,True,False,1.5,1,0.8,1,700,3.28,50,10,3.3333333333333335,0.2,0.2,0.2,1,6,0.0,1.0,1.0,0.25,0.25,0.25,3.0,0.0,0.0,0.2,0.2,0.2,16,0.14220142364501953,1122.2958879174757,4.429212542936149,289.8540484841709,117.07737788480472,144.06643927958447,278.67152194744756,-2.532349330230943e-13,,True,39.21479678153992,1122.295887917476,14.49314327058724,289.85404848417073,117.07737788480449,134.00250855193303,278.6715219474479,-1.0135989270132484e-12,,True,42.44940000000005,42.4493999999998,52.406666666666695,52.40666666666656,52.40666666666668,52.40666666666668,0.05000000000000078,57.67200000000025,57.67200000000024,61.80716056624283,71.20000000000034,71.20000000000027,0.04999999999950682,6.8500000000008585,71.2000000000007,71.32999999999834,84.91999999999987,96.78000000000156,96.78000000000017,96.99999999999966,97.01999999999978,97.07999999999998,97.62999999999903,97.0800000000001,15.631890243901967,15.631890243902555,18.667642276423006,18.66764227642222,18.667642276421795,18.66764227642307,68.9965714285717,68.9965714285714,68.99657142857139,68.99657142857122,24.397317073170253,24.3973170731708,2.6899999999999844,4.778414634147133,24.39731707317081,24.43695121951166,28.580243902439157,68.99657142857166,68.99657142857149,68.9965714285715,68.9965714285713,68.99657142857139,68.99657142857144,45.99771428571432,2.0596613608849688,2.059661360885138,2.5310634085002093,2.531063408500199,2.531063408500258,2.5310634085002413,0.0,3.1722530666772566,2.780337531389588,3.3333333333333224,4.3830641778801605,4.594737640375641,0.04999999999999666,0.46687485419218183,4.011099353744166,4.144923386449574,4.925100153894634,5.000000000000005,4.999999999999994,4.954107584379575,4.955118740582518,4.784298461384236,4.8111203006277465,5.274604145393388,,,
export_cap_020,16,True,False,1.5,1,0.8,1,700,3.28,50,10,3.3333333333333335,0.2,0.2,0.2,1,6,0.0,1.0,1.0,0.25,0.25,0.25,3.0,0.0,0.0,0.2,0.2,0.2,17,0.14731335639953613,924.9511653050428,-11.409740886398872,298.5355172125436,68.10764232335691,155.04225738959082,259.76448364972407,11.409740886398872,['u2'],False,101.2086889743805,924.9511653050395,-0.4943864600812944,298.5355172125449,68.10764232335862,144.12690296327406,259.7644836497235,0.4943864600812944,['u2'],False,81.99000000000022,78.61000000000034,78.60999999999993,78.60999999999986,78.60999999999984,78.61000000000045,64.71999999999998,79.73999999999971,77.31999999999994,75.9999999999999,71.2,71.19999999999999,2.842170943040401e-14,6.850000000000037,71.19999999999946,71.33000000000017,84.92000000000039,84.92000000000044,84.92000000000041,84.9200000000003,84.9199999999948,64.7200000000001,64.72000000000003,64.72000000000008,27.68695121951223,26.6564634146342,26.656463414633848,26.656463414634008,26.656463414634025,26.656463414633922,68.99657142857168,68.99657142857124,68.99657142857173,68.99657142857129,24.397317073170754,24.39731707317075,2.6900000000002695,4.778414634146285,24.397317073170484,24.436951219512043,28.580243902439445,68.99657142857177,68.99657142857207,68.99657142857156,68.99657142857136,68.99657142857161,68.99657142857112,45.99771428571423,4.0484047265028344,3.8835723326062794,3.8835723326062617,4.280054929339656,3.883572332606258,4.165126578900534,0.0,4.081479781220887,3.9591298806621418,3.8923935712664703,4.383064177880163,4.594737640375605,0.049999999999999996,0.46687485419212965,4.010490662246796,4.144923386449652,4.925100153894661,4.561138581877335,4.561138581877343,4.34336923778881,4.343369237788544,3.1140075778806953,3.3333333333333304,3.515061167791947,0.0,[],True
export_cap_020,17,True,False,1.5,1,0.8,1,700,3.28,50,10,3.3333333333333335,0.2,0.2,0.2,1,6,0.0,1.0,1.0,0.25,0.25,0.25,3.0,0.0,0.0,0.2,0.2,0.2,18,0.13934969902038574,889.0664842290624,35.74834232501272,291.41827493612095,165.92402014648417,142.4482099213476,298.2849527211788,1.5648658271971705e-09,,True,37.17865586280823,889.0664842290618,48.780166552559514,291.41827493612004,165.92402014648474,129.4163856938012,298.2849527211797,-8.81239525796218e-13,,True,54.66000000000006,52.406666666666695,0.04999999999999211,0.04999999999999276,0.05000000000000542,0.050000000000010605,0.04999999999999669,62.629199999999905,77.31999999999992,76.00000000000027,71.1999999999997,71.19999999999985,0.05000000000036664,6.849999999999618,71.1999999999999,71.32999999999942,84.92000000000016,96.77999999999979,96.78000000000009,96.99999999999974,97.01999999999956,97.08000000000031,97.6300000000002,97.08000000000027,19.354634146341336,18.667642276422832,2.705243902439114,2.7052439024387556,2.705243902439315,2.7052439024387187,68.9965714285716,68.99657142857146,68.99657142857147,68.9965714285714,24.39731707317052,24.397317073169784,2.6900000000000808,4.778414634146739,24.397317073170292,24.43695121951257,28.580243902439204,68.99657142857149,68.99657142857144,68.99657142857129,68.99657142857164,68.99657142857147,68.99657142857139,45.99771428571317,2.6377418758799993,2.531063408500453,0.05236712575570889,0.05236712575547889,0.052367125755451355,0.05236712575546269,0.0,4.275372885360305,3.9591298806621484,3.8923935712663864,4.4400256009918415,4.59473764037548,0.05000000000003472,0.46687485419226576,4.137460326863781,4.144923386449335,4.925100153894669,5.0,5.000000000000018,4.9541075843794316,4.955118740582647,4.784298461384229,4.811120300627744,5.274604145393423,,,
export_cap_020,18,True,False,1.5,1,0.8,1,700,3.28,50,10,3.3333333333333335,0.2,0.2,0.2,1,6,0.0,1.0,1.0,0.25,0.25,0.25,3.0,0.0,0.0,0.2,0.2,0.2,19,0.13938045501708984,1137.2771177255613,-10.321439582847347,299.77581817982093,74.53510237799685,145.93283149516088,259.935847283622,10.321439582847347,['u2'],False,55.698498487472534,1132.1121590647942,-0.49522393171463364,301.09555620867604,77.26530006372502,137.2216387902149,259.9358472836193,0.49522393171463364,['u2'],False,80.35390946502082,78.61000000000051,78.61000000000237,78.6100000000016,78.60999999999655,78.61000000000666,53.159999999999904,62.589086657778765,61.80716056624323,61.80716056624343,71.20000000000205,71.19999999999858,2.0824507807622538e-14,6.8500000000001275,71.1999999999972,71.33000000000247,84.91999999999767,93.18135374707734,93.18135374707748,93.18135374707755,93.18135374707752,65.08666666666687,65.08666666666663,65.0866666666666,27.18814312957988,26.656463414635677,26.656463414632633,26.656463414634665,26.656463414635148,26.656463414634747,68.99657142857149,68.99657142857143,68.99657142857143,68.9965714285715,24.39731707317614,24.397317073165176,2.6899999999987596,4.778414634148827,24.397317073167276,24.436951219511467,28.58024390243971,68.99657142857119,68.99657142857149,68.9965714285714,68.99657142857137,68.99657142857141,68.99657142857139,45.997714285719134,3.9686175313809,3.883572332606277,3.8835723326063785,3.8835723326063403,4.3753264367570495,4.024349455753735,0.0,3.0131247807797323,2.9761064329768234,3.333333333333339,4.38306417788028,4.59473764037552,0.04999999999999726,0.4668748541921342,3.8571051917294326,4.1449233864497845,4.925100153894486,4.999999999999991,4.999999999999985,4.761045192101028,4.761045192101025,3.333333333333337,3.333333333333337,3.4991515109000084,0.0,[],True
export_cap_020,19,True,False,1.5,1,0.8,1,700,3.28,50,10,3.3333333333333335,0.2,0.2,0.2,1,6,0.0,1.0,1.0,0.25,0.25,0.25,3.0,0.0,0.0,0.2,0.2,0.2,20,0.15676188468933105,1116.3512365555468,-3.1660285886530417,318.15049663641173,157.10625887496838,181.1051024606872,278.29690473980213,3.1660285886530417,['u2'],False,104.38300275802612,1122.3087132241278,8.431642429408093,316.56216369953245,153.877949354512,168.28804753449015,278.37545443669296,-0.0,,True,54.66000000000071,52.406666666666084,52.40666666666643,52.4066666666663,52.40666666666669,62.58908665777871,52.40666666666623,62.5890866577779,62.58908665777844,75.99999999999932,71.2000000000002,71.19999999999995,0.05000000000006821,6.849999999999966,71.19999999999968,71.32999999999961,62.58908665777895,64.51999999999991,77.2704773552802,77.27047735528035,77.27047735528032,65.0866666666667,77.27047735528039,77.27047735528072,19.35463414634164,18.66764227642264,18.667642276422683,18.667642276422768,18.66764227642273,21.772038615177017,68.99657142857168,68.99657142857154,68.99657142857137,68.99657142857144,24.39731707317099,24.397317073170885,2.6899999999996425,4.77841463414566,24.39731707317081,24.436951219511833,21.772038615176704,68.99657142857083,68.99657142857134,68.99657142857153,68.99657142857149,68.99657142857144,68.9965714285714,45.997714285714046,2.63774187588014,2.531063408500217,2.5310634085002808,2.5310634085001373,2.531063408500226,3.0131247807797523,0.0,3.0131247807796364,3.013124780779736,3.892393571266413,4.418376031832137,4.594737640375593,0.050000000000002834,0.4668748541921093,4.137460326864087,4.144923386449595,3.6431237164091748,3.47744537567973,4.154778987723472,3.9566261241923497,3.956626124192379,3.3406393365153186,3.818247857988592,4.095004390396201,,,
export_cap_020,20,True,False,1.5,1,0.8,1,700,3.28,50,10,3.3333333333333335,0.2,0.2,0.2,1,6,0.0,1.0,1.0,0.25,0.25,0.25,3.0,0.0,0.0,0.2,0.2,0.2,21,0.14527440071105957,1051.1415317688013,-7.792509017613938,302.42476494362563,132.77678654956753,142.44820992134754,274.01682203513565,7.792509017613938,['u2'],False,52.51804780960083,1045.8931629164156,6.858461841301406,303.200052606332,135.2667386643609,129.41638569380058,274.3808044786533,-0.0,,True,79.59472421027512,66.18414001943405,42.44939999999985,42.44940000000029,52.40666666666672,52.40666666666694,0.0499999999999431,53.1599999999997,62.589086657777735,75.99999999999977,71.20000000000007,71.2,0.049999999999613465,6.8499999999998735,71.19999999999979,71.33000000000006,84.92000000000024,96.78000000000002,96.77999999999994,97.00000000000037,97.01999999999981,66.18414001943509,66.18414001943374,66.18414001943393,26.95668421044858,22.868091469340236,15.63189024390336,15.631890243902388,18.66764227642291,18.667642276421905,68.99657142857106,68.99657142857146,68.9965714285714,68.99657142857149,24.397317073170676,24.397317073170594,2.690000000000668,4.778414634146674,24.397317073169987,24.43695121951265,28.580243902439705,68.9965714285714,68.99657142857129,68.99657142857143,68.99657142857144,68.99657142857149,68.99657142857147,45.99771428571555,3.3333333333332478,3.183323648873023,2.0596613608851664,2.0596613608852454,2.5310634085002577,2.531063408500222,0.0,2.6335778090444015,3.0131247807796275,3.8923935712664646,4.440025600991586,4.594737640375562,0.0499999999999829,0.4668748541920689,4.1374603268640815,4.144923386449674,4.925100153894586,4.999999999999994,5.000000000000014,4.954107584379548,4.955118740582536,3.1833236488730603,3.183323648873057,3.183323648872988,,,
export_cap_020,21,True,False,1.5,1,0.8,1,700,3.28,50,10,3.3333333333333335,0.2,0.2,0.2,1,6,0.0,1.0,1.0,0.25,0.25,0.25,3.0,0.0,0.0,0.2,0.2,0.2,22,0.13360309600830078,1161.696960435175,-9.262317510797878,329.97212907290736,175.52880498050683,194.62062070127644,275.64929003751865,9.262317510797878,['u2'],False,76.07553386688232,1155.1497339614116,2.652382407726158,330.0357024434022,178.17425448641438,185.6975158922981,276.49589852533404,-0.0,,True,64.69958847736605,64.69958847736629,52.40666666666671,52.406666666666695,62.58908665777872,62.58908665777864,52.40666666666691,62.589086657778985,62.58908665777858,71.20000000000026,71.20000000000017,71.20000000000041,7.592687223929709e-14,6.849999999999889,64.69958847736606,64.69958847736596,64.69958847736619,64.5200000000001,64.69958847736605,64.66666666666657,64.68000000000002,62.589086657777294,60.478584838192226,64.6995884773661,22.415484291879764,22.415484291879935,18.667642276422455,18.667642276423013,21.772038615176378,21.772038615176506,68.99657142857119,68.99657142857133,68.99657142857153,68.99657142857139,24.397317073171216,24.397317073170715,2.6900000000008886,4.778414634146493,22.415484291879796,22.415484291879665,22.415484291880112,68.9965714285718,68.99657142857154,68.99657142857137,68.99657142857141,68.9965714285715,68.99657142857139,45.997714285715205,3.1130412450620155,3.1130412450619898,2.5310634085002404,2.5310634085002346,3.0131247807797874,3.0131247807797013,0.0,3.0131247807797985,3.0131247807797807,3.649716082554931,4.462240605408703,4.594737640375661,0.049999999999998886,0.46687485419212077,3.7642837228323662,3.7642837228323813,3.764283722832404,3.4774453756797534,3.4869855135637158,3.3333333333333206,3.3333333333333512,3.013124780779708,2.913208316497534,3.113041245061938,,,
export_cap_020,22,True,False,1.5,1,0.8,1,700,3.28,50,10,3.3333333333333335,0.2,0.2,0.2,1,6,0.0,1.0,1.0,0.25,0.25,0.25,3.0,0.0,0.0,0.2,0.2,0.2,23,0.1388380527496338,1066.8098214714112,0.7282168819827959,323.78901314750294,170.79539913372867,179.48098999268063,278.23155279947366,-0.0,,True,84.4553894996643,1061.084045447988,10.55420708652553,325.179466486039,173.8188274192779,170.9668941874753,278.2315527994741,-3.2015709527932756e-13,,True,54.660000000000316,52.40666666666736,52.4066666666667,52.40666666666627,52.406666666665224,52.40666666666625,52.406666666666496,61.56000000000215,75.99999999999993,76.00000000000023,71.19999999999989,71.20000000000019,2.1316282072803006e-14,6.8500000000002,71.19999999999993,71.32999999999986,71.3299999999983,71.32999999999724,71.32999999999831,64.66666666666777,64.68000000000043,65.08666666666888,57.960593306668116,64.71999999999987,19.35463414634143,18.667642276423464,18.667642276423088,18.667642276422523,18.66764227642245,18.667642276422665,68.99657142857116,68.99657142857195,68.99657142857161,68.99657142857068,24.397317073170047,24.397317073170818,2.689999999999952,4.778414634146377,24.39731707317053,24.436951219512228,24.436951219511805,68.99657142857191,68.99657142857157,68.99657142857161,68.99657142857133,68.99657142857103,68.99657142857092,45.997714285714444,2.637741875880119,2.5310634085002697,2.531063408500196,2.5310634085002466,2.5310634085001418,2.531063408500203,0.0,3.4405556471123355,3.8923935712664544,3.892393571266494,4.383064177880043,4.594737640375627,0.04999999999999466,0.46687485419202274,4.12109588682717,4.14492338644959,4.144923386449551,3.8392076665721113,3.839207666571996,3.3333333333332527,3.333333333333432,3.1313665000876547,2.7940002643710398,3.1140075778807366,,,
export_cap_020,23,True,False,1.5,1,0.8,1,700,3.28,50,10,3.3333333333333335,0.2,0.2,0.2,1,6,0.0,1.0,1.0,0.25,0.25,0.25,3.0,0.0,0.0,0.2,0.2,0.2,24,0.13650226593017578,528.7383666812605,58.59115412451682,304.9784392098559,222.39851603623703,144.06643927958453,309.48615257738965,6.032484997642307e-09,,True,40.1491014957428,528.7383666812609,68.65508485216743,304.9784392098558,222.39851603623674,134.00250855193383,309.4861525773896,-0.0,,True,0.050000000000274776,0.05000000000043883,0.04999999999994782,0.049999999999956746,0.061728395061601146,0.06172839506235165,0.04999999999984876,53.160000000000345,57.67199999999984,61.80716056624325,71.19999999999993,71.20000000000012,0.04999999999940741,6.85000000000008,71.19999999999992,71.32999999999994,84.92000000000004,96.77999999999996,96.78000000000011,96.99999999999976,97.02000000000005,97.62999999999997,97.63000000000002,97.07999999999996,2.7052439024387565,2.7052439024396158,2.7052439024390114,2.705243902439466,2.708819632640957,2.70881963264124,68.9965714285714,68.99657142857143,68.99657142857129,68.99657142857112,24.39731707317073,24.397317073170857,2.690000000000014,4.778414634145556,24.39731707317106,24.43695121951214,28.580243902438486,68.996571428572,68.99657142857161,68.99657142857134,68.99657142857129,68.99657142857147,68.99657142857123,45.99771428571423,0.052367125755416126,0.05236712575553721,0.05236712575548429,0.052367125755464344,0.05292237747594284,0.0529223774759427,0.0,3.7356012306999435,2.780337531389687,3.333333333333319,4.383064177880199,4.594737640375649,0.050000000000004784,0.46687485419208463,4.01109935374412,4.144923386449608,4.925100153894554,4.999999999999988,4.9999999999999964,4.954107584379567,4.955118740582559,4.811120300627766,5.302866854374148,4.78429846138426,,,
export_cap_020,24,True,False,1.5,1,0.8,1,700,3.28,50,10,3.3333333333333335,0.2,0.2,0.2,1,6,0.0,1.0,1.0,0.25,0.25,0.25,3.0,0.0,0.0,0.2,0.2,0.2,25,0.13187646865844727,913.547861899729,-8.479680282465246,309.8191334727062,89.94068335972827,170.45484276874436,260.6382661625472,8.479680282465246,['u2'],False,82.850017786026,913.5478618997083,-0.2638666998368322,309.81913347272734,89.94068335974134,162.23902918611844,260.63826616253095,0.2638666998368322,['u2'],False,81.98999999999981,78.61000000000898,78.60999999998941,78.61000000000082,78.6100000000009,78.61000000000048,78.60999999999271,79.73999999999987,77.31999999999994,76.00000000000009,71.20000000000051,71.19999999999953,0.050000000003109335,6.849999999999071,71.19999999999969,71.32999999999791,78.61000000000327,78.60999999999076,78.6100000000014,64.66666666666687,64.68000000000006,63.67409999998647,63.674099999997544,63.674099999995825,27.68695121951372,26.656463414638473,26.656463414633087,26.65646341463188,26.65646341463685,26.656463414636217,68.99657142857134,68.99657142857139,68.99657142857146,68.99657142857144,24.397317073170342,24.397317073168786,2.690000000002279,4.778414634150418,24.39731707317462,24.436951219511514,26.656463414637486,68.99657142857171,68.99657142857134,68.99657142857137,68.99657142857133,68.99657142857161,68.99657142857122,45.99771428572859,4.048404726502756,3.883572332606641,3.883572332605784,3.883572332606289,4.3753264367572395,4.024349455753412,0.0,4.081479781220901,3.9591298806621467,3.892393571266426,4.383064177879943,4.59473764037548,0.0500000000000524,0.4668748541922656,4.051991565473681,4.144923386449807,4.5628547232417,4.225937398979441,4.225937398979879,3.333333333333338,3.3333333333334205,3.064492041327088,3.064492041327798,3.4697896688021155,0.0,[],True
export_cap_020,25,True,False,1.5,1,0.8,1,700,3.28,50,10,3.3333333333333335,0.2,0.2,0.2,1,6,0.0,1.0,1.0,0.25,0.25,0.25,3.0,0.0,0.0,0.2,0.2,0.2,26,0.14222025871276855,945.9824670885004,3.1075208202432307,281.2395074564459,85.63213017640066,142.4482099213476,279.71444308366256,13.63729829964317,"['u1', 'u2', 'u3', 'u4', 'u6']",True,39.28706955909729,945.9824670885013,16.139345047789988,281.2395074564457,85.63213017640021,129.41638569380063,279.71444308366245,0.6054740720967333,"['u1', 'u2', 'u3', 'u4', 'u6']",True,42.449400000000104,42.449400000000054,42.44940000000013,52.40666666666677,52.40666666666676,52.40666666666687,42.44940000000006,71.19999999999976,77.31999999999994,75.99999999999994,71.19999999999973,71.20000000000014,6.394884621840902e-14,6.849999999999682,71.19999999999978,71.32999999999996,84.92000000000056,96.7800000000001,96.77999999999972,96.99999999999937,97.0200000000006,97.0200000000001,97.02000000000051,97.02000000000052,15.63189024390254,15.631890243902278,15.631890243902495,18.667642276422576,18.66764227642273,18.667642276422917,68.99657142857161,68.99657142857149,68.99657142857134,68.9965714285715,24.397317073170818,24.39731707317077,2.690000000000009,4.7784146341460545,24.397317073170758,24.436951219512196,28.580243902439015,68.99657142857127,68.99657142857134,68.99657142857146,68.99657142857139,68.99657142857144,68.9965714285714,45.99771428571453,2.059661360885184,2.0596613608851957,2.059661360885199,2.5310634085002053,2.5310634085001955,2.5310634085002515,0.0,4.029631945411969,3.8206629278351407,3.892393571266545,4.440025600991363,4.594737640375808,0.05000000000001933,0.4668748541921854,4.137460326863992,4.144923386449516,4.925100153894529,4.999999999999985,4.999999999999983,4.954107584379599,4.95511874058253,4.781372442557739,4.781372442557664,5.270708933272308,0.0,[],True
export_cap_020,26,True,False,1.5,1,0.8,1,700,3.28,50,10,3.3333333333333335,0.2,0.2,0.2,1,6,0.0,1.0,1.0,0.25,0.25,0.25,3.0,0.0,0.0,0.2,0.2,0.2,27,0.15091872215270996,1194.9269375536453,-10.924054426736745,285.36309444831585,87.7797410671526,143.616737353504,270.74260087303946,10.924054426736745,['u2'],False,57.25247859954834,1186.7376189110837,3.054332948172771,285.9356500378434,92.23114426061147,131.50222897567897,272.0440817355303,-0.0,,True,81.99000000000044,66.18414001943606,52.406666666669864,52.40666666666584,52.406666666667405,52.406666666666084,0.05000000000027983,53.1599999999986,57.67199999999944,71.19999999999881,71.20000000000046,71.19999999999935,0.0500000000001819,6.850000000000453,71.19999999999968,71.3299999999998,84.92,96.7800000000002,96.77999999999979,97.00000000000037,97.01999999999978,97.0000000000018,97.00000000000028,96.99999999999943,27.686951219512085,22.86809146934025,18.66764227642354,18.667642276422388,18.667642276422725,18.66764227642251,68.99657142857146,68.99657142857126,68.9965714285714,68.9965714285715,24.397317073170395,24.397317073170544,2.6899999999999364,4.778414634146388,24.397317073170683,24.4369512195121,28.580243902439978,68.9965714285716,68.99657142857119,68.99657142857163,68.99657142857147,68.99657142857151,68.99657142857139,45.99771428571265,3.3333333333333344,3.18332364887313,2.5310634085003616,2.531063408499912,2.531063408500275,2.531063408500472,0.0,2.633577809044574,2.780337531389591,3.522209007525319,4.425304481481449,4.59473764037554,0.04999999999999353,0.4668748541920414,4.137460326864192,4.14492338644965,4.925100153894555,5.000000000000011,5.000000000000011,4.954107584379599,4.955118740582617,4.780397102948936,4.78039710294894,4.885901540788784,,,
export_cap_020,27,True,False,1.5,1,0.8,1,700,3.28,50,10,3.3333333333333335,0.2,0.2,0.2,1,6,0.0,1.0,1.0,0.25,0.25,0.25,3.0,0.0,0.0,0.2,0.2,0.2,28,0.12394475936889648,453.4514069109583,-13.639178187389476,289.04608631823453,41.3507555592783,142.44820992134754,259.76448364972407,13.639178187389476,['u2'],False,333.6257166862488,453.4514069109588,-0.6073539598423281,289.0460863182332,41.350755559278014,129.41638569380024,259.7644836497253,0.6073539598423281,['u2'],False,81.9899999999999,78.6099999999998,78.61000000000004,78.61000000000023,78.61000000000013,78.61000000000003,79.73999999999955,79.73999999999985,77.31999999999978,76.00000000000006,71.19999999999999,71.19999999999996,2.838351986062481e-13,6.850000000000309,71.20000000000039,71.32999999999934,84.92000000000004,96.77999999999997,96.77999999999994,97.00000000000004,97.02000000000059,65.08666666666666,65.08666666666666,64.72000000000004,27.68695121951195,26.6564634146337,26.656463414633777,26.65646341463422,26.65646341463403,26.656463414634082,68.99657142857129,68.99657142857143,68.99657142857139,68.99657142857136,24.397317073170196,24.397317073170637,2.6900000000002633,4.778414634146522,24.39731707317061,24.43695121951211,28.58024390243875,68.99657142857181,68.99657142857,68.99657142857143,68.99657142857143,68.99657142857146,68.9965714285714,45.99771428571448,4.048404726502851,4.024349455753375,4.024349455753447,3.883572332606265,4.1651265789004865,4.02434945575337,0.0,4.219946734047956,0.0,3.892393571266468,4.440025600991529,4.594737640375598,0.04999999999999572,0.46687485419207353,4.137460326864079,4.1449233864496495,4.92510015389459,5.000000000000131,4.99999999999988,4.9541075843796,4.955118740582576,3.3333333333332704,3.333333333333237,3.483543606709908,0.0,[],True
export_cap_020,28,True,False,1.5,1,0.8,1,700,3.28,50,10,3.3333333333333335,0.2,0.2,0.2,1,6,0.0,1.0,1.0,0.25,0.25,0.25,3.0,0.0,0.0,0.2,0.2,0.2,29,0.17206144332885742,1183.4087865598196,-14.20747066236212,327.5254877713036,157.93716260561098,188.00339352197722,270.30526569698714,14.20747066236212,['u2'],False,78.43419671058655,1144.9035252403344,-0.6079034012745765,330.1320524353699,175.50090072221292,187.45712131652192,275.58692918017175,0.6079034012745765,['u2'],False,65.62962962962922,65.62962962962898,59.54854368593563,62.58908665778774,62.58908665776411,59.548543685927115,53.159999999999,59.54854368592014,62.58908665777929,73.51672059990155,71.19999999999959,71.20000000000077,1.666222715357435e-12,6.849999999999966,65.629629629629,57.19280791471366,65.62962962962901,65.62962962962906,65.62962962962916,64.66666666666681,64.67999999999995,65.08666666666655,65.0866666666664,53.15999999999947,22.699033423668126,22.69903342366789,20.845043806687777,21.772038615179046,21.772038615172267,20.845043806685467,68.9965714285708,68.99657142857143,68.99657142857143,68.9965714285715,24.39731707317057,24.39731707317023,2.6899999999998006,4.778414634146496,22.69903342366792,20.12683168131489,22.699033423667487,68.99657142857146,68.99657142857143,68.9965714285714,68.9965714285715,68.99657142857147,68.99657142857139,45.997714285714856,3.1570717323652993,3.1570717323661603,2.8691778291945025,3.0131247807809673,3.013124780779125,2.869177829194059,0.0,2.869177829194433,3.0131247807801604,3.766844402810776,4.4192001631334,4.594737640375102,0.05000000000002926,0.4668748541916396,3.817675665419752,3.3333333333336386,3.81767566542003,3.53639136053424,3.5363913605342625,3.3333333333337336,3.33333333333292,3.1313665000874784,3.1313665000874407,2.5667281032159663,0.0,[],True
export_cap_020,29,True,False,1.5,1,0.8,1,700,3.28,50,10,3.3333333333333335,0.2,0.2,0.2,1,6,0.0,1.0,1.0,0.25,0.25,0.25,3.0,0.0,0.0,0.2,0.2,0.2,30,0.1487126350402832,1008.7558574204465,53.26532550026739,350.4042630878638,315.92265935736805,194.12736586606138,308.22631144567697,-8.912315330178444e-13,,True,51.545291900634766,1007.0008436061343,58.90636618189908,350.799534857706,316.7307773661939,189.03794922007307,308.22631144567777,-5.787800794188058e-13,,True,54.660000000000416,0.05000000000007382,0.04999999999986952,0.049999999999977396,0.05000000000005499,0.05000000000009177,0.049999999999794396,53.15999999999986,57.67200000000009,67.3269762352081,71.19999999999897,71.19999999999997,0.050000000000031165,6.85000000000031,65.08666666666575,65.08666666666605,65.08666666666609,65.08666666666595,65.08666666666566,64.6666666666671,64.68000000000019,65.08666666666659,65.0866666666667,44.27460000000008,19.354634146341315,2.7052439024388746,2.7052439024385326,2.705243902439204,2.705243902439167,2.705243902438965,68.99657142856924,68.99657142857095,68.99657142857116,68.9965714285711,24.397317073170143,24.397317073170743,2.69000000000004,4.778414634146621,22.533495934958854,22.533495934959006,22.53349593495896,68.99657142857227,68.9965714285715,68.99657142857092,68.99657142857137,68.99657142857251,68.99657142857112,45.99771428571419,2.637741875880109,0.052367125755476515,0.052367125755511314,0.05236712575546675,0.0523671257555105,0.05236712575547487,0.0,3.7357242816422196,2.780337531389578,3.3333333333333304,4.383064177880072,4.5947376403756115,0.04999999999999748,0.4668748541921354,3.5785197154558697,3.7865051658402074,3.7865051658401883,3.5075479647407324,3.5075479647407293,3.333333333333343,3.3333333333333224,3.131366500087418,3.13136650008755,2.14607091946285,,,
export_cap_020,30,True,False,1.5,1,0.8,1,700,3.28,50,10,3.3333333333333335,0.2,0.2,0.2,1,6,0.0,1.0,1.0,0.25,0.25,0.25,3.0,0.0,0.0,0.2,0.2,0.2,31,0.14192581176757812,954.38321630594,48.54189183118855,302.57714441913026,202.60430719840508,144.06643927958459,303.7687743477726,4.09461353712004e-12,,True,41.10455298423767,954.3832163059465,58.60582255883925,302.5771444191299,202.60430719840167,134.0025085519327,303.7687743477711,-1.4477932741563393e-12,,True,54.66000000000192,0.05000000000226719,0.050000000000007316,0.04999999999756676,0.04999999999960251,0.049999999999185724,0.049999999999751195,53.160000000008154,57.67200000000564,61.807160566243525,71.20000000000027,71.19999999999979,0.05000000000230095,6.8499999999999375,71.20000000000016,71.3300000000002,84.91999999999987,96.77999999999987,96.77999999999975,96.99999999999996,97.0199999999997,96.99999999999325,97.00000000000034,97.00000000000148,19.354634146342008,2.7052439024398685,2.705243902439719,2.705243902438835,2.705243902438736,2.705243902438921,68.99657142857112,68.99657142857143,68.99657142857156,68.99657142857139,24.397317073171383,24.39731707317112,2.6900000000003916,4.778414634146632,24.39731707316985,24.436951219511204,28.580243902439545,68.99657142857079,68.99657142857123,68.99657142857161,68.99657142857143,68.99657142857167,68.99657142857174,45.997714285715524,2.6377418758801516,0.052367125755582555,0.05236712575547079,0.05236712575541087,0.05236712575544328,0.05236712575541087,0.0,3.735724281642704,2.7803375313898444,3.3333333333333335,4.3830641778801525,4.5947376403756,0.05000000000000314,0.4668748541921417,4.011099353744207,4.144923386449667,4.925100153894628,5.00000000000001,5.000000000000002,4.954107584379572,4.955118740582537,4.780397102948477,5.269632720340253,4.780397102948939,,,
