scenario,run_id,use_korean_price,use_tou_elec,import_factor,month,hp_cap,els_cap,num_households,nu_cop,c_su_G,c_su_H,base_h2_price_eur,e_E_cap_ratio,e_H_cap_ratio,e_G_cap_ratio,eff_type,segments,peak_penalty_ratio,wind_el_ratio,solar_el_ratio,storage_power_ratio_E,storage_power_ratio_G,storage_power_ratio_H,storage_capacity_ratio_E,storage_capacity_ratio_G,storage_capacity_ratio_H,initial_soc_ratio_E,initial_soc_ratio_G,initial_soc_ratio_H,day,solve_time_ip,profit_ip_u1,profit_ip_u2,profit_ip_u3,profit_ip_u4,profit_ip_u5,profit_ip_u6,violation_ip,blocking_coalition_ip,solve_time_chp,profit_chp_u1,profit_chp_u2,profit_chp_u3,profit_chp_u4,profit_chp_u5,profit_chp_u6,violation_chp,blocking_coalition_chp,chp_price_electricity_0,chp_price_electricity_1,chp_price_electricity_2,chp_price_electricity_3,chp_price_electricity_4,chp_price_electricity_5,chp_price_electricity_6,chp_price_electricity_7,chp_price_electricity_8,chp_price_electricity_9,chp_price_electricity_10,chp_price_electricity_11,chp_price_electricity_12,chp_price_electricity_13,chp_price_electricity_14,chp_price_electricity_15,chp_price_electricity_16,chp_price_electricity_17,chp_price_electricity_18,chp_price_electricity_19,chp_price_electricity_20,chp_price_electricity_21,chp_price_electricity_22,chp_price_electricity_23,chp_price_heat_0,chp_price_heat_1,chp_price_heat_2,chp_price_heat_3,chp_price_heat_4,chp_price_heat_5,chp_price_heat_6,chp_price_heat_7,chp_price_heat_8,chp_price_heat_9,chp_price_heat_10,chp_price_heat_11,chp_price_heat_12,chp_price_heat_13,chp_price_heat_14,chp_price_heat_15,chp_price_heat_16,chp_price_heat_17,chp_price_heat_18,chp_price_heat_19,chp_price_heat_20,chp_price_heat_21,chp_price_heat_22,chp_price_heat_23,chp_price_hydrogen_0,chp_price_hydrogen_1,chp_price_hydrogen_2,chp_price_hydrogen_3,chp_price_hydrogen_4,chp_price_hydrogen_5,chp_price_hydrogen_6,chp_price_hydrogen_7,chp_price_hydrogen_8,chp_price_hydrogen_9,chp_price_hydrogen_10,chp_price_hydrogen_11,chp_price_hydrogen_12,chp_price_hydrogen_13,chp_price_hydrogen_14,chp_price_hydrogen_15,chp_price_hydrogen_16,chp_price_hydrogen_17,chp_price_hydrogen_18,chp_price_hydrogen_19,chp_price_hydrogen_20,chp_price_hydrogen_21,chp_price_hydrogen_22,chp_price_hydrogen_23,isimp_ip,isimp_chp
community_size,0,True,False,1.5,1,0.8,1,350,3.28,50,10,3.333333333,1,1,1,1,6,0,1,1,0.25,0.25,0.25,3,0,0,0.2,0.2,0.2,1,0.658979893,1186.340085,214.340126,539.1784666,0,0,0,4.67e-06,"['u1', 'u2', 'u3']",47.46709418,1171.865285,223.1131364,544.880256,0,0,0,7.91e-10,,65.08666667,65.08666667,65.08666667,64.50863505,64.94215876,57.672,53.16,57.672,61.80716057,61.80716057,71.2,71.2,0.05,6.85,57.19280791,57.19280791,57.19280791,64.52,64.52,64.66666667,64.68,65.08666667,65.08666667,64.72,45.99771429,45.99771429,45.99771429,45.99771429,45.99771429,45.99771429,68.99657143,45.99771429,45.99771429,45.99771429,45.99771429,45.99771429,45.99771429,45.99771429,45.99771429,45.99771429,45.99771429,45.99771429,45.99771429,45.99771429,68.99657143,68.99657143,45.99771429,45.99771429,3.333333333,3.333333333,3.333333333,3.333333333,3.333333333,3.333333333,3.333333333,3.333333333,3.333333333,3.333333333,4.383064178,4.59473764,3.333333333,3.333333333,3.333333333,3.333333333,3.333333333,3.477445376,3.477445376,3.333333333,3.333333333,3.333333333,3.333333333,3.333333333,True,True
community_size,1,True,False,1.5,1,0.8,1,350,3.28,50,10,3.333333333,1,1,1,1,6,0,1,1,0.25,0.25,0.25,3,0,0,0.2,0.2,0.2,2,0.126260281,1173.642957,203.0482309,512.1872781,0,0,0,0.0,,61.28913689,1170.59665,205.3076482,512.9741675,0,0,0,3.55e-13,,57.19280791,57.19280791,57.19280791,57.19280791,57.19280791,53.16,53.16,53.16,57.19280791,57.19280791,70.60840483,70.60840483,0.05,6.85,57.19280791,57.19280791,57.19280791,93.18135375,96.78,97.0,97.02,97.0,97.0,97.0,45.99771429,45.99771429,45.99771429,45.99771429,45.99771429,45.99771429,68.99657143,45.99771429,45.99771429,45.99771429,45.99771429,45.99771429,45.99771429,45.99771429,45.99771429,45.99771429,45.99771429,45.99771429,45.99771429,45.99771429,68.99657143,68.99657143,45.99771429,45.99771429,3.333333333,3.333333333,3.333333333,3.333333333,3.333333333,3.333333333,3.333333333,3.333333333,3.333333333,3.333333333,4.34706109,4.556975775,3.333333333,3.333333333,3.333333333,3.333333333,3.333333333,5.0,5.0,4.954107584,4.955118741,3.333333333,3.333333333,5.0,True,True
community_size,2,True,False,1.5,1,0.8,1,350,3.28,50,10,3.333333333,1,1,1,1,6,0,1,1,0.25,0.25,0.25,3,0,0,0.2,0.2,0.2,3,0.13677597,953.5247107,215.1018228,520.2626487,0,0,0,1.49e-13,,82.31992579,954.1846441,215.1018228,519.6027152,0,0,0,-6.61e-13,,78.61,78.61,78.61,78.61,78.61,78.61,63.6741,76.0,64.94215876,76.0,71.2,71.2,0.05,6.85,61.80716057,57.19280791,57.19280791,64.52,64.52,64.66666667,64.68,65.08666667,65.08666667,64.72,45.99771429,45.99771429,45.99771429,45.99771429,45.99771429,45.99771429,68.99657143,45.99771429,45.99771429,45.99771429,45.99771429,45.99771429,45.99771429,45.99771429,45.99771429,45.99771429,45.99771429,45.99771429,45.99771429,45.99771429,68.99657143,68.99657143,45.99771429,45.99771429,3.880192187,3.333333333,3.333333333,4.377613965,3.333333333,3.333333333,5.0,3.333333333,3.333333333,3.892393571,4.383064178,4.59473764,3.333333333,3.333333333,3.333333333,3.333333333,3.333333333,3.477445376,3.477445376,3.333333333,3.333333333,3.333333333,3.333333333,3.333333333,True,True
community_size,3,True,False,1.5,1,0.8,1,350,3.28,50,10,3.333333333,1,1,1,1,6,0,1,1,0.25,0.25,0.25,3,0,0,0.2,0.2,0.2,4,0.161755085,1171.575294,235.7872348,550.610578,0,0,0,1.07e-13,,76.39057708,1168.467182,237.9654923,551.5404326,0,0,0,-1.11e-14,,54.66,53.95104336,53.95104336,53.95104336,57.19280791,53.95104336,53.16,53.95104336,61.80716057,67.32697624,71.2,71.2,0.05,6.85,61.80716057,61.80716057,65.08666667,65.08666667,65.08666667,64.94215876,64.94215876,65.08666667,65.08666667,64.72,45.99771429,45.99771429,45.99771429,45.99771429,45.99771429,45.99771429,68.99657143,45.99771429,45.99771429,45.99771429,45.99771429,45.99771429,45.99771429,45.99771429,45.99771429,45.99771429,45.99771429,45.99771429,45.99771429,45.99771429,68.99657143,68.99657143,45.99771429,45.99771429,3.333333333,3.333333333,3.333333333,3.333333333,3.333333333,3.333333333,3.333333333,3.333333333,3.333333333,3.333333333,4.383064178,4.59473764,3.333333333,3.333333333,3.333333333,3.333333333,3.507547965,3.507547965,3.507547965,3.333333333,3.333333333,3.333333333,3.333333333,3.333333333,True,True
community_size,4,True,False,1.5,1,0.8,1,350,3.28,50,10,3.333333333,1,1,1,1,6,0,1,1,0.25,0.25,0.25,3,0,0,0.2,0.2,0.2,5,0.462240458,1165.607174,202.0564191,532.0804265,0,0,0,3.13e-13,,50.08869839,1146.856609,213.3131127,539.5742976,0,0,0,0.0,,65.08666667,64.79765086,65.08666667,65.08666667,64.65314295,61.80716057,53.16,61.80716057,64.94215876,61.80716057,71.2,71.2,0.05,6.85,65.08666667,65.08666667,57.19280791,64.52,64.52,64.66666667,64.68,65.08666667,65.08666667,64.72,45.99771429,45.99771429,45.99771429,45.99771429,45.99771429,45.99771429,68.99657143,45.99771429,45.99771429,45.99771429,45.99771429,45.99771429,45.99771429,45.99771429,45.99771429,45.99771429,45.99771429,45.99771429,45.99771429,45.99771429,68.99657143,68.99657143,45.99771429,45.99771429,3.333333333,3.333333333,3.333333333,3.333333333,3.333333333,3.333333333,3.333333333,3.333333333,3.333333333,3.333333333,4.383064178,4.59473764,3.333333333,3.333333333,3.507547965,3.507547965,3.333333333,3.477445376,3.477445376,3.333333333,3.333333333,3.333333333,3.333333333,3.333333333,True,True
community_size,5,True,False,1.5,1,0.8,1,350,3.28,50,10,3.333333333,1,1,1,1,6,0,1,1,0.25,0.25,0.25,3,0,0,0.2,0.2,0.2,6,0.141741991,1323.893665,252.2955426,558.2026209,0,0,0,-2.13e-14,,69.55584764,1323.24673,252.7881279,558.3569708,0,0,0,4.26e-13,,54.66,53.95104336,53.95104336,53.95104336,53.95104336,53.16,53.16,53.16,57.19280791,57.19280791,70.60840483,70.60840483,0.05,6.85,57.19280791,57.19280791,61.80716057,64.52,64.52,64.66666667,64.68,65.08666667,65.08666667,64.72,45.99771429,45.99771429,45.99771429,45.99771429,45.99771429,45.99771429,68.99657143,45.99771429,45.99771429,45.99771429,45.99771429,45.99771429,45.99771429,45.99771429,45.99771429,45.99771429,45.99771429,45.99771429,45.99771429,45.99771429,68.99657143,68.99657143,45.99771429,45.99771429,3.333333333,3.333333333,3.333333333,3.333333333,3.333333333,3.333333333,3.333333333,3.333333333,3.333333333,3.333333333,4.34706109,4.556975775,3.333333333,3.333333333,3.333333333,3.333333333,3.333333333,3.477445376,3.477445376,3.333333333,3.333333333,3.333333333,3.333333333,3.333333333,True,True
community_size,6,True,False,1.5,1,0.8,1,350,3.28,50,10,3.333333333,1,1,1,1,6,0,1,1,0.25,0.25,0.25,3,0,0,0.2,0.2,0.2,7,0.17289567,1207.382163,257.5263548,559.6473033,0,0,0,-4.62e-13,,42.17270041,1204.723454,259.3699777,560.4623893,0,0,0,-7.11e-15,,57.19280791,57.19280791,57.19280791,57.19280791,57.19280791,53.16,53.16,53.16,53.95104336,53.95104336,65.62962963,65.62962963,0.05,6.85,53.95104336,53.95104336,57.19280791,64.52,65.08666667,64.94215876,65.08666667,65.08666667,65.08666667,64.72,45.99771429,45.99771429,45.99771429,45.99771429,45.99771429,45.99771429,68.99657143,45.99771429,45.99771429,45.99771429,45.99771429,45.99771429,45.99771429,45.99771429,45.99771429,45.99771429,45.99771429,45.99771429,45.99771429,45.99771429,68.99657143,68.99657143,45.99771429,45.99771429,3.333333333,3.333333333,3.333333333,3.333333333,3.333333333,3.333333333,3.333333333,3.333333333,3.333333333,3.333333333,4.044064567,4.239177642,3.333333333,3.333333333,3.333333333,3.333333333,3.333333333,3.477445376,3.507547965,3.333333333,3.340639337,3.333333333,3.333333333,3.333333333,True,True
community_size,7,True,False,1.5,1,0.8,1,350,3.28,50,10,3.333333333,1,1,1,1,6,0,1,1,0.25,0.25,0.25,3,0,0,0.2,0.2,0.2,8,0.144658327,1302.854649,248.4232087,555.305742,0,0,0,-3.41e-13,,67.50291538,1299.896194,250.5947746,556.0926314,0,0,0,1.08e-08,,65.08666667,65.08666667,61.80716057,57.19280791,57.19280791,53.16,53.16,53.16,53.95104336,53.95104336,65.62962963,65.62962963,0.05,6.85,53.95104336,57.19280791,57.19280791,64.52,64.52,64.66666667,64.68,65.08666667,65.08666667,64.72,45.99771429,45.99771429,45.99771429,45.99771429,45.99771429,45.99771429,68.99657143,45.99771429,45.99771429,45.99771429,45.99771429,45.99771429,45.99771429,45.99771429,45.99771429,45.99771429,45.99771429,45.99771429,45.99771429,45.99771429,68.99657143,68.99657143,45.99771429,45.99771429,3.333333333,3.333333333,3.333333333,3.333333333,3.333333333,3.333333333,3.333333333,3.333333333,3.333333333,3.333333333,4.044064567,4.239177642,3.333333333,3.333333333,3.333333333,3.333333333,3.333333333,3.477445376,3.477445376,3.333333333,3.333333333,3.333333333,3.333333333,3.333333333,True,True
community_size,8,True,False,1.5,1,0.8,1,350,3.28,50,10,3.333333333,1,1,1,1,6,0,1,1,0.25,0.25,0.25,3,0,0,0.2,0.2,0.2,9,0.144247293,1357.315941,250.620406,557.3890155,0,0,0,2.84e-14,,46.01108789,1354.402894,252.7465637,558.1759048,0,0,0,6.39e-14,,57.19280791,57.19280791,57.19280791,57.19280791,57.19280791,53.16,53.16,53.16,57.19280791,57.19280791,65.62962963,65.62962963,0.05,6.85,57.19280791,57.19280791,57.19280791,64.52,64.52,64.66666667,64.68,65.08666667,65.08666667,64.72,45.99771429,45.99771429,45.99771429,45.99771429,45.99771429,45.99771429,68.99657143,45.99771429,45.99771429,45.99771429,45.99771429,45.99771429,45.99771429,45.99771429,45.99771429,45.99771429,45.99771429,45.99771429,45.99771429,45.99771429,68.99657143,68.99657143,45.99771429,45.99771429,3.333333333,3.333333333,3.333333333,3.333333333,3.333333333,3.333333333,3.333333333,3.333333333,3.333333333,3.333333333,4.044064567,4.239177642,3.333333333,3.333333333,3.333333333,3.333333333,3.333333333,3.477445376,3.477445376,3.333333333,3.333333333,3.333333333,3.333333333,3.333333333,True,True
community_size,9,True,False,1.5,1,0.8,1,350,3.28,50,10,3.333333333,1,1,1,1,6,0,1,1,0.25,0.25,0.25,3,0,0,0.2,0.2,0.2,10,0.144809008,960.5947521,206.2523059,528.6481727,0,0,0,0.0,,60.41096592,955.6981732,209.5584482,530.2386092,0,0,0,-7.11e-15,,54.66,53.95104336,57.19280791,57.19280791,61.80716057,64.94215876,53.16,79.74,77.32,76.0,71.2,71.2,57.7773,6.85,71.2,71.33,71.33,71.33,71.33,64.66666667,64.68,65.08666667,65.08666667,64.72,45.99771429,45.99771429,45.99771429,45.99771429,45.99771429,45.99771429,68.99657143,45.99771429,45.99771429,45.99771429,45.99771429,45.99771429,45.99771429,45.99771429,45.99771429,45.99771429,45.99771429,45.99771429,45.99771429,45.99771429,68.99657143,68.99657143,45.99771429,45.99771429,3.333333333,3.333333333,3.333333333,3.333333333,3.333333333,3.333333333,3.333333333,3.333333333,3.333333333,3.892393571,4.383064178,4.59473764,3.333333333,3.333333333,3.832301778,3.839207667,3.839207667,3.839207667,3.839207667,3.333333333,3.333333333,3.333333333,3.333333333,3.333333333,True,True
community_size,10,True,False,1.5,1,0.8,1,350,3.28,50,10,3.333333333,1,1,1,1,6,0,1,1,0.25,0.25,0.25,3,0,0,0.2,0.2,0.2,11,0.139986515,921.5115139,182.5284418,500.7246301,0,0,0,-1.92e-13,,54.45177269,919.9499704,183.5403636,501.2742518,0,0,0,3.33e-14,,54.66,53.95104336,53.95104336,53.95104336,53.95104336,53.16,53.16,53.16,61.80716057,67.32697624,71.2,71.2,0.05,6.85,71.2,71.33,84.92,96.78,96.78,97.0,97.02,97.02,97.02,97.02,45.99771429,45.99771429,45.99771429,45.99771429,45.99771429,45.99771429,68.99657143,45.99771429,45.99771429,45.99771429,45.99771429,45.99771429,45.99771429,45.99771429,45.99771429,45.99771429,45.99771429,45.99771429,45.99771429,45.99771429,68.99657143,68.99657143,45.99771429,45.99771429,3.333333333,3.333333333,3.333333333,3.333333333,3.333333333,3.333333333,3.333333333,3.333333333,3.333333333,3.333333333,4.383064178,4.59473764,3.333333333,3.333333333,3.832301778,3.839207667,4.561138582,5.0,5.0,4.954107584,4.955118741,3.333333333,3.333333333,3.333333333,True,True
community_size,11,True,False,1.5,1,0.8,1,350,3.28,50,10,3.333333333,1,1,1,1,6,0,1,1,0.25,0.25,0.25,3,0,0,0.2,0.2,0.2,12,0.145061255,920.2320458,202.5923386,510.8223904,0,0,0,1.42e-13,,88.28895426,920.2320458,202.5923386,510.8223904,0,0,0,1.42e-13,,78.61,78.61,78.61,78.61,78.61,78.61,63.6741,78.61,77.32,76.0,71.2,71.2,0.05,6.85,71.2,71.33,63.6741,64.52,64.52,64.66666667,64.68,65.08666667,65.08666667,64.72,45.99771429,45.99771429,45.99771429,45.99771429,45.99771429,45.99771429,68.99657143,45.99771429,45.99771429,45.99771429,45.99771429,45.99771429,45.99771429,45.99771429,45.99771429,45.99771429,45.99771429,45.99771429,45.99771429,45.99771429,68.99657143,68.99657143,45.99771429,45.99771429,3.333333333,3.333333333,3.333333333,3.333333333,3.333333333,4.566920869,3.333333333,3.333333333,3.333333333,3.892393571,4.383064178,4.59473764,3.333333333,3.333333333,3.832301778,3.839207667,3.432509293,3.477445376,3.477445376,3.333333333,3.333333333,3.333333333,3.333333333,3.333333333,True,True
community_size,12,True,False,1.5,1,0.8,1,350,3.28,50,10,3.333333333,1,1,1,1,6,0,1,1,0.25,0.25,0.25,3,0,0,0.2,0.2,0.2,13,0.15135026,1225.526761,194.8144302,511.0620284,0,0,0,-2.76e-10,,72.37249136,1224.908326,195.2785147,511.2163783,0,0,0,2.27e-13,,57.19280791,57.19280791,57.19280791,57.19280791,53.95104336,53.16,53.16,53.16,57.672,57.672,71.2,71.2,0.05,6.85,61.80716057,57.672,84.92,93.18135375,93.18135375,93.18135375,93.18135375,93.18135375,93.18135375,93.18135375,45.99771429,45.99771429,45.99771429,45.99771429,45.99771429,45.99771429,68.99657143,45.99771429,45.99771429,45.99771429,45.99771429,45.99771429,45.99771429,45.99771429,45.99771429,45.99771429,45.99771429,45.99771429,45.99771429,45.99771429,68.99657143,68.99657143,45.99771429,45.99771429,3.333333333,3.333333333,3.333333333,3.333333333,3.333333333,3.333333333,3.333333333,3.333333333,3.333333333,3.333333333,4.383064178,4.59473764,3.333333333,3.333333333,3.333333333,3.333333333,4.561138582,5.0,5.0,4.761045192,4.761045192,3.333333333,3.333333333,3.333333333,True,True
community_size,13,True,False,1.5,1,0.8,1,350,3.28,50,10,3.333333333,1,1,1,1,6,0,1,1,0.25,0.25,0.25,3,0,0,0.2,0.2,0.2,14,0.384586811,978.9302922,196.9645069,537.820914,0,0,0,5.175639496,"['u1', 'u2']",51.0112896,989.0367152,196.9645069,527.714491,0,0,0,9.17e-10,,71.2,71.2,67.32697624,63.71646965,61.80716057,61.80716057,53.16,62.55734129,67.32697624,76.0,71.2,71.2,0.05,6.85,71.2,71.2,71.2,71.2,64.52,64.66666667,64.68,65.08666667,65.08666667,64.72,45.99771429,45.99771429,45.99771429,45.99771429,45.99771429,45.99771429,68.99657143,45.99771429,45.99771429,45.99771429,45.99771429,45.99771429,45.99771429,45.99771429,45.99771429,45.99771429,45.99771429,45.99771429,45.99771429,45.99771429,68.99657143,68.99657143,45.99771429,45.99771429,3.333333333,3.333333333,3.333333333,3.333333333,3.333333333,3.333333333,3.333333333,3.333333333,3.333333333,3.892393571,4.383064178,4.59473764,3.333333333,3.333333333,3.832301778,3.832301778,3.832301778,3.832301778,3.477445376,3.333333333,3.333333333,3.333333333,3.333333333,3.333333333,True,True
community_size,14,True,False,1.5,1,0.8,1,350,3.28,50,10,3.333333333,1,1,1,1,6,0,1,1,0.25,0.25,0.25,3,0,0,0.2,0.2,0.2,15,0.28658843,1277.831758,248.9463751,555.8073127,0,0,0,0.0,,65.82823229,1285.497547,242.981516,554.1063827,0,0,0,2.58e-06,"['u1', 'u2', 'u3']",54.66,53.95104336,57.19280791,57.19280791,61.80716057,57.672,53.16,57.672,61.80716057,57.672,71.2,71.2,0.05,6.85,53.95104336,57.19280791,57.19280791,64.52,64.52,64.66666667,64.68,65.08666667,65.08666667,64.72,45.99771429,45.99771429,45.99771429,45.99771429,45.99771429,45.99771429,68.99657143,45.99771429,45.99771429,45.99771429,45.99771429,45.99771429,45.99771429,45.99771429,45.99771429,45.99771429,45.99771429,45.99771429,45.99771429,45.99771429,68.99657143,68.99657143,45.99771429,45.99771429,3.333333333,3.333333333,3.333333333,3.333333333,3.333333333,3.333333333,5.0,3.333333333,3.333333333,3.333333333,4.383064178,4.59473764,3.333333333,3.333333333,3.333333333,3.333333333,3.333333333,3.477445376,3.477445376,3.333333333,3.333333333,3.333333333,3.333333333,3.333333333,True,True
community_size,15,True,False,1.5,1,0.8,1,350,3.28,50,10,3.333333333,1,1,1,1,6,0,1,1,0.25,0.25,0.25,3,0,0,0.2,0.2,0.2,16,0.138594627,1126.940018,222.8446164,541.0973177,0,0,0,-3.92e-12,,50.76346874,1125.197161,224.4740007,541.2107898,0,0,0,-4.97e-13,,54.66,57.19280791,57.19280791,61.80716057,61.80716057,57.19280791,53.16,57.19280791,57.672,57.672,71.2,71.2,0.05,6.85,57.672,57.672,71.2,71.2,71.2,71.2,71.2,71.2,71.2,71.2,45.99771429,45.99771429,45.99771429,45.99771429,45.99771429,45.99771429,68.99657143,45.99771429,45.99771429,45.99771429,45.99771429,45.99771429,45.99771429,45.99771429,45.99771429,45.99771429,45.99771429,45.99771429,45.99771429,45.99771429,68.99657143,68.99657143,45.99771429,45.99771429,3.333333333,3.333333333,3.333333333,3.333333333,3.333333333,3.333333333,3.333333333,3.333333333,3.333333333,3.333333333,4.383064178,4.59473764,3.333333333,3.333333333,3.333333333,3.333333333,3.832301778,3.832301778,3.832301778,3.649716083,3.649716083,3.333333333,3.333333333,3.333333333,True,True
community_size,16,True,False,1.5,1,0.8,1,350,3.28,50,10,3.333333333,1,1,1,1,6,0,1,1,0.25,0.25,0.25,3,0,0,0.2,0.2,0.2,17,0.135213375,888.9660383,196.4013357,514.3100197,0,0,0,0.0,,102.4323184,890.2859052,196.4013357,512.9901528,0,0,0,-4.97e-14,,78.61,78.61,78.61,78.61,78.61,78.61,53.16,64.94215876,64.94215876,76.0,71.2,71.2,0.05,6.85,71.2,71.33,78.61,64.52,64.52,64.66666667,64.68,65.08666667,65.08666667,64.72,45.99771429,45.99771429,45.99771429,45.99771429,45.99771429,45.99771429,68.99657143,45.99771429,45.99771429,45.99771429,45.99771429,45.99771429,45.99771429,45.99771429,45.99771429,45.99771429,45.99771429,45.99771429,45.99771429,45.99771429,68.99657143,68.99657143,45.99771429,45.99771429,3.333333333,3.333333333,3.333333333,3.333333333,3.333333333,3.333333333,3.333333333,3.333333333,3.333333333,3.892393571,4.383064178,4.59473764,3.333333333,3.333333333,3.832301778,3.839207667,4.225937399,3.477445376,3.477445376,3.333333333,3.333333333,3.333333333,3.333333333,3.333333333,True,True
community_size,17,True,False,1.5,1,0.8,1,350,3.28,50,10,3.333333333,1,1,1,1,6,0,1,1,0.25,0.25,0.25,3,0,0,0.2,0.2,0.2,18,0.158976793,1124.471042,173.4293383,495.943798,0,0,0,-7.11e-15,,65.14923954,1122.263071,174.6223566,496.9587499,0,0,0,0.0,,61.80716057,57.19280791,53.95104336,53.95104336,53.95104336,53.16,53.16,53.16,64.94215876,76.0,71.2,71.2,0.05,6.85,71.2,71.33,84.92,96.78,96.78,97.0,97.0,97.0,97.0,97.0,45.99771429,45.99771429,45.99771429,45.99771429,45.99771429,45.99771429,68.99657143,45.99771429,45.99771429,45.99771429,45.99771429,45.99771429,45.99771429,45.99771429,45.99771429,45.99771429,45.99771429,45.99771429,45.99771429,45.99771429,68.99657143,68.99657143,45.99771429,45.99771429,3.333333333,3.333333333,3.333333333,3.333333333,3.333333333,3.333333333,3.333333333,3.333333333,3.333333333,3.892393571,4.383064178,4.59473764,3.333333333,3.333333333,3.832301778,3.839207667,4.561138582,5.0,5.0,4.954107584,4.954107584,3.333333333,3.333333333,3.333333333,True,True
community_size,18,True,False,1.5,1,0.8,1,350,3.28,50,10,3.333333333,1,1,1,1,6,0,1,1,0.25,0.25,0.25,3,0,0,0.2,0.2,0.2,19,0.150130749,1066.358955,207.2832694,535.0088838,0,0,0,0.0,,74.77607203,1068.035558,207.9931879,532.6223621,0,0,0,1.56e-13,,71.2,71.2,71.2,71.2,67.32697624,53.16,53.16,59.87110832,57.672,57.672,71.2,71.2,0.05,6.85,61.80716057,71.2,71.2,71.2,71.2,64.66666667,64.68,65.08666667,65.08666667,64.72,45.99771429,45.99771429,45.99771429,45.99771429,45.99771429,45.99771429,68.99657143,45.99771429,45.99771429,45.99771429,45.99771429,45.99771429,45.99771429,45.99771429,45.99771429,45.99771429,45.99771429,45.99771429,45.99771429,45.99771429,68.99657143,68.99657143,45.99771429,45.99771429,3.333333333,3.333333333,3.333333333,3.333333333,3.333333333,3.333333333,3.333333333,3.333333333,3.333333333,3.333333333,4.383064178,4.59473764,3.333333333,3.333333333,3.333333333,3.832301778,3.832301778,3.832301778,3.832301778,3.333333333,3.333333333,3.333333333,3.333333333,3.333333333,True,True
community_size,19,True,False,1.5,1,0.8,1,350,3.28,50,10,3.333333333,1,1,1,1,6,0,1,1,0.25,0.25,0.25,3,0,0,0.2,0.2,0.2,20,0.133417368,1144.526598,235.1614352,550.5786224,0,0,0,-6e-12,,54.87970138,1142.49226,236.3889124,551.385483,0,0,0,4.41e-13,,57.19280791,57.19280791,57.19280791,61.80716057,61.80716057,57.672,53.16,57.672,61.80716057,61.80716057,71.2,71.2,0.05,6.85,57.19280791,53.95104336,56.61333333,64.52,64.52,64.66666667,64.68,65.08666667,65.08666667,64.72,45.99771429,45.99771429,45.99771429,45.99771429,45.99771429,45.99771429,68.99657143,45.99771429,45.99771429,45.99771429,45.99771429,45.99771429,45.99771429,45.99771429,45.99771429,45.99771429,45.99771429,45.99771429,45.99771429,45.99771429,68.99657143,68.99657143,45.99771429,45.99771429,3.333333333,3.333333333,3.333333333,3.333333333,3.333333333,3.333333333,3.333333333,3.333333333,3.333333333,3.333333333,4.383064178,4.59473764,3.333333333,3.333333333,3.333333333,3.333333333,3.333333333,3.477445376,3.477445376,3.333333333,3.333333333,3.333333333,3.333333333,3.333333333,True,True
community_size,20,True,False,1.5,1,0.8,1,350,3.28,50,10,3.333333333,1,1,1,1,6,0,1,1,0.25,0.25,0.25,3,0,0,0.2,0.2,0.2,21,0.154914856,1114.341332,182.678546,523.1097506,0,0,0,-9.24e-14,,65.12585449,1108.908298,186.3512814,524.8700491,0,0,0,9.09e-13,,67.39628842,61.80716057,57.19280791,53.95104336,57.19280791,53.95104336,53.16,53.95104336,61.80716057,61.80716057,71.2,71.2,0.05,6.85,71.2,71.33,84.92,84.92,84.92,84.92,84.92,65.08666667,65.08666667,64.72,45.99771429,45.99771429,45.99771429,45.99771429,45.99771429,45.99771429,68.99657143,45.99771429,45.99771429,45.99771429,45.99771429,45.99771429,45.99771429,45.99771429,45.99771429,45.99771429,45.99771429,45.99771429,45.99771429,45.99771429,68.99657143,68.99657143,45.99771429,45.99771429,3.333333333,3.333333333,3.333333333,3.333333333,3.333333333,3.333333333,3.333333333,3.333333333,3.333333333,3.333333333,4.383064178,4.59473764,3.333333333,3.333333333,3.832301778,3.839207667,4.561138582,4.561138582,4.561138582,4.343369238,4.343369238,3.333333333,3.333333333,3.333333333,True,True
community_size,21,True,False,1.5,1,0.8,1,350,3.28,50,10,3.333333333,1,1,1,1,6,0,1,1,0.25,0.25,0.25,3,0,0,0.2,0.2,0.2,22,0.240214825,1239.670269,221.6170097,544.0934652,0,0,0,2.85e-05,"['u1', 'u2', 'u3']",53.83175778,1234.838941,224.9931643,545.5486379,0,0,0,2.25e-10,,65.08666667,65.08666667,61.80716057,61.80716057,64.94215876,57.672,53.16,57.672,64.94215876,61.80716057,71.2,71.2,0.05,6.85,57.19280791,57.19280791,56.61333333,64.52,64.52,64.66666667,64.68,65.08666667,65.08666667,64.72,45.99771429,45.99771429,45.99771429,45.99771429,45.99771429,45.99771429,68.99657143,45.99771429,45.99771429,45.99771429,45.99771429,45.99771429,45.99771429,45.99771429,45.99771429,45.99771429,45.99771429,45.99771429,45.99771429,45.99771429,68.99657143,68.99657143,45.99771429,45.99771429,3.333333333,3.333333333,3.333333333,3.333333333,3.333333333,3.333333333,3.333333333,3.333333333,3.333333333,3.333333333,4.383064178,4.59473764,3.333333333,3.333333333,3.333333333,3.333333333,3.333333333,3.477445376,3.477445376,3.333333333,3.333333333,3.333333333,3.333333333,3.333333333,True,True
community_size,22,True,False,1.5,1,0.8,1,350,3.28,50,10,3.333333333,1,1,1,1,6,0,1,1,0.25,0.25,0.25,3,0,0,0.2,0.2,0.2,23,0.138599873,1149.242567,216.9408053,541.2482753,0,0,0,8.31e-13,,59.66138887,1145.323983,219.1919264,542.9157379,0,0,0,-1.42e-14,,57.19280791,57.19280791,61.80716057,61.80716057,61.80716057,57.672,53.16,57.672,64.94215876,71.2,71.2,71.2,0.05,6.85,71.2,65.62962963,57.19280791,64.52,64.52,64.66666667,64.68,65.08666667,65.08666667,64.72,45.99771429,45.99771429,45.99771429,45.99771429,45.99771429,45.99771429,68.99657143,45.99771429,45.99771429,45.99771429,45.99771429,45.99771429,45.99771429,45.99771429,45.99771429,45.99771429,45.99771429,45.99771429,45.99771429,45.99771429,68.99657143,68.99657143,45.99771429,45.99771429,3.333333333,3.333333333,3.333333333,3.333333333,3.333333333,3.333333333,3.333333333,3.333333333,3.333333333,3.649716083,4.383064178,4.59473764,3.333333333,3.333333333,3.832301778,3.536391361,3.333333333,3.477445376,3.477445376,3.333333333,3.333333333,3.333333333,3.333333333,3.333333333,True,True
community_size,23,True,False,1.5,1,0.8,1,350,3.28,50,10,3.333333333,1,1,1,1,6,0,1,1,0.25,0.25,0.25,3,0,0,0.2,0.2,0.2,24,0.166875362,836.7048763,184.4826448,502.2958253,0,0,0,1.21e-13,,55.94453096,834.7895833,185.9197483,502.7740148,0,0,0,-7.11e-15,,54.66,53.95104336,53.95104336,53.95104336,57.19280791,53.95104336,53.16,53.95104336,57.672,57.672,71.2,71.2,0.05,6.85,71.2,71.33,84.92,96.78,96.78,97.0,97.02,97.63,97.63,97.08,45.99771429,45.99771429,45.99771429,45.99771429,45.99771429,45.99771429,68.99657143,45.99771429,45.99771429,45.99771429,45.99771429,45.99771429,45.99771429,45.99771429,45.99771429,45.99771429,45.99771429,45.99771429,45.99771429,45.99771429,68.99657143,68.99657143,45.99771429,45.99771429,3.333333333,3.333333333,3.333333333,3.333333333,3.333333333,3.333333333,5.0,3.333333333,3.333333333,3.333333333,4.383064178,4.59473764,3.333333333,3.333333333,3.832301778,3.839207667,4.561138582,5.0,5.0,4.954107584,4.955118741,4.930070219,5.0,5.0,True,True
community_size,24,True,False,1.5,1,0.8,1,350,3.28,50,10,3.333333333,1,1,1,1,6,0,1,1,0.25,0.25,0.25,3,0,0,0.2,0.2,0.2,25,0.13777113,918.329437,203.4709901,516.9773367,0,0,0,2.59e-09,,75.84686947,920.9581896,202.5746117,515.2449626,0,0,0,2.27e-13,,81.99,78.61,78.61,78.61,78.61,78.61,63.6741,64.94215876,64.94215876,76.0,71.2,71.2,0.05,6.85,71.2,71.33,63.6741,64.52,64.52,64.66666667,64.68,65.08666667,65.08666667,64.72,45.99771429,45.99771429,45.99771429,45.99771429,45.99771429,45.99771429,68.99657143,45.99771429,45.99771429,45.99771429,45.99771429,45.99771429,45.99771429,45.99771429,45.99771429,45.99771429,45.99771429,45.99771429,45.99771429,45.99771429,68.99657143,68.99657143,45.99771429,45.99771429,3.333333333,3.333333333,3.333333333,3.333333333,3.333333333,3.333333333,3.333333333,3.333333333,3.333333333,3.892393571,4.383064178,4.59473764,3.333333333,3.333333333,3.832301778,3.839207667,3.432509293,3.477445376,3.477445376,3.333333333,3.333333333,3.333333333,3.333333333,3.333333333,True,True
community_size,25,True,False,1.5,1,0.8,1,350,3.28,50,10,3.333333333,1,1,1,1,6,0,1,1,0.25,0.25,0.25,3,0,0,0.2,0.2,0.2,26,0.151991606,1015.147648,167.9587656,498.83057,0,0,0,2.77e-13,,93.62159634,1013.389787,168.8077984,499.7393984,0,0,0,-1.42e-14,,57.19280791,53.95104336,57.19280791,57.19280791,57.19280791,61.56,53.16,61.56,64.94215876,76.0,71.2,71.2,0.05,6.85,71.2,71.33,84.92,96.78,96.78,96.78,97.02,96.78,96.78,64.72,45.99771429,45.99771429,45.99771429,45.99771429,45.99771429,45.99771429,68.99657143,45.99771429,45.99771429,45.99771429,45.99771429,45.99771429,45.99771429,45.99771429,45.99771429,45.99771429,45.99771429,45.99771429,45.99771429,45.99771429,68.99657143,68.99657143,45.99771429,45.99771429,3.333333333,3.333333333,3.333333333,3.333333333,3.333333333,3.333333333,3.333333333,3.333333333,3.333333333,3.892393571,4.383064178,4.59473764,3.333333333,3.333333333,3.832301778,3.839207667,4.561138582,5.0,5.0,4.942984866,4.955118741,4.874737872,5.0,3.333333333,True,True
community_size,26,True,False,1.5,1,0.8,1,350,3.28,50,10,3.333333333,1,1,1,1,6,0,1,1,0.25,0.25,0.25,3,0,0,0.2,0.2,0.2,27,0.149806261,1120.929046,225.9876364,546.2423953,0,0,0,-1.42e-14,,55.00868893,1113.167537,231.0535189,548.9380219,0,0,0,0.0,,67.39628842,61.80716057,61.80716057,61.80716057,57.19280791,53.16,53.16,53.16,57.672,57.672,71.2,71.2,0.05,6.85,57.19280791,57.19280791,57.19280791,67.39628842,67.39628842,67.39628842,67.39628842,65.08666667,65.08666667,64.72,45.99771429,45.99771429,45.99771429,45.99771429,45.99771429,45.99771429,68.99657143,45.99771429,45.99771429,45.99771429,45.99771429,45.99771429,45.99771429,45.99771429,45.99771429,45.99771429,45.99771429,45.99771429,45.99771429,45.99771429,68.99657143,68.99657143,45.99771429,45.99771429,3.333333333,3.333333333,3.333333333,3.333333333,3.333333333,3.333333333,3.333333333,3.333333333,3.333333333,3.333333333,4.383064178,4.59473764,3.333333333,3.333333333,3.333333333,3.333333333,3.333333333,3.63024019,3.63024019,3.457408754,3.457408754,3.333333333,3.333333333,3.333333333,True,True
community_size,27,True,False,1.5,1,0.8,1,350,3.28,50,10,3.333333333,1,1,1,1,6,0,1,1,0.25,0.25,0.25,3,0,0,0.2,0.2,0.2,28,0.129127264,481.7852403,152.2730641,480.9544601,0,0,0,-2.2e-13,,75.88726807,481.7852403,152.2730641,480.9544601,0,0,0,-2.77e-13,,80.35390947,78.61,78.61,78.61,78.61,78.61,79.74,79.74,77.32,77.32,77.32,77.32,77.32,77.32,77.32,77.32,84.92,96.78,96.78,97.0,96.78,65.08666667,65.08666667,64.72,45.99771429,45.99771429,45.99771429,45.99771429,45.99771429,45.99771429,68.99657143,45.99771429,45.99771429,45.99771429,45.99771429,45.99771429,45.99771429,45.99771429,45.99771429,45.99771429,45.99771429,45.99771429,45.99771429,45.99771429,68.99657143,68.99657143,45.99771429,45.99771429,3.333333333,3.333333333,3.333333333,3.333333333,3.333333333,3.333333333,3.333333333,3.333333333,3.333333333,3.892393571,4.383064178,4.59473764,3.333333333,3.333333333,3.832301778,3.839207667,4.561138582,5.0,5.0,4.954107584,4.942984866,3.333333333,3.333333333,3.333333333,True,True
community_size,28,True,False,1.5,1,0.8,1,350,3.28,50,10,3.333333333,1,1,1,1,6,0,1,1,0.25,0.25,0.25,3,0,0,0.2,0.2,0.2,29,0.402807236,1219.957641,224.980898,545.8927437,0,0,0,1.42e-14,,50.98088431,1215.226541,228.2850226,547.3197197,0,0,0,3.91e-13,,65.08666667,61.80716057,61.80716057,61.80716057,61.80716057,57.672,53.16,57.672,64.94215876,61.80716057,71.2,71.2,0.05,6.85,57.19280791,53.95104336,57.19280791,64.52,64.52,64.66666667,64.68,65.08666667,65.08666667,64.72,45.99771429,45.99771429,45.99771429,45.99771429,45.99771429,45.99771429,68.99657143,45.99771429,45.99771429,45.99771429,45.99771429,45.99771429,45.99771429,45.99771429,45.99771429,45.99771429,45.99771429,45.99771429,45.99771429,45.99771429,68.99657143,68.99657143,45.99771429,45.99771429,3.333333333,3.333333333,3.333333333,3.333333333,3.333333333,3.333333333,3.333333333,3.333333333,3.333333333,3.333333333,4.383064178,4.59473764,3.333333333,3.333333333,3.333333333,3.333333333,3.333333333,3.477445376,3.477445376,3.333333333,3.333333333,3.333333333,3.333333333,3.333333333,True,True
community_size,29,True,False,1.5,1,0.8,1,350,3.28,50,10,3.333333333,1,1,1,1,6,0,1,1,0.25,0.25,0.25,3,0,0,0.2,0.2,0.2,30,0.136348248,1331.707551,242.3670441,555.0282106,0,0,0,-1.42e-14,,77.83833885,1328.760767,244.5269386,555.8151,0,0,0,5.68e-14,,57.19280791,57.19280791,57.19280791,57.19280791,57.19280791,53.16,53.16,53.16,57.672,57.672,71.2,71.2,0.05,6.85,57.19280791,57.19280791,57.19280791,64.52,64.52,64.66666667,64.68,65.08666667,65.08666667,64.72,45.99771429,45.99771429,45.99771429,45.99771429,45.99771429,45.99771429,68.99657143,45.99771429,45.99771429,45.99771429,45.99771429,45.99771429,45.99771429,45.99771429,45.99771429,45.99771429,45.99771429,45.99771429,45.99771429,45.99771429,68.99657143,68.99657143,45.99771429,45.99771429,3.333333333,3.333333333,3.333333333,3.333333333,3.333333333,3.333333333,5.0,3.333333333,3.333333333,3.333333333,4.383064178,4.59473764,3.333333333,3.333333333,3.333333333,3.333333333,3.333333333,3.477445376,3.477445376,3.333333333,3.333333333,3.333333333,3.333333333,3.333333333,True,True
community_size,30,True,False,1.5,1,0.8,1,350,3.28,50,10,3.333333333,1,1,1,1,6,0,1,1,0.25,0.25,0.25,3,0,0,0.2,0.2,0.2,31,0.144595623,1206.054681,188.9211088,524.3465977,0,0,0,7.88e-08,,57.57126498,1205.404484,189.4169554,524.5009476,0,0,0,-4.26e-13,,57.19280791,57.19280791,53.95104336,53.95104336,53.95104336,53.16,53.16,53.16,57.672,57.672,71.2,71.2,0.05,6.85,71.2,71.33,84.92,93.18135375,93.18135375,93.18135375,93.18135375,65.08666667,65.08666667,64.72,45.99771429,45.99771429,45.99771429,45.99771429,45.99771429,45.99771429,68.99657143,45.99771429,45.99771429,45.99771429,45.99771429,45.99771429,45.99771429,45.99771429,45.99771429,45.99771429,45.99771429,45.99771429,45.99771429,45.99771429,68.99657143,68.99657143,45.99771429,45.99771429,3.333333333,3.333333333,3.333333333,3.333333333,3.333333333,3.333333333,3.333333333,3.333333333,3.333333333,3.333333333,4.383064178,4.59473764,3.333333333,3.333333333,3.832301778,3.839207667,4.561138582,5.0,5.0,4.761045192,4.761045192,3.333333333,3.333333333,3.333333333,True,True
community_size,31,True,False,1.5,1,0.8,1,1000,3.28,50,10,3.333333333,1,1,1,1,6,0,1,1,0.25,0.25,0.25,3,0,0,0.2,0.2,0.2,1,0.126396418,1423.784932,156.2470841,622.9467229,0,0,0,7.82e-13,,67.2056098,1423.784932,156.2470841,622.9467229,0,0,0,7.82e-13,,81.99,78.61,78.61,78.61,78.61,78.61,65.08666667,79.74,77.32,76.0,71.2,71.2,0.05,6.85,71.2,71.33,84.92,93.18135375,93.18135375,93.18135375,93.18135375,65.08666667,65.08666667,65.08666667,45.99771429,45.99771429,45.99771429,45.99771429,45.99771429,45.99771429,68.99657143,68.99657143,68.99657143,68.99657143,68.99657143,68.99657143,68.99657143,68.99657143,68.99657143,68.99657143,68.99657143,68.99657143,68.99657143,68.99657143,68.99657143,68.99657143,68.99657143,68.99657143,3.333333333,3.333333333,3.333333333,3.333333333,4.489527445,3.333333333,3.333333333,3.333333333,3.333333333,3.892393571,4.383064178,4.59473764,3.333333333,3.333333333,3.832301778,3.839207667,4.561138582,5.0,5.0,4.761045192,4.761045192,3.333333333,3.333333333,3.333333333,True,True
community_size,32,True,False,1.5,1,0.8,1,1000,3.28,50,10,3.333333333,1,1,1,1,6,0,1,1,0.25,0.25,0.25,3,0,0,0.2,0.2,0.2,2,0.462737322,1330.296468,143.4950865,617.7050072,0,0,0,8.716220895358965,['u2'],60.30450845,1319.25207,149.1752039,623.0692878,0,0,0,3.036103495358887,['u2'],64.94215876,67.32697624,62.55734129,67.32697624,65.69233949,61.80716057,53.16,64.94215876,64.94215876,76.0,71.2,71.2,0.05,6.85,71.2,71.33,84.92,96.78,96.78,97.0,97.02,97.63,97.63,97.08,45.99771429,45.99771429,45.99771429,45.99771429,45.99771429,45.99771429,68.99657143,68.99657143,68.99657143,68.99657143,68.99657143,68.99657143,68.99657143,68.99657143,68.99657143,68.99657143,68.99657143,68.99657143,68.99657143,68.99657143,68.99657143,68.99657143,68.99657143,68.99657143,3.333333333,3.333333333,3.333333333,3.333333333,3.333333333,3.333333333,5.0,3.333333333,3.333333333,3.892393571,4.383064178,4.59473764,3.333333333,3.333333333,3.832301778,3.839207667,4.561138582,5.0,5.0,4.954107584,4.955118741,3.333333333,3.333333333,3.333333333,False,False
community_size,33,True,False,1.5,1,0.8,1,1000,3.28,50,10,3.333333333,1,1,1,1,6,0,1,1,0.25,0.25,0.25,3,0,0,0.2,0.2,0.2,3,0.131458044,1137.484514,156.2470841,616.8646372,0,0,0,-1.85e-13,,136.9660618,1137.484514,156.2470841,616.8646372,0,0,0,-1.85e-13,,81.99,78.61,78.61,78.61,78.61,78.61,79.74,79.74,77.32,76.0,71.2,71.2,0.05,6.85,71.2,71.33,84.92,93.18135375,93.18135375,93.18135375,93.18135375,75.47689654,75.47689654,75.47689654,45.99771429,45.99771429,45.99771429,45.99771429,45.99771429,45.99771429,68.99657143,68.99657143,68.99657143,68.99657143,68.99657143,68.99657143,68.99657143,68.99657143,68.99657143,68.99657143,68.99657143,68.99657143,68.99657143,68.99657143,68.99657143,68.99657143,68.99657143,68.99657143,3.333333333,3.333333333,4.558574339,3.333333333,3.333333333,3.333333333,3.333333333,3.333333333,3.333333333,3.892393571,4.383064178,4.59473764,3.333333333,3.333333333,3.832301778,3.839207667,4.561138582,5.0,5.0,4.761045192,4.761045192,3.333333333,3.333333333,3.333333333,True,True
community_size,34,True,False,1.5,1,0.8,1,1000,3.28,50,10,3.333333333,1,1,1,1,6,0,1,1,0.25,0.25,0.25,3,0,0,0.2,0.2,0.2,4,0.488416672,1437.316855,143.3516725,619.0231512,0,0,0,8.859634895358987,['u2'],63.97437334,1422.759659,150.938963,625.9930571,0,0,0,1.2723443953589424,['u2'],64.94215876,64.94215876,67.32697624,62.55734129,64.94215876,64.94215876,53.16,71.2,77.32,76.0,71.2,71.2,0.05,6.85,71.2,71.33,84.92,96.78,96.78,97.0,97.02,97.0,97.0,64.72,45.99771429,45.99771429,45.99771429,45.99771429,45.99771429,45.99771429,68.99657143,68.99657143,68.99657143,68.99657143,68.99657143,68.99657143,68.99657143,68.99657143,68.99657143,68.99657143,68.99657143,68.99657143,68.99657143,68.99657143,68.99657143,68.99657143,68.99657143,68.99657143,3.333333333,3.333333333,3.333333333,3.333333333,3.333333333,3.333333333,3.333333333,3.333333333,3.333333333,3.892393571,4.383064178,4.59473764,3.333333333,3.333333333,3.832301778,3.839207667,4.561138582,5.0,5.0,4.954107584,4.955118741,4.954107584,3.333333333,3.333333333,False,False
community_size,35,True,False,1.5,1,0.8,1,1000,3.28,50,10,3.333333333,1,1,1,1,6,0,1,1,0.25,0.25,0.25,3,0,0,0.2,0.2,0.2,5,0.130935431,1374.649116,152.3316045,620.4572606,0,0,0,1.99e-13,,70.53883529,1374.649116,152.3316045,620.4572606,0,0,0,-2.84e-14,,80.35390947,78.61,78.61,78.61,78.61,78.61,65.08666667,79.74,77.32,76.0,71.2,71.2,0.05,6.85,71.2,71.33,84.92,96.78,96.78,96.78,96.78,65.08666667,65.08666667,65.08666667,45.99771429,45.99771429,45.99771429,45.99771429,45.99771429,45.99771429,68.99657143,68.99657143,68.99657143,68.99657143,68.99657143,68.99657143,68.99657143,68.99657143,68.99657143,68.99657143,68.99657143,68.99657143,68.99657143,68.99657143,68.99657143,68.99657143,68.99657143,68.99657143,3.333333333,3.333333333,3.333333333,3.333333333,3.333333333,3.333333333,3.333333333,3.333333333,3.333333333,3.892393571,4.383064178,4.59473764,3.333333333,3.333333333,3.832301778,3.839207667,4.561138582,5.0,5.0,4.942984866,4.942984866,3.333333333,3.333333333,3.333333333,True,True
community_size,36,True,False,1.5,1,0.8,1,1000,3.28,50,10,3.333333333,1,1,1,1,6,0,1,1,0.25,0.25,0.25,3,0,0,0.2,0.2,0.2,6,0.152148962,1618.345733,154.2080004,644.127365,0,0,0,1.42e-14,,59.7734046,1615.904566,155.4550453,645.321488,0,0,0,4.26e-14,,67.39628842,61.80716057,61.80716057,61.80716057,61.80716057,61.80716057,53.16,61.80716057,64.94215876,76.0,71.2,71.2,0.05,6.85,71.2,71.33,84.92,96.78,96.78,97.0,96.78,65.08666667,65.08666667,64.72,45.99771429,45.99771429,45.99771429,45.99771429,45.99771429,45.99771429,68.99657143,68.99657143,68.99657143,68.99657143,68.99657143,68.99657143,68.99657143,68.99657143,68.99657143,68.99657143,68.99657143,68.99657143,68.99657143,68.99657143,68.99657143,68.99657143,68.99657143,68.99657143,3.333333333,3.333333333,3.333333333,3.333333333,3.333333333,3.333333333,3.333333333,3.333333333,3.333333333,3.892393571,4.383064178,4.59473764,3.333333333,3.333333333,3.832301778,3.839207667,4.561138582,5.0,5.0,4.954107584,4.942984866,3.333333333,3.333333333,3.333333333,True,True
community_size,37,True,False,1.5,1,0.8,1,1000,3.28,50,10,3.333333333,1,1,1,1,6,0,1,1,0.25,0.25,0.25,3,0,0,0.2,0.2,0.2,7,0.264074326,1508.778495,142.1064981,614.485495,0,0,0,10.104809295359004,['u2'],68.0915935,1493.198172,148.9957113,623.1766049,0,0,0,3.2155960953593095,['u2'],64.94215876,67.32697624,62.55734129,64.94215876,64.94215876,64.94215876,53.16,64.94215876,64.94215876,76.0,71.2,71.2,0.05,6.85,71.2,71.33,84.92,96.78,96.78,97.0,97.02,97.08,97.63,97.08,45.99771429,45.99771429,45.99771429,45.99771429,45.99771429,45.99771429,68.99657143,68.99657143,68.99657143,68.99657143,68.99657143,68.99657143,68.99657143,68.99657143,68.99657143,68.99657143,68.99657143,68.99657143,68.99657143,68.99657143,68.99657143,68.99657143,68.99657143,68.99657143,3.333333333,3.333333333,3.333333333,3.333333333,3.333333333,3.333333333,3.333333333,3.333333333,3.333333333,3.892393571,4.383064178,4.59473764,3.333333333,3.333333333,3.832301778,3.839207667,4.561138582,5.0,5.0,4.954107584,4.955118741,3.333333333,5.0,3.333333333,False,False
community_size,38,True,False,1.5,1,0.8,1,1000,3.28,50,10,3.333333333,1,1,1,1,6,0,1,1,0.25,0.25,0.25,3,0,0,0.2,0.2,0.2,8,1.199332714,1612.334339,141.7669775,631.7668367,0,0,0,10.444329895358877,['u2'],68.27952433,1600.392988,148.6242723,636.8508925,0,0,0,3.5870350953588854,['u2'],81.99,78.61,67.32697624,63.82943119,61.80716057,57.19280791,53.16,64.94215876,64.94215876,76.0,71.2,71.2,0.05,6.85,71.2,71.33,84.92,96.78,96.78,96.78,96.78,67.32697624,67.32697624,66.4119,45.99771429,45.99771429,45.99771429,45.99771429,45.99771429,45.99771429,68.99657143,68.99657143,68.99657143,68.99657143,68.99657143,68.99657143,68.99657143,68.99657143,68.99657143,68.99657143,68.99657143,68.99657143,68.99657143,68.99657143,68.99657143,68.99657143,68.99657143,68.99657143,3.333333333,3.333333333,3.333333333,3.333333333,3.333333333,3.333333333,3.333333333,3.333333333,3.333333333,3.892393571,4.383064178,4.59473764,3.333333333,3.333333333,3.832301778,3.839207667,4.561138582,5.0,5.0,4.942984866,4.942984866,3.333333333,3.333333333,3.333333333,False,False
community_size,39,True,False,1.5,1,0.8,1,1000,3.28,50,10,3.333333333,1,1,1,1,6,0,1,1,0.25,0.25,0.25,3,0,0,0.2,0.2,0.2,9,0.15929985,1666.708679,148.7760375,641.1379819,0,0,0,3.4352698953589424,['u2'],62.10589218,1657.096454,154.544517,644.9817271,0,0,0,8.3e-09,,67.39628842,67.32697624,61.80716057,63.23820983,64.94215876,64.94215876,53.16,64.94215876,64.94215876,76.0,71.2,71.2,0.05,6.85,71.2,71.33,84.92,93.18135375,93.18135375,93.18135375,93.18135375,65.08666667,65.08666667,64.72,45.99771429,45.99771429,45.99771429,45.99771429,45.99771429,45.99771429,68.99657143,68.99657143,68.99657143,68.99657143,68.99657143,68.99657143,68.99657143,68.99657143,68.99657143,68.99657143,68.99657143,68.99657143,68.99657143,68.99657143,68.99657143,68.99657143,68.99657143,68.99657143,3.333333333,3.333333333,3.333333333,3.333333333,3.333333333,3.333333333,3.333333333,3.333333333,3.333333333,3.892393571,4.383064178,4.59473764,3.333333333,3.333333333,3.832301778,3.839207667,4.561138582,5.0,5.0,4.761045192,4.761045192,3.333333333,3.333333333,3.333333333,False,True
community_size,40,True,False,1.5,1,0.8,1,1000,3.28,50,10,3.333333333,1,1,1,1,6,0,1,1,0.25,0.25,0.25,3,0,0,0.2,0.2,0.2,10,0.131230831,1146.279256,149.7827152,633.181707,0,0,0,2.428592195358931,['u2'],68.8127234,1143.0198,152.0632455,634.1606328,0,0,0,0.14806189535896408,['u2'],64.94215876,64.94215876,64.94215876,64.94215876,64.94215876,78.61,79.74,79.74,77.32,76.0,71.2,71.2,0.05,6.85,71.2,71.33,84.92,96.78,96.78,97.0,96.78,65.08666667,65.08666667,64.72,45.99771429,45.99771429,45.99771429,45.99771429,45.99771429,45.99771429,68.99657143,68.99657143,68.99657143,68.99657143,68.99657143,68.99657143,68.99657143,68.99657143,68.99657143,68.99657143,68.99657143,68.99657143,68.99657143,68.99657143,68.99657143,68.99657143,68.99657143,68.99657143,3.333333333,3.333333333,3.333333333,3.333333333,3.333333333,3.333333333,3.333333333,3.333333333,3.333333333,3.892393571,4.383064178,4.59473764,3.333333333,3.333333333,3.832301778,3.839207667,4.561138582,5.0,5.0,4.954107584,4.942984866,3.333333333,3.333333333,3.333333333,False,False
community_size,41,True,False,1.5,1,0.8,1,1000,3.28,50,10,3.333333333,1,1,1,1,6,0,1,1,0.25,0.25,0.25,3,0,0,0.2,0.2,0.2,11,0.148670912,1032.209871,153.2611868,620.1586809,0,0,0,2.42e-13,,74.57578278,1030.279662,154.3307944,621.0192829,0,0,0,-7.11e-15,,69.35274406,61.80716057,61.80716057,61.80716057,61.80716057,64.94215876,53.16,71.2,77.32,76.0,71.2,71.2,0.05,6.85,71.2,71.33,84.92,96.78,96.78,97.0,97.02,97.63,97.63,97.08,45.99771429,45.99771429,45.99771429,45.99771429,45.99771429,45.99771429,68.99657143,68.99657143,68.99657143,68.99657143,68.99657143,68.99657143,68.99657143,68.99657143,68.99657143,68.99657143,68.99657143,68.99657143,68.99657143,68.99657143,68.99657143,68.99657143,68.99657143,68.99657143,3.333333333,3.333333333,3.333333333,3.333333333,3.333333333,3.333333333,3.333333333,3.788183035,3.333333333,3.892393571,4.383064178,4.59473764,3.333333333,3.333333333,3.832301778,3.839207667,4.561138582,5.0,5.0,4.954107584,4.955118741,4.985959005,5.0,3.333333333,True,True
community_size,42,True,False,1.5,1,0.8,1,1000,3.28,50,10,3.333333333,1,1,1,1,6,0,1,1,0.25,0.25,0.25,3,0,0,0.2,0.2,0.2,12,0.135993004,1070.154344,152.3316045,619.3622771,0,0,0,4.41e-13,,61.43047762,1070.154344,152.3316045,619.3622771,0,0,0,4.41e-13,,81.99,78.61,78.61,78.61,78.61,78.61,79.74,79.74,77.32,76.0,71.2,71.2,0.05,6.85,71.2,71.33,84.92,96.78,96.78,96.78,96.78,66.4119,66.4119,66.4119,45.99771429,45.99771429,45.99771429,45.99771429,45.99771429,45.99771429,68.99657143,68.99657143,68.99657143,68.99657143,68.99657143,68.99657143,68.99657143,68.99657143,68.99657143,68.99657143,68.99657143,68.99657143,68.99657143,68.99657143,68.99657143,68.99657143,68.99657143,68.99657143,3.333333333,3.333333333,4.435013839,3.333333333,3.333333333,3.333333333,3.333333333,3.333333333,3.333333333,3.892393571,4.383064178,4.59473764,3.333333333,3.333333333,3.832301778,3.839207667,4.561138582,5.0,5.0,4.942984866,4.942984866,3.333333333,3.333333333,3.333333333,True,True
community_size,43,True,False,1.5,1,0.8,1,1000,3.28,50,10,3.333333333,1,1,1,1,6,0,1,1,0.25,0.25,0.25,3,0,0,0.2,0.2,0.2,13,0.15541625,1380.024414,140.2109097,613.4329073,0,0,0,12.000397695358956,['u2'],55.62103391,1361.996815,149.821036,621.8503803,0,0,0,2.3902713953589227,['u2'],81.99,67.32697624,61.80716057,61.80716057,61.80716057,61.16139543,53.16,64.94215876,64.94215876,76.0,71.2,71.2,0.05,6.85,71.2,71.33,84.92,96.78,96.78,97.0,97.02,97.63,97.63,97.08,45.99771429,45.99771429,45.99771429,45.99771429,45.99771429,45.99771429,68.99657143,68.99657143,68.99657143,68.99657143,68.99657143,68.99657143,68.99657143,68.99657143,68.99657143,68.99657143,68.99657143,68.99657143,68.99657143,68.99657143,68.99657143,68.99657143,68.99657143,68.99657143,3.333333333,3.333333333,3.333333333,3.333333333,3.333333333,3.333333333,3.333333333,3.333333333,3.333333333,3.892393571,4.383064178,4.59473764,3.333333333,3.333333333,3.832301778,3.839207667,4.561138582,5.0,5.0,4.954107584,4.955118741,3.333333333,3.333333333,3.333333333,False,False
community_size,44,True,False,1.5,1,0.8,1,1000,3.28,50,10,3.333333333,1,1,1,1,6,0,1,1,0.25,0.25,0.25,3,0,0,0.2,0.2,0.2,14,0.132805347,1162.043577,152.3316045,620.1380234,0,0,0,0.0,,87.98031402,1162.043577,152.3316045,620.1380234,0,0,0,-2.27e-13,,81.99,78.61,78.61,78.61,78.61,78.61,79.74,79.74,77.32,76.0,71.2,71.2,0.05,6.85,71.2,71.33,84.92,96.78,96.78,96.78,96.78,65.08666667,65.08666667,65.08666667,45.99771429,45.99771429,45.99771429,45.99771429,45.99771429,45.99771429,68.99657143,68.99657143,68.99657143,68.99657143,68.99657143,68.99657143,68.99657143,68.99657143,68.99657143,68.99657143,68.99657143,68.99657143,68.99657143,68.99657143,68.99657143,68.99657143,68.99657143,68.99657143,3.333333333,4.193097593,3.333333333,3.333333333,3.333333333,3.333333333,3.333333333,3.333333333,3.333333333,3.892393571,4.383064178,4.59473764,3.333333333,3.333333333,3.832301778,3.839207667,4.561138582,5.0,5.0,4.942984866,4.942984866,3.333333333,3.333333333,3.333333333,True,True
community_size,45,True,False,1.5,1,0.8,1,1000,3.28,50,10,3.333333333,1,1,1,1,6,0,1,1,0.25,0.25,0.25,3,0,0,0.2,0.2,0.2,15,0.169303894,1569.97703,159.4063612,636.132052,0,0,0,2.15e-07,,67.24208665,1564.63563,162.4567288,638.4230838,0,0,0,7.2e-08,,64.94215876,64.94215876,64.94215876,64.94215876,78.61,78.61,64.94215876,79.74,77.32,76.0,71.2,71.2,0.05,6.85,71.2,71.33,84.92,87.90123457,87.90123457,87.90123457,87.90123457,65.08666667,65.08666667,64.94215876,45.99771429,45.99771429,45.99771429,45.99771429,45.99771429,45.99771429,68.99657143,68.99657143,68.99657143,68.99657143,68.99657143,68.99657143,68.99657143,68.99657143,68.99657143,68.99657143,68.99657143,68.99657143,68.99657143,68.99657143,68.99657143,68.99657143,68.99657143,68.99657143,3.333333333,3.333333333,3.333333333,3.333333333,3.333333333,3.333333333,3.333333333,3.333333333,3.333333333,3.892393571,4.383064178,4.59473764,3.333333333,3.333333333,3.832301778,3.839207667,4.561138582,4.719508369,4.719508369,4.494093929,4.494093929,3.333333333,3.333333333,3.333333333,True,True
community_size,46,True,False,1.5,1,0.8,1,1000,3.28,50,10,3.333333333,1,1,1,1,6,0,1,1,0.25,0.25,0.25,3,0,0,0.2,0.2,0.2,16,0.570153713,1327.536744,144.453433,618.1701233,0,0,0,7.7578743953590035,['u2'],64.45345736,1319.721402,149.8116952,620.6272034,0,0,0,2.3996121953588485,['u2'],64.94215876,64.94215876,64.94215876,64.94215876,64.94215876,64.94215876,53.16,71.2,71.2,76.0,71.2,71.2,0.05,6.85,71.2,71.33,84.92,96.78,96.78,97.0,97.02,97.63,97.63,97.08,45.99771429,45.99771429,45.99771429,45.99771429,45.99771429,45.99771429,68.99657143,68.99657143,68.99657143,68.99657143,68.99657143,68.99657143,68.99657143,68.99657143,68.99657143,68.99657143,68.99657143,68.99657143,68.99657143,68.99657143,68.99657143,68.99657143,68.99657143,68.99657143,3.333333333,3.333333333,3.333333333,3.333333333,3.333333333,3.333333333,3.333333333,3.333333333,3.333333333,3.892393571,4.383064178,4.59473764,3.333333333,3.333333333,3.832301778,3.839207667,4.561138582,5.0,5.0,4.954107584,4.955118741,4.97191801,5.0,3.333333333,False,False
community_size,47,True,False,1.5,1,0.8,1,1000,3.28,50,10,3.333333333,1,1,1,1,6,0,1,1,0.25,0.25,0.25,3,0,0,0.2,0.2,0.2,17,0.142731905,1039.339956,152.2730641,619.3193503,0,0,0,1.14e-13,,72.61929846,1039.339956,152.2730641,619.3193503,0,0,0,1.14e-13,,81.99,78.61,78.61,78.61,78.61,78.61,79.74,79.74,77.32,76.0,71.2,71.2,0.05,6.85,71.2,71.33,84.92,96.78,96.78,97.0,96.78,66.4119,66.4119,66.4119,45.99771429,45.99771429,45.99771429,45.99771429,45.99771429,45.99771429,68.99657143,68.99657143,68.99657143,68.99657143,68.99657143,68.99657143,68.99657143,68.99657143,68.99657143,68.99657143,68.99657143,68.99657143,68.99657143,68.99657143,68.99657143,68.99657143,68.99657143,68.99657143,3.333333333,3.333333333,4.435013839,3.333333333,3.333333333,3.333333333,3.333333333,3.333333333,3.333333333,3.892393571,4.383064178,4.59473764,3.333333333,3.333333333,3.832301778,3.839207667,4.561138582,5.0,5.0,4.954107584,4.942984866,3.333333333,3.333333333,3.333333333,True,True
community_size,48,True,False,1.5,1,0.8,1,1000,3.28,50,10,3.333333333,1,1,1,1,6,0,1,1,0.25,0.25,0.25,3,0,0,0.2,0.2,0.2,18,0.153537512,1223.214215,147.1051355,614.7482569,0,0,0,5.106171895359012,['u2'],57.62091708,1215.183712,151.6697452,618.2141496,0,0,0,0.541562195358992,['u2'],81.99,67.32697624,61.80716057,61.80716057,61.16139543,61.80716057,53.16,71.2,77.32,76.0,71.2,71.2,0.05,6.85,71.2,71.33,84.92,96.78,96.78,97.0,97.02,97.63,97.63,97.08,45.99771429,45.99771429,45.99771429,45.99771429,45.99771429,45.99771429,68.99657143,68.99657143,68.99657143,68.99657143,68.99657143,68.99657143,68.99657143,68.99657143,68.99657143,68.99657143,68.99657143,68.99657143,68.99657143,68.99657143,68.99657143,68.99657143,68.99657143,68.99657143,3.333333333,3.333333333,3.333333333,3.333333333,3.333333333,3.333333333,3.333333333,3.333333333,3.333333333,3.892393571,4.383064178,4.59473764,3.333333333,3.333333333,3.832301778,3.839207667,4.561138582,5.0,5.0,4.954107584,4.955118741,4.811120301,3.333333333,4.892202611,False,False
community_size,49,True,False,1.5,1,0.8,1,1000,3.28,50,10,3.333333333,1,1,1,1,6,0,1,1,0.25,0.25,0.25,3,0,0,0.2,0.2,0.2,19,0.135490417,1266.053253,152.2113074,602.5614381,0,0,0,0.0,,65.27107906,1266.053253,152.2113074,602.5614381,0,0,0,0.0,,81.99,78.61,78.61,78.61,78.61,78.61,78.57,79.74,71.2,76.0,71.2,71.2,0.05,6.85,71.2,71.33,84.92,96.78,96.78,97.0,97.02,97.0,97.0,97.0,45.99771429,45.99771429,45.99771429,45.99771429,45.99771429,45.99771429,68.99657143,68.99657143,68.99657143,68.99657143,68.99657143,68.99657143,68.99657143,68.99657143,68.99657143,68.99657143,68.99657143,68.99657143,68.99657143,68.99657143,68.99657143,68.99657143,68.99657143,68.99657143,3.333333333,3.333333333,3.333333333,3.333333333,3.333333333,4.784011433,3.333333333,3.333333333,3.333333333,3.892393571,4.383064178,4.59473764,3.333333333,3.333333333,3.832301778,3.839207667,4.561138582,5.0,5.0,4.954107584,4.955118741,3.333333333,3.333333333,3.333333333,True,True
community_size,50,True,False,1.5,1,0.8,1,1000,3.28,50,10,3.333333333,1,1,1,1,6,0,1,1,0.25,0.25,0.25,3,0,0,0.2,0.2,0.2,20,1.129443884,1414.238448,143.803019,613.6893152,0,0,0,8.408288395358966,['u2'],66.95580745,1406.410503,150.4605476,614.8597318,0,0,0,1.7507597953588458,['u2'],64.94215876,64.94215876,64.94215876,64.94215876,64.94215876,78.61,64.94215876,79.74,77.32,76.0,71.2,71.2,0.05,6.85,71.2,71.33,84.92,96.78,96.78,97.0,97.02,97.02,97.63,97.08,45.99771429,45.99771429,45.99771429,45.99771429,45.99771429,45.99771429,68.99657143,68.99657143,68.99657143,68.99657143,68.99657143,68.99657143,68.99657143,68.99657143,68.99657143,68.99657143,68.99657143,68.99657143,68.99657143,68.99657143,68.99657143,68.99657143,68.99657143,68.99657143,3.333333333,3.333333333,3.333333333,3.333333333,3.333333333,3.333333333,3.333333333,3.333333333,3.333333333,3.892393571,4.383064178,4.59473764,3.333333333,3.333333333,3.832301778,3.839207667,4.561138582,5.0,5.0,4.954107584,4.955118741,3.333333333,3.333333333,5.0,False,False
community_size,51,True,False,1.5,1,0.8,1,1000,3.28,50,10,3.333333333,1,1,1,1,6,0,1,1,0.25,0.25,0.25,3,0,0,0.2,0.2,0.2,21,1.325128794,1277.838433,146.6791528,614.8906773,0,0,0,5.532154595358989,['u2'],56.87567115,1272.912131,150.5327286,615.9634039,0,0,0,1.6785787953588738,['u2'],81.99,78.61,61.80716057,57.19280791,64.23279793,64.94215876,53.16,71.2,77.32,76.0,71.2,71.2,0.05,6.85,71.2,71.33,84.92,96.78,96.78,97.0,97.02,97.0,97.0,97.0,45.99771429,45.99771429,45.99771429,45.99771429,45.99771429,45.99771429,68.99657143,68.99657143,68.99657143,68.99657143,68.99657143,68.99657143,68.99657143,68.99657143,68.99657143,68.99657143,68.99657143,68.99657143,68.99657143,68.99657143,68.99657143,68.99657143,68.99657143,68.99657143,3.333333333,3.333333333,3.333333333,3.333333333,3.333333333,3.333333333,3.333333333,3.333333333,3.333333333,3.892393571,4.383064178,4.59473764,3.333333333,3.333333333,3.832301778,3.839207667,4.561138582,5.0,5.0,4.954107584,4.955118741,3.333333333,3.333333333,3.333333333,False,False
community_size,52,True,False,1.5,1,0.8,1,1000,3.28,50,10,3.333333333,1,1,1,1,6,0,1,1,0.25,0.25,0.25,3,0,0,0.2,0.2,0.2,22,0.133984327,1485.035969,163.1418844,632.6644271,0,0,0,-9.95e-14,,81.69061232,1485.035969,163.1418844,632.6644271,0,0,0,3.55e-13,,80.35390947,78.61,65.08666667,65.08666667,78.61,78.61,65.08666667,79.74,77.32,76.0,71.2,71.2,0.05,6.85,71.2,71.33,84.92,87.90123457,87.90123457,87.90123457,87.90123457,65.08666667,65.08666667,65.08666667,45.99771429,45.99771429,45.99771429,45.99771429,45.99771429,45.99771429,68.99657143,68.99657143,68.99657143,68.99657143,68.99657143,68.99657143,68.99657143,68.99657143,68.99657143,68.99657143,68.99657143,68.99657143,68.99657143,68.99657143,68.99657143,68.99657143,68.99657143,68.99657143,3.333333333,3.333333333,3.333333333,3.333333333,3.333333333,3.333333333,3.333333333,3.333333333,3.333333333,3.892393571,4.383064178,4.59473764,3.333333333,3.333333333,3.832301778,3.839207667,4.561138582,4.719508369,4.719508369,4.494093929,4.494093929,3.333333333,3.333333333,3.333333333,True,True
community_size,53,True,False,1.5,1,0.8,1,1000,3.28,50,10,3.333333333,1,1,1,1,6,0,1,1,0.25,0.25,0.25,3,0,0,0.2,0.2,0.2,23,1.032297611,1360.668979,160.3144364,653.1111279,0,0,0,2.583552342,"['u1', 'u2']",58.79610205,1367.736022,162.5582978,643.8002236,0,0,0,8.4e-11,,64.94215876,64.94215876,65.38647629,64.72,64.72,64.94215876,64.72,79.74,77.32,76.0,71.2,71.2,0.05,6.85,71.2,71.33,84.92,87.90123457,87.90123457,87.90123457,87.90123457,65.08666667,65.08666667,64.72,45.99771429,45.99771429,45.99771429,45.99771429,45.99771429,45.99771429,68.99657143,68.99657143,68.99657143,68.99657143,68.99657143,68.99657143,68.99657143,68.99657143,68.99657143,68.99657143,68.99657143,68.99657143,68.99657143,68.99657143,68.99657143,68.99657143,68.99657143,68.99657143,3.333333333,3.333333333,3.333333333,3.333333333,3.333333333,3.333333333,3.333333333,3.333333333,3.333333333,3.892393571,4.383064178,4.59473764,3.333333333,3.333333333,3.832301778,3.839207667,4.561138582,4.719508369,4.719508369,4.494093929,4.494093929,3.333333333,3.333333333,3.333333333,True,True
community_size,54,True,False,1.5,1,0.8,1,1000,3.28,50,10,3.333333333,1,1,1,1,6,0,1,1,0.25,0.25,0.25,3,0,0,0.2,0.2,0.2,24,0.275618792,959.9146297,146.5580054,619.635305,0,0,0,5.653301995359243,['u2'],63.50310564,951.2140183,151.461822,623.4320997,0,0,0,0.7494853953588887,['u2'],69.35274406,61.80716057,61.80716057,64.94215876,64.94215876,64.94215876,53.16,64.94215876,64.94215876,76.0,71.2,71.2,0.05,6.85,71.2,71.33,84.92,96.78,96.78,97.0,97.02,97.63,97.63,97.08,45.99771429,45.99771429,45.99771429,45.99771429,45.99771429,45.99771429,68.99657143,68.99657143,68.99657143,68.99657143,68.99657143,68.99657143,68.99657143,68.99657143,68.99657143,68.99657143,68.99657143,68.99657143,68.99657143,68.99657143,68.99657143,68.99657143,68.99657143,68.99657143,3.333333333,3.333333333,3.333333333,3.333333333,3.333333333,3.333333333,3.333333333,3.333333333,3.333333333,3.892393571,4.383064178,4.59473764,3.333333333,3.333333333,3.832301778,3.839207667,4.561138582,5.0,5.0,4.954107584,4.955118741,4.985959005,3.333333333,3.333333333,False,False
community_size,55,True,False,1.5,1,0.8,1,1000,3.28,50,10,3.333333333,1,1,1,1,6,0,1,1,0.25,0.25,0.25,3,0,0,0.2,0.2,0.2,25,0.132693291,1079.811782,156.2470841,622.9467229,0,0,0,2.12e-12,,71.57190204,1079.811782,156.2470841,622.9467229,0,0,0,1.66e-12,,81.99,78.61,78.61,78.61,78.61,78.61,79.74,79.74,77.32,76.0,71.2,71.2,0.05,6.85,71.2,71.33,84.92,93.18135375,93.18135375,93.18135375,93.18135375,65.08666667,65.08666667,65.08666667,45.99771429,45.99771429,45.99771429,45.99771429,45.99771429,45.99771429,68.99657143,68.99657143,68.99657143,68.99657143,68.99657143,68.99657143,68.99657143,68.99657143,68.99657143,68.99657143,68.99657143,68.99657143,68.99657143,68.99657143,68.99657143,68.99657143,68.99657143,68.99657143,3.333333333,3.333333333,3.333333333,4.394255938,3.333333333,4.165126579,3.333333333,3.333333333,3.333333333,3.892393571,4.383064178,4.59473764,3.333333333,3.333333333,3.832301778,3.839207667,4.561138582,5.0,5.0,4.761045192,4.761045192,3.333333333,3.333333333,3.333333333,True,True
community_size,56,True,False,1.5,1,0.8,1,1000,3.28,50,10,3.333333333,1,1,1,1,6,0,1,1,0.25,0.25,0.25,3,0,0,0.2,0.2,0.2,26,0.184013367,1108.16521,146.2000134,615.0643976,0,0,0,6.011293995358983,['u2'],55.55887508,1100.920534,150.8690476,617.6400393,0,0,0,1.3422597953589275,['u2'],69.35274406,61.80716057,63.66657167,64.94215876,64.94215876,64.94215876,53.16,79.74,77.32,76.0,71.2,71.2,0.05,6.85,71.2,71.33,84.92,96.78,96.78,97.0,97.02,97.63,97.63,97.08,45.99771429,45.99771429,45.99771429,45.99771429,45.99771429,45.99771429,68.99657143,68.99657143,68.99657143,68.99657143,68.99657143,68.99657143,68.99657143,68.99657143,68.99657143,68.99657143,68.99657143,68.99657143,68.99657143,68.99657143,68.99657143,68.99657143,68.99657143,68.99657143,3.333333333,3.333333333,3.333333333,3.333333333,3.333333333,3.333333333,3.333333333,3.333333333,3.333333333,3.892393571,4.383064178,4.59473764,3.333333333,3.333333333,3.832301778,3.839207667,4.561138582,5.0,5.0,4.954107584,4.955118741,3.333333333,5.0,3.333333333,False,False
community_size,57,True,False,1.5,1,0.8,1,1000,3.28,50,10,3.333333333,1,1,1,1,6,0,1,1,0.25,0.25,0.25,3,0,0,0.2,0.2,0.2,27,0.206861496,1330.194734,150.966133,626.8737482,0,0,0,5.967412007497273,"['u1', 'u2']",60.72958732,1337.187525,151.8319921,619.0150977,0,0,0,0.3793152953589143,['u2'],81.99,78.61,67.32697624,67.32697624,61.80716057,54.46956366,53.16,64.94215876,64.94215876,76.0,71.2,71.2,0.05,6.85,71.2,71.33,84.92,96.78,96.78,97.0,97.02,97.08,97.08,97.08,45.99771429,45.99771429,45.99771429,45.99771429,45.99771429,45.99771429,68.99657143,68.99657143,68.99657143,68.99657143,68.99657143,68.99657143,68.99657143,68.99657143,68.99657143,68.99657143,68.99657143,68.99657143,68.99657143,68.99657143,68.99657143,68.99657143,68.99657143,68.99657143,3.333333333,3.333333333,3.333333333,3.333333333,3.333333333,3.333333333,3.333333333,3.333333333,3.333333333,3.892393571,4.383064178,4.59473764,3.333333333,3.333333333,3.832301778,3.839207667,4.561138582,5.0,5.0,4.954107584,4.955118741,3.333333333,3.333333333,3.333333333,False,False
community_size,58,True,False,1.5,1,0.8,1,1000,3.28,50,10,3.333333333,1,1,1,1,6,0,1,1,0.25,0.25,0.25,3,0,0,0.2,0.2,0.2,28,0.130092144,533.6256794,152.2113074,619.272521,0,0,0,1.28e-13,,84.40790439,533.6256794,152.2113074,619.272521,0,0,0,-4.41e-13,,81.99,78.61,78.61,78.61,78.61,78.61,79.74,79.74,77.32,76.0,71.2,71.2,71.2,71.2,71.2,71.33,84.92,96.78,96.78,97.0,97.02,66.4119,66.4119,66.4119,45.99771429,45.99771429,45.99771429,45.99771429,45.99771429,45.99771429,68.99657143,68.99657143,68.99657143,68.99657143,68.99657143,68.99657143,68.99657143,68.99657143,68.99657143,68.99657143,68.99657143,68.99657143,68.99657143,68.99657143,68.99657143,68.99657143,68.99657143,68.99657143,3.333333333,3.333333333,3.333333333,3.333333333,3.333333333,4.684000113,3.333333333,4.219946734,3.333333333,3.892393571,4.383064178,4.59473764,3.333333333,3.333333333,3.832301778,3.839207667,4.561138582,5.0,5.0,4.954107584,4.955118741,3.333333333,3.333333333,3.333333333,True,True
community_size,59,True,False,1.5,1,0.8,1,1000,3.28,50,10,3.333333333,1,1,1,1,6,0,1,1,0.25,0.25,0.25,3,0,0,0.2,0.2,0.2,29,0.152285814,1484.297607,156.2470841,623.4258316,0,0,0,1.22e-12,,87.45918036,1484.297607,156.2470841,623.4258316,0,0,0,1.22e-12,,79.90123457,78.61,78.61,78.61,78.61,78.61,64.72,79.74,77.32,76.0,71.2,71.2,0.05,6.85,71.2,71.33,84.92,93.18135375,93.18135375,93.18135375,93.18135375,65.08666667,65.08666667,64.72,45.99771429,45.99771429,45.99771429,45.99771429,45.99771429,45.99771429,68.99657143,68.99657143,68.99657143,68.99657143,68.99657143,68.99657143,68.99657143,68.99657143,68.99657143,68.99657143,68.99657143,68.99657143,68.99657143,68.99657143,68.99657143,68.99657143,68.99657143,68.99657143,3.333333333,4.170819106,3.333333333,3.333333333,3.333333333,3.333333333,3.333333333,3.333333333,3.333333333,3.892393571,4.383064178,4.59473764,3.333333333,3.333333333,3.832301778,3.839207667,4.561138582,5.0,5.0,4.761045192,4.761045192,3.333333333,3.333333333,3.333333333,True,True
community_size,60,True,False,1.5,1,0.8,1,1000,3.28,50,10,3.333333333,1,1,1,1,6,0,1,1,0.25,0.25,0.25,3,0,0,0.2,0.2,0.2,30,0.157607794,1633.521358,144.860558,638.3292824,0,0,0,7.35074939535896,['u2'],74.31258059,1624.142833,150.7635629,641.8048022,0,0,0,1.4477444953588332,['u2'],69.35274406,67.32697624,64.41675239,61.80716057,61.80716057,64.94215876,53.16,64.94215876,64.94215876,76.0,71.2,71.2,0.05,6.85,71.2,71.33,84.92,96.78,96.78,96.78,96.78,66.97382186,65.08666667,64.72,45.99771429,45.99771429,45.99771429,45.99771429,45.99771429,45.99771429,68.99657143,68.99657143,68.99657143,68.99657143,68.99657143,68.99657143,68.99657143,68.99657143,68.99657143,68.99657143,68.99657143,68.99657143,68.99657143,68.99657143,68.99657143,68.99657143,68.99657143,68.99657143,3.333333333,3.333333333,3.333333333,3.333333333,3.333333333,3.333333333,3.333333333,3.333333333,3.333333333,3.892393571,4.383064178,4.59473764,3.333333333,3.333333333,3.832301778,3.839207667,4.561138582,5.0,5.0,4.942984866,4.942984866,3.333333333,3.333333333,3.333333333,False,False
community_size,61,True,False,1.5,1,0.8,1,1000,3.28,50,10,3.333333333,1,1,1,1,6,0,1,1,0.25,0.25,0.25,3,0,0,0.2,0.2,0.2,31,0.204610109,1365.38069,147.7555494,620.6496251,0,0,0,4.455757995358951,['u2'],68.61211824,1357.259121,152.234042,624.2927017,0,0,0,0.0,,69.35274406,67.32697624,64.41675239,61.80716057,61.80716057,61.80716057,53.16,61.80716057,64.94215876,76.0,71.2,71.2,0.05,6.85,71.2,71.33,84.92,96.78,96.78,97.0,97.02,97.63,97.63,97.08,45.99771429,45.99771429,45.99771429,45.99771429,45.99771429,45.99771429,68.99657143,68.99657143,68.99657143,68.99657143,68.99657143,68.99657143,68.99657143,68.99657143,68.99657143,68.99657143,68.99657143,68.99657143,68.99657143,68.99657143,68.99657143,68.99657143,68.99657143,68.99657143,3.333333333,3.333333333,3.333333333,3.333333333,3.333333333,3.333333333,3.333333333,3.333333333,3.333333333,3.892393571,4.383064178,4.59473764,3.333333333,3.333333333,3.832301778,3.839207667,4.561138582,5.0,5.0,4.954107584,4.955118741,4.985959005,3.333333333,3.333333333,False,True
