finished,n,scen,day,r,exit,wall_s,peak_private_gb,peak_ws_gb,min_avail_gb,killed
2026-10-06 23:55,6,20,1,0.0960365,0,120,2.15,0.67,8.15,0
2026-10-07 00:05,15,20,1,0.0960365,0,632,3.69,1.89,7.18,0
2026-10-07 00:15,30,20,1,0.0960365,0,572,4.59,2.72,6.53,0
2026-10-07 00:35,60,20,1,0.0960365,0,1202,6.73,4.88,5.13,0
2026-10-07 00:37,6,20,2,0.0960365,0,92,2.15,0.68,8.71,0
2026-10-07 01:06,15,20,2,0.0960365,0,1772,4.81,2.82,6.80,0
2026-10-07 01:48,30,20,2,0.0960365,0,2492,7.15,4.17,5.47,0
2026-10-07 02:28,60,20,2,0.0960365,0,2432,12.23,8.76,2.00,0
2026-10-07 02:30,6,20,3,0.0960365,0,122,2.35,0.72,9.36,0
2026-10-07 03:01,15,20,3,0.0960365,0,1832,4.67,2.75,7.90,0
2026-10-07 03:32,30,20,3,0.0960365,0,1892,6.80,4.07,6.64,0
2026-10-07 03:51,60,20,3,0.0960365,0,1142,6.71,4.78,5.45,0
2026-10-07 03:53,6,20,4,0.0960365,0,122,2.41,0.84,9.12,0
2026-10-07 04:14,15,20,4,0.0960365,0,1262,4.58,2.46,7.66,0
2026-10-07 04:59,30,20,4,0.0960365,0,2702,10.91,8.29,4.74,0
2026-10-07 06:43,60,20,4,0.0960365,0,6212,13.64,8.70,1.61,0
2026-10-07 06:45,6,20,5,0.0960365,0,122,2.36,0.72,8.56,0
2026-10-07 07:34,15,20,5,0.0960365,0,2972,4.82,2.72,6.55,0
2026-10-07 08:34,30,20,5,0.0960365,0,3542,9.28,6.57,3.54,0
2026-10-07 10:08,60,20,5,0.0960365,0,5672,13.15,8.84,1.51,0
2026-10-07 10:10,6,20,6,0.0960365,0,122,2.43,0.77,8.59,0
2026-10-07 10:45,15,20,6,0.0960365,0,2102,5.18,3.18,5.94,0
2026-10-07 11:52,30,20,6,0.0960365,0,3992,8.48,5.87,5.35,0
2026-10-07 15:26,60,20,6,0.0960365,0,5282,13.21,9.24,1.43,0
2026-10-07 15:27,6,20,7,0.0960365,0,90,2.15,0.68,8.73,0
2026-10-07 15:45,15,20,7,0.0960365,0,1052,4.44,2.44,7.31,0
2026-10-07 16:16,30,20,7,0.0960365,0,1892,6.87,4.33,5.36,0
