finished,method,n,scen,day,status,alg_s,wall_s,exit,killed,peak_private_gb,min_avail_gb,iterations,lb,obj,eps,t_target,lb_short
2026-10-10 13:56,coalgen,6,20,1,converged,1132,1142,0,0,2.92,10.21,20,nan,nan,0.000000,nan,nan
2026-10-10 14:12,coalgen,6,20,2,converged,958,962,0,0,2.92,10.04,19,nan,nan,-0.000000,nan,nan
2026-10-10 14:19,coalgen,6,20,3,converged,387,392,0,0,2.83,10.36,7,nan,nan,0.000000,nan,nan
2026-10-10 14:29,flat,6,20,1,converged,613,632,0,0,2.27,10.41,775,243.402932,243.758838,1.200430,314,-0.398815
2026-10-10 17:03,flat,6,20,2,target,3654,3660,0,0,2.30,9.74,1155,317.183085,323.839173,1.105287,252,-0.364836
2026-10-10 17:12,conic,6,20,1,target,127,150,0,0,2.94,9.41,101,243.013171,250.620008,1.264913,125,-0.009054
2026-10-10 17:14,conic,6,20,2,target,99,120,0,0,2.87,9.45,91,316.821715,323.839174,1.166350,97,-0.003466
2026-10-10 17:16,conic,6,20,3,target,122,152,0,0,2.85,9.51,87,542.306889,557.113141,2.461590,119,-0.062756
2026-10-10 17:26,conic,15,20,1,target,575,602,0,0,4.31,8.13,124,2044.860168,2052.606425,0.515363,571,-0.009432
2026-10-10 17:39,conic,15,20,2,target,736,752,0,0,4.32,7.79,139,2188.085983,2193.739743,0.376288,728,-0.000523
2026-10-10 17:48,conic,15,20,3,target,531,540,0,0,4.26,8.12,103,2529.139457,2543.212267,0.936055,526,-0.033838
2026-10-10 18:49,conic,30,20,1,timeout,3620,3662,0,0,6.63,6.41,174,3979.438191,3982.504286,0.101968,inf,0.000570
2026-10-10 19:49,conic,30,20,2,timeout,3616,3632,0,0,6.58,6.65,208,4263.409267,4265.321337,0.063625,inf,0.090713
2026-10-10 20:50,conic,30,20,3,target,3599,3632,0,0,6.49,6.44,324,4743.507708,4747.411453,0.129747,3572,-0.007345
