elapsed_s,ws_gb,peak_ws_gb,private_gb,avail_gb
0,0.00,0.00,0.00,9.01
30,0.00,0.00,0.00,5.60
60,0.00,0.00,0.00,5.57
90,0.00,0.00,0.00,5.52
120,0.00,0.00,0.00,5.37
150,0.00,0.00,0.00,5.38
180,0.00,0.00,0.00,5.39
210,0.00,0.00,0.00,5.35
240,0.00,0.00,0.00,5.31
270,0.00,0.00,0.00,5.31
300,0.00,0.00,0.00,5.29
330,0.00,0.00,0.00,5.26
360,0.00,0.00,0.00,5.36
390,0.00,0.00,0.00,5.37
420,0.00,0.00,0.00,5.42
450,0.00,0.00,0.00,5.35
480,0.00,0.00,0.00,5.33
510,0.00,0.00,0.00,5.32
540,0.00,0.00,0.00,5.29
570,0.00,0.00,0.00,5.22
600,0.00,0.00,0.00,5.09
630,0.00,0.00,0.00,5.10
660,0.00,0.00,0.00,5.11
690,0.00,0.00,0.00,5.16
720,0.00,0.00,0.00,5.23
750,0.00,0.00,0.00,5.15
780,0.00,0.00,0.00,5.18
810,0.00,0.00,0.00,5.15
840,0.00,0.00,0.00,5.19
870,0.00,0.00,0.00,5.16
900,0.00,0.00,0.00,5.16
930,0.00,0.00,0.00,5.22
960,0.00,0.00,0.00,5.21
990,0.00,0.00,0.00,4.49
1020,0.00,0.00,0.00,4.53
1050,0.00,0.00,0.00,4.56
1080,0.00,0.00,0.00,4.57
1110,0.00,0.00,0.00,4.61
1140,0.00,0.00,0.00,4.61
1170,0.00,0.00,0.00,4.64
1200,0.00,0.00,0.00,4.35
1230,0.00,0.00,0.00,4.27
# exit 0  wall 1260s  peak working set 0.00 GB  peak private 0.00 GB
