run,day,n_players,num_households,base_h2_price_eur,import_factor,pi_res,pi_peak,v_mip,v_chp,gap,eps_bound,time_mip_s,time_cg_s,r_sym,reserve_revenue,pool_standalone_sum,pool_gain_abs,pool_gain_ratio,mech_no_pooling,mech_time_only,mech_full,mech_gain_time,mech_gain_direction,mech_share_direction,n_binding_up,n_binding_dn,settlement_imbalance,stab_method,stab_excess_sigma,stab_holds_sigma,stab_excess_owen,stab_holds_owen,stab_eps_lr,stab_worst_S_size,stab_time_s,peak_value,peak_cost,sum_individual_peaks,coincidence_factor,peak_netting_saving,schema_checks,converged,vstar_is_lower_bound,cost_of_stability_vstar,weak_eps,time_rowgen_s,n_coalitions
baseline_30p,1,30,700,3.333333333333333,1.5,56.0,150.0,-6915.024987846491,-6919.796905615549,-4.771917769057836,0.1590639256352612,9.98,59.83,0.8414068747261321,1130.8508396319214,0.8414068747261321,0.0,1.0,0.0,0.3584800454578392,0.8414068747261321,0.3584800454578392,0.4829268292682928,0.5739516086381868,16,13,1.1368683772161605e-12,dinkelbach,-0.0,True,0.1590639256352612,True,0.1590639256352612,2,356.17,1.7385754669105773,260.7863200365866,6.163770581704308,0.2820636238589292,4.4251951147937305,ok,False,True,1.1652900866465645e-12,3.884300288821881e-14,3688.51,70
baseline_30p,2,30,700,3.333333333333333,1.5,56.0,150.0,-6717.046124830189,-6722.440476246915,-5.39435141672584,0.1798117138908613,9.0,59.05,0.8414068747261321,1130.8508396319214,0.8414068747261321,0.0,1.0,0.0,0.0513558283812326,0.8414068747261316,0.0513558283812326,0.790051046344899,0.9389643347067392,13,14,0.0,dinkelbach,-0.0,True,0.1798117138908613,True,0.1798117138908613,1,436.89,2.026776267257742,304.0164400886613,6.084356407676488,0.3331126797076855,4.057580140418746,ok,False,True,-1.1368683772161605e-13,-3.789561257387201e-15,5798.92,60
baseline_30p,3,30,700,3.333333333333333,1.5,56.0,150.0,-6173.401376420037,-6175.120436682177,-1.7190602621394646,0.0573020087379821,4.49,66.59,0.8414068747261321,1130.8508396319214,0.8414068747261321,0.0,1.0,0.0,0.2334800454578392,0.8414068747261321,0.2334800454578392,0.6079268292682928,0.7225123154195355,14,4,1.22460022942073,dinkelbach,-0.0,True,0.0573020087379821,True,0.0573020087379821,2,167.64,2.365347041705876,354.8020562558814,6.945153019511552,0.3405752234775425,4.579805977805676,ok,False,True,0.0,0.0,7342.58,60
baseline_30p,4,30,700,3.333333333333333,1.5,56.0,150.0,-6926.199181930732,-6926.534410947309,-0.3352290165767044,0.0111743005525568,5.03,75.08,0.8414068747261321,1130.8508396319214,0.8414068747261321,0.0,1.0,0.0660227374593884,0.3584800454578393,0.8414068747261321,0.2924573079984509,0.4829268292682927,0.62282268369666,13,16,3.842615114990622e-11,dinkelbach,-0.0,True,0.0111743005525568,True,0.0111743005525568,2,159.17,1.378091333972123,206.71370009581847,6.350490804151401,0.2170054845321949,4.972399470179278,ok,False,True,5.400124791776761e-13,1.8000415972589204e-14,5504.53,60
baseline_30p,5,30,700,3.333333333333333,1.5,56.0,150.0,-6794.453415388514,-6800.061114972715,-5.607699584200418,0.1869233194733472,11.07,57.58,0.8414068747261321,1130.8508396319214,0.8414068747261321,0.0,1.0,0.0,0.4834800454578393,0.8414068747261321,0.4834800454578393,0.3579268292682928,0.4253909018568379,17,19,0.5045352052088674,dinkelbach,-0.0,True,0.1869233194733624,True,0.1869233194733472,5,94.31,1.726090150245584,258.9135225368376,6.16071804002905,0.2801767811853056,4.434627889783466,ok,False,True,-5.400124791776761e-13,-1.8000415972589204e-14,4947.71,60
baseline_30p,6,30,700,3.333333333333333,1.5,56.0,150.0,-7527.189646382127,-7527.639675632325,-0.4500292501979857,0.0150009750065995,5.75,64.23,0.8414068747261321,1130.8508396319214,0.8414068747261321,0.0,1.0,0.0,0.3584800454578393,0.8414068747261321,0.3584800454578393,0.4829268292682928,0.5739516086381867,19,23,1.5916157281026244e-12,dinkelbach,-0.0,True,0.0150009750065995,True,0.0150009750065995,2,189.64,0.989345953999758,148.4018930999637,6.367719580472321,0.155368957677369,5.378373626472563,ok,False,True,2.842170943040401e-13,9.473903143468002e-15,3674.55,140
baseline_30p,7,30,700,3.333333333333333,1.5,56.0,150.0,-7154.421953851581,-7158.52642180547,-4.104467953889071,0.136815598462969,9.87,57.79,0.8414068747261321,1130.8508396319214,0.8414068747261321,0.0,1.0,0.0,0.2346300147218999,0.8414068747261321,0.2346300147218999,0.6067768600042321,0.7211455934463702,17,19,0.0,dinkelbach,-0.0,True,0.136815598462969,True,0.136815598462969,2,290.47,1.4703446371948357,220.5516955792253,5.873922307304283,0.2503173450841267,4.403577670109447,ok,False,True,3.1263880373444413e-13,1.0421293457814802e-14,3607.17,150
baseline_30p,8,30,700,3.333333333333333,1.5,56.0,150.0,-7451.193713860744,-7455.009116291628,-3.815402430883296,0.1271800810294432,10.81,56.89,0.8414068747261321,1130.8508396319214,0.8414068747261321,0.0,1.0,0.0,0.3584800454578393,0.8414068747261321,0.3584800454578393,0.4829268292682928,0.5739516086381867,16,16,2.273736754432321e-12,dinkelbach,-0.0,True,0.1271800810294432,True,0.1271800810294432,2,4877.99,1.5524591649100794,232.8688747365119,6.507540677362382,0.2385631134524568,4.955081512452303,ok,False,True,-1.0231815394945445e-12,-3.4106051316484814e-14,4493.62,60
baseline_30p,9,30,700,3.333333333333333,1.5,56.0,150.0,-7650.906164772852,-7651.798602321368,-0.8924375485157725,0.029747918283859,8.51,59.25,0.8414068747261321,1130.8508396319214,0.8414068747261321,0.0,1.0,0.0,0.361340990933722,0.8414068747261321,0.361340990933722,0.48006588379241,0.5705514159825065,19,21,0.1385565487405529,dinkelbach,-0.0,True,0.029747918283859,True,0.029747918283859,2,157.77,0.8974552317498654,134.61828476247982,5.296617317556927,0.169439319086737,4.3991620858070615,ok,False,True,4.547473508864641e-13,1.5158245029548804e-14,5583.7,60
baseline_30p,10,30,700,3.333333333333333,1.5,56.0,150.0,-6145.06788950616,-6145.256056685562,-0.1881671794017165,0.0062722393133905,5.64,78.97,0.8414068747261321,1130.8508396319214,0.8414068747261321,0.0,1.0,0.0,0.3584800454578393,0.8414068747261321,0.3584800454578393,0.4829268292682928,0.5739516086381867,16,16,5.4569682106375694e-12,dinkelbach,-3.069544618483633e-12,True,0.006272239312319,True,0.0062722393133905,4,250.95,2.3523371331828744,352.8505699774312,6.979224489837247,0.3370484982404872,4.626887356654372,ok,False,True,0.0,0.0,3610.42,60
baseline_30p,11,30,700,3.333333333333333,1.5,56.0,150.0,-5934.920604439343,-5942.015153961733,-7.0945495223895705,0.2364849840796523,11.89,62.87,0.8414068747261321,1130.8508396319214,0.8414068747261321,0.0,1.0,0.0,0.142240329922422,0.8414068747261321,0.142240329922422,0.6991665448037101,0.830949408431302,20,16,2.446870355673127,dinkelbach,-0.0,True,0.2364849840796523,True,0.2364849840796523,2,96.72,2.32874271134867,349.3114067023005,6.241170097514294,0.3731259803792483,3.912427386165624,ok,False,True,-7.958078640513122e-13,-2.6526928801710407e-14,3642.72,100
baseline_30p,12,30,700,3.333333333333333,1.5,56.0,150.0,-6024.976542684315,-6027.140231736471,-2.16368905215586,0.0721229684051953,7.01,63.44,0.8414068747261321,1130.8508396319214,0.8414068747261321,0.0,1.0,0.0,0.1210430109669432,0.8414068747261321,0.1210430109669432,0.7203638637591888,0.8561421179184668,16,17,1.091393642127514e-11,dinkelbach,-0.0,True,0.0721229684051953,True,0.0721229684051953,2,297.28,2.3890756325153277,358.3613448772991,7.043644885083439,0.3391817264346691,4.654569252568112,ok,False,True,-5.968558980384843e-13,-1.9895196601282804e-14,5414.55,60
baseline_30p,13,30,700,3.333333333333333,1.5,56.0,150.0,-6803.85694502954,-6808.554559309709,-4.6976142801686365,0.1565871426722878,15.43,63.47,0.8414068747261321,1130.8508396319214,0.8414068747261321,0.0,1.0,0.0,0.2078464698748105,0.8414068747261321,0.2078464698748105,0.6335604048513215,0.7529774522671185,16,18,0.0035500389019489,dinkelbach,-0.0,True,0.1565871426722878,True,0.1565871426722878,2,366.74,1.8321222455657744,274.8183368348662,5.94820548611171,0.3080126014213099,4.116083240545935,ok,False,True,5.400124791776761e-13,1.8000415972589204e-14,4458.76,60
baseline_30p,14,30,700,3.333333333333333,1.5,56.0,150.0,-6220.7251120490055,-6225.3834258401175,-4.65831379111205,0.1552771263704016,7.15,58.78,0.8414068747261321,1130.8508396319214,0.8414068747261321,0.0,1.0,0.0,0.1084800454578392,0.8414068747261321,0.1084800454578392,0.7329268292682928,0.8710730222008843,18,12,1.0004441719502209e-11,dinkelbach,-0.0,True,0.1552771263704016,True,0.1552771263704016,2,159.53,2.168560143546138,325.2840215319207,6.71996922696528,0.3227038800779529,4.551409083419142,ok,False,True,8.526512829121202e-13,2.8421709430404014e-14,4275.22,60
baseline_30p,15,30,700,3.333333333333333,1.5,56.0,150.0,-7385.960683261213,-7390.459168419182,-4.498485157969299,0.1499495052656433,7.84,58.63,0.8414068747261321,1130.8508396319214,0.8414068747261321,0.0,1.0,0.0,0.3584800454578393,0.8414068747261321,0.3584800454578393,0.4829268292682928,0.5739516086381867,17,12,0.582199334409097,dinkelbach,-0.0,True,0.1499495052656433,True,0.1499495052656433,2,120.84,1.3818547878262266,207.278218173934,5.87303607854802,0.2352879787123426,4.4911812907217925,ok,False,True,-1.0800249583553525e-12,-3.6000831945178414e-14,6352.54,60
baseline_30p,16,30,700,3.333333333333333,1.5,56.0,150.0,-6690.650209163143,-6695.136555261392,-4.48634609824876,0.1495448699416253,16.81,70.92,0.8414068747261321,1130.8508396319214,0.8414068747261321,0.0,1.0,0.0,0.3030155355536122,0.8414068747261321,0.3030155355536122,0.5383913391725198,0.6398703829794115,19,15,0.2427139583496682,dinkelbach,-0.0,True,0.1495448699416253,True,0.1495448699416253,2,619.47,1.8559015261839185,278.3852289275877,6.065322568707308,0.3059856265121054,4.20942104252339,ok,False,True,-7.958078640513122e-13,-2.6526928801710407e-14,4136.91,60
baseline_30p,17,30,700,3.333333333333333,1.5,56.0,150.0,-5868.137788698575,-5873.217294726897,-5.079506028322612,0.1693168676107537,11.89,61.16,0.8414068747261321,1130.8508396319214,0.8414068747261321,0.0,1.0,0.0,0.1214401178163835,0.8414068747261321,0.1214401178163835,0.7199667569097485,0.8556701621247024,18,11,6.821210263296962e-13,dinkelbach,-0.0,True,0.1693168676107537,True,0.1693168676107537,2,688.49,2.659210475917187,398.8815713875781,6.237842850790802,0.4263028966143425,3.578632374873615,ok,False,True,-1.0231815394945445e-12,-3.4106051316484814e-14,3902.62,60
baseline_30p,18,30,700,3.333333333333333,1.5,56.0,150.0,-6425.639714978523,-6431.010494882508,-5.37077990398484,0.1790259967994946,11.76,72.98,0.8414068747261321,1130.8508396319214,0.8414068747261321,0.0,1.0,0.0,0.3178615077880476,0.8414068747261321,0.3178615077880476,0.5235453669380845,0.6222261579553795,20,19,1.3869794202037156e-11,dinkelbach,-0.0,True,0.1790259967994946,True,0.1790259967994946,2,155.36,1.9446008272255664,291.690124083835,6.114295061310469,0.3180417051722693,4.169694234084902,ok,False,True,1.4210854715202006e-13,4.736951571734001e-15,3656.55,130
baseline_30p,19,30,700,3.333333333333333,1.5,56.0,150.0,-6472.097844750546,-6477.386176490224,-5.288331739678142,0.176277724655938,7.27,61.6,0.8414068747261321,1130.8508396319214,0.8414068747261321,0.0,1.0,0.0,0.6967226289389076,0.8414068747261321,0.6967226289389076,0.1446842457872245,0.1719551505142116,15,19,1.261923898709938e-10,dinkelbach,-0.0,True,0.1762777246581492,True,0.176277724655938,4,556.81,1.9555370170337312,293.3305525550597,6.788514326108376,0.288065535858532,4.832977309074645,ok,False,True,3.694822225952521e-13,1.2316074086508404e-14,4471.11,60
baseline_30p,20,30,700,3.333333333333333,1.5,56.0,150.0,-6840.442259195177,-6841.433545023025,-0.9912858278476052,0.0330428609282535,7.92,61.89,0.8414068747261321,1130.8508396319214,0.8414068747261321,0.0,1.0,0.0,0.2662362814112674,0.8414068747261321,0.2662362814112674,0.5751705933148646,0.6835819989016323,17,13,2.273736754432321e-13,dinkelbach,-0.0,True,0.0330428609282535,True,0.0330428609282535,2,450.1,1.417548525519947,212.632278827992,6.092574801032259,0.232668218579733,4.675026275512312,ok,False,True,3.979039320256561e-13,1.3263464400855204e-14,4568.24,60
baseline_30p,21,30,700,3.333333333333333,1.5,56.0,150.0,-6498.739379319133,-6499.064539991684,-0.3251606725507372,0.0108386890850245,4.8,72.81,0.8414068747261321,1130.8508396319214,0.8414068747261321,0.0,1.0,0.0,0.3584800454578393,0.8414068747261321,0.3584800454578393,0.4829268292682928,0.5739516086381867,14,12,1.978150976356119e-11,dinkelbach,-0.0,True,0.0108386890850245,True,0.0108386890850245,2,99.13,1.723819141890103,258.57287128351544,6.352971143424404,0.271340622044904,4.629152001534301,ok,False,True,-1.2505552149377765e-12,-4.1685173831259214e-14,3697.8,60
baseline_30p,22,30,700,3.333333333333333,1.5,56.0,150.0,-7141.843105127291,-7146.031291212514,-4.188186085222696,0.1396062028407565,8.85,65.82,0.8414068747261321,1130.8508396319214,0.8414068747261321,0.0,1.0,0.0152882762033315,0.3996502757316307,0.8414068747261321,0.3843619995282991,0.4417565989945013,0.5347375059518273,16,16,0.4282270564556256,dinkelbach,-0.0,True,0.1396062028407641,True,0.1396062028407565,5,281.73,1.4934333744113006,224.01500616169508,6.140919577155019,0.2431937685631086,4.647486202743719,ok,False,True,9.379164112033322e-13,3.126388037344441e-14,3646.64,120
baseline_30p,23,30,700,3.333333333333333,1.5,56.0,150.0,-6756.1438521165,-6756.813682969388,-0.6698308528875714,0.0223276950962523,5.8,68.79,0.8414068747261321,1130.8508396319214,0.8414068747261321,0.0,1.0,0.0,0.3119591633176221,0.8414068747261321,0.3119591633176221,0.5294477114085099,0.6292410096849266,12,13,2.3419488570652902e-11,dinkelbach,-0.0,True,0.0223276950962523,True,0.0223276950962523,2,379.43,1.7898102683236317,268.4715402485447,6.56940102264679,0.27244649278581,4.779590754323158,ok,False,True,-1.1368683772161605e-13,-3.789561257387201e-15,4638.15,60
baseline_30p,24,30,700,3.333333333333333,1.5,56.0,150.0,-5767.479632475524,-5781.058877423118,-13.579244947593908,0.4526414982531302,17.65,57.86,0.8414068747261321,1130.8508396319214,0.8414068747261321,0.0,1.0,0.0,0.1023150073609499,0.8414068747261321,0.1023150073609499,0.7390918673651821,0.8784000815369469,22,22,1.2018362893975336,dinkelbach,-0.0,True,0.4526414982531302,True,0.4526414982531302,1,249.5,2.7097701643244148,406.4655246486622,6.602993159988547,0.4103851236352204,3.8932229956641327,ok,False,True,1.1368683772161605e-13,3.789561257387201e-15,4532.77,60
baseline_30p,25,30,700,3.333333333333333,1.5,56.0,150.0,-6021.548327599339,-6024.692578803782,-3.144251204443208,0.1048083734814402,7.69,64.59,0.8414068747261321,1130.8508396319214,0.8414068747261321,0.0,1.0,0.0,0.0821874652887175,0.8414068747261321,0.0821874652887175,0.7592194094374145,0.9023213765451245,16,15,2.1145751816220584e-10,dinkelbach,-0.0,True,0.1048083734814402,True,0.1048083734814402,2,326.56,2.658367982159707,398.75519732395605,6.491904977710845,0.4094896630937892,3.8335369955511376,ok,False,True,-1.1368683772161605e-13,-3.789561257387201e-15,3668.7,70
baseline_30p,26,30,700,3.333333333333333,1.5,56.0,150.0,-6091.328574486084,-6094.243484890798,-2.914910404713737,0.0971636801571245,6.64,57.45,0.8414068747261321,1130.8508396319214,0.8414068747261321,0.0,1.0,0.0,0.0943272709354651,0.8414068747261321,0.0943272709354651,0.7470796037906668,0.8878933916885721,16,20,4.774847184307873e-12,dinkelbach,-0.0,True,0.0971636801571245,True,0.0971636801571245,2,201.17,1.8917640121100767,283.7646018165115,6.5144409185114,0.2903954515474153,4.622676906401323,ok,False,True,5.115907697472721e-13,1.7053025658242404e-14,4216.71,60
baseline_30p,27,30,700,3.333333333333333,1.5,56.0,150.0,-6694.9009011083945,-6696.716029595066,-1.8151284866717103,0.060504282889057,8.31,68.23,0.8414068747261321,1130.8508396319214,0.8414068747261321,0.0,1.0,0.0,0.3584800454578393,0.8414068747261321,0.3584800454578393,0.4829268292682928,0.5739516086381867,13,17,2.273736754432321e-13,dinkelbach,-0.0,True,0.060504282889057,True,0.060504282889057,2,910.35,1.664346525763277,249.65197886449155,5.9415164008728,0.2801215066104651,4.277169875109523,ok,False,True,-6.252776074688883e-13,-2.0842586915629604e-14,3831.94,60
baseline_30p,28,30,700,3.333333333333333,1.5,56.0,150.0,-4637.527185977565,-4638.664516212149,-1.1373302345837146,0.0379110078194571,7.21,58.5,0.8414068747261321,1130.8508396319214,0.8414068747261321,0.0,1.0,0.0734800454578392,0.3584800454578393,0.8414068747261321,0.285,0.4829268292682928,0.6288708909004288,19,20,9.549694368615746e-12,dinkelbach,1.0743406164692716e-11,True,0.0379110078221376,True,0.0379110078194571,4,247.49,2.858276878936188,428.7415318404282,6.517224368810692,0.4385727293071216,3.658947489874504,ok,False,True,-1.4210854715202006e-13,-4.736951571734001e-15,5864.03,60
baseline_30p,29,30,700,3.333333333333333,1.5,56.0,150.0,-7070.707678598415,-7072.903685707312,-2.196007108896083,0.0732002369632027,7.43,62.26,0.8414068747261321,1130.8508396319214,0.8414068747261321,0.0,1.0,0.0,0.5139491032052558,0.8414068747261321,0.5139491032052558,0.3274577715208763,0.3891788638254945,15,17,0.1285569367885273,dinkelbach,-0.0,True,0.0732002369632027,True,0.0732002369632027,2,362.86,1.434798233773122,215.2197350659683,6.148824607399867,0.2333451229111982,4.714026373626744,ok,False,True,6.252776074688883e-13,2.0842586915629604e-14,5693.16,60
baseline_30p,30,30,700,3.333333333333333,1.5,56.0,150.0,-7531.699700950259,-7534.083859657127,-2.3841587068673107,0.079471956895577,15.88,64.97,0.8414068747261321,1130.8508396319214,0.8414068747261321,0.0,1.0,0.0,0.1420428474552236,0.8414068747261321,0.1420428474552236,0.6993640272709085,0.8311841135105335,18,16,0.0250835105898659,dinkelbach,-0.0,True,0.079471956895577,True,0.079471956895577,2,385.66,0.9178468602504036,137.67702903756054,5.71425244866856,0.1606241356144958,4.796405588418157,ok,False,True,-1.4779288903810084e-12,-4.9264296346033615e-14,5083.03,60
baseline_30p,31,30,700,3.333333333333333,1.5,56.0,150.0,-6804.477116491808,-6810.761318517085,-6.284202025277409,0.2094734008425803,13.62,62.6,0.8414068747261321,1130.8508396319214,0.8414068747261321,0.0,1.0,0.0,0.1023150073609499,0.8414068747261321,0.1023150073609499,0.7390918673651821,0.8784000815369469,20,18,9.094947017729282e-13,dinkelbach,-0.0,True,0.2094734008425803,True,0.2094734008425803,2,59.72,1.694556762604709,254.1835143907064,6.39825394702557,0.2648467498531341,4.703697184420861,ok,False,True,3.979039320256561e-13,1.3263464400855204e-14,3678.85,60
