HourDK,HourUTC,price_eur_per_mw_h,volume_total_mw
2025-01-01 00:00:00,2024-12-31T23:00:00,18.817391,253.0
2025-01-01 01:00:00,2025-01-01T00:00:00,18.776237,253.0
2025-01-01 02:00:00,2025-01-01T01:00:00,18.466443,253.0
2025-01-01 03:00:00,2025-01-01T02:00:00,19.302545,253.0
2025-01-01 04:00:00,2025-01-01T03:00:00,18.683621,253.0
2025-01-01 05:00:00,2025-01-01T04:00:00,18.914783,253.0
2025-01-01 06:00:00,2025-01-01T05:00:00,15.838261,253.0
2025-01-01 07:00:00,2025-01-01T06:00:00,16.127273,253.0
2025-01-01 08:00:00,2025-01-01T07:00:00,15.975826,253.0
2025-01-01 09:00:00,2025-01-01T08:00:00,15.975826,253.0
2025-01-01 10:00:00,2025-01-01T09:00:00,15.975826,253.0
2025-01-01 11:00:00,2025-01-01T10:00:00,15.975826,253.0
2025-01-01 12:00:00,2025-01-01T11:00:00,15.975826,253.0
2025-01-01 13:00:00,2025-01-01T12:00:00,15.975826,253.0
2025-01-01 14:00:00,2025-01-01T13:00:00,15.646652,253.0
2025-01-01 15:00:00,2025-01-01T14:00:00,15.798735,253.0
2025-01-01 16:00:00,2025-01-01T15:00:00,15.730174,253.0
2025-01-01 17:00:00,2025-01-01T16:00:00,15.742292,253.0
2025-01-01 18:00:00,2025-01-01T17:00:00,17.584783,253.0
2025-01-01 19:00:00,2025-01-01T18:00:00,16.823968,253.0
2025-01-01 20:00:00,2025-01-01T19:00:00,16.867075,253.0
2025-01-01 21:00:00,2025-01-01T20:00:00,17.464111,253.0
2025-01-01 22:00:00,2025-01-01T21:00:00,18.922925,253.0
2025-01-01 23:00:00,2025-01-01T22:00:00,18.901186,253.0
2025-01-02 00:00:00,2025-01-01T23:00:00,14.657333,240.0
2025-01-02 01:00:00,2025-01-02T00:00:00,15.362958,240.0
2025-01-02 02:00:00,2025-01-02T01:00:00,14.650917,240.0
2025-01-02 03:00:00,2025-01-02T02:00:00,14.209333,240.0
2025-01-02 04:00:00,2025-01-02T03:00:00,13.9235,240.0
2025-01-02 05:00:00,2025-01-02T04:00:00,14.551042,240.0
2025-01-02 06:00:00,2025-01-02T05:00:00,15.0,271.2
2025-01-02 07:00:00,2025-01-02T06:00:00,14.817536,270.3
2025-01-02 08:00:00,2025-01-02T07:00:00,15.0,271.2
2025-01-02 09:00:00,2025-01-02T08:00:00,15.0,269.0
2025-01-02 10:00:00,2025-01-02T09:00:00,15.0,266.9
2025-01-02 11:00:00,2025-01-02T10:00:00,14.422165,250.4
2025-01-02 12:00:00,2025-01-02T11:00:00,14.353355,250.4
2025-01-02 13:00:00,2025-01-02T12:00:00,15.0,260.4
2025-01-02 14:00:00,2025-01-02T13:00:00,14.353355,250.4
2025-01-02 15:00:00,2025-01-02T14:00:00,16.68326,271.2
2025-01-02 16:00:00,2025-01-02T15:00:00,16.657448,271.2
2025-01-02 17:00:00,2025-01-02T16:00:00,16.681416,271.2
2025-01-02 18:00:00,2025-01-02T17:00:00,15.0,268.1
2025-01-02 19:00:00,2025-01-02T18:00:00,15.0,267.9
2025-01-02 20:00:00,2025-01-02T19:00:00,15.0,267.8
2025-01-02 21:00:00,2025-01-02T20:00:00,14.941918,258.6
2025-01-02 22:00:00,2025-01-02T21:00:00,15.0,258.7
2025-01-02 23:00:00,2025-01-02T22:00:00,15.744475,240.0
2025-01-03 00:00:00,2025-01-02T23:00:00,16.532083,240.0
2025-01-03 01:00:00,2025-01-03T00:00:00,16.464042,240.0
2025-01-03 02:00:00,2025-01-03T01:00:00,15.73787,230.0
2025-01-03 03:00:00,2025-01-03T02:00:00,16.497667,240.0
2025-01-03 04:00:00,2025-01-03T03:00:00,16.988333,240.0
2025-01-03 05:00:00,2025-01-03T04:00:00,19.731855,248.0
2025-01-03 06:00:00,2025-01-03T05:00:00,22.25625,240.0
2025-01-03 07:00:00,2025-01-03T06:00:00,21.910417,240.0
2025-01-03 08:00:00,2025-01-03T07:00:00,21.536667,240.0
2025-01-03 09:00:00,2025-01-03T08:00:00,21.535,240.0
2025-01-03 10:00:00,2025-01-03T09:00:00,21.398696,230.0
2025-01-03 11:00:00,2025-01-03T10:00:00,21.533333,240.0
2025-01-03 12:00:00,2025-01-03T11:00:00,18.818696,230.0
2025-01-03 13:00:00,2025-01-03T12:00:00,18.812917,240.0
2025-01-03 14:00:00,2025-01-03T13:00:00,18.601087,230.0
2025-01-03 15:00:00,2025-01-03T14:00:00,18.62087,230.0
2025-01-03 16:00:00,2025-01-03T15:00:00,18.623696,230.0
2025-01-03 17:00:00,2025-01-03T16:00:00,18.612391,230.0
2025-01-03 18:00:00,2025-01-03T17:00:00,17.413875,240.0
2025-01-03 19:00:00,2025-01-03T18:00:00,18.326087,230.0
2025-01-03 20:00:00,2025-01-03T19:00:00,18.302833,240.0
2025-01-03 21:00:00,2025-01-03T20:00:00,17.191783,230.0
2025-01-03 22:00:00,2025-01-03T21:00:00,18.242609,230.0
2025-01-03 23:00:00,2025-01-03T22:00:00,21.083333,240.0
2025-01-04 00:00:00,2025-01-03T23:00:00,11.991875,240.0
2025-01-04 01:00:00,2025-01-04T00:00:00,12.017292,242.6
2025-01-04 02:00:00,2025-01-04T01:00:00,12.009909,241.7
2025-01-04 03:00:00,2025-01-04T02:00:00,12.182843,241.3
2025-01-04 04:00:00,2025-01-04T03:00:00,12.167667,240.0
2025-01-04 05:00:00,2025-01-04T04:00:00,12.163833,240.0
2025-01-04 06:00:00,2025-01-04T05:00:00,12.00661,241.3
2025-01-04 07:00:00,2025-01-04T06:00:00,11.841833,240.0
2025-01-04 08:00:00,2025-01-04T07:00:00,11.88875,240.0
2025-01-04 09:00:00,2025-01-04T08:00:00,11.789958,240.0
2025-01-04 10:00:00,2025-01-04T09:00:00,11.742542,240.0
2025-01-04 11:00:00,2025-01-04T10:00:00,11.742542,240.0
2025-01-04 12:00:00,2025-01-04T11:00:00,11.746333,240.0
2025-01-04 13:00:00,2025-01-04T12:00:00,11.756889,241.7
2025-01-04 14:00:00,2025-01-04T13:00:00,11.753908,241.8
2025-01-04 15:00:00,2025-01-04T14:00:00,11.423968,271.2
2025-01-04 16:00:00,2025-01-04T15:00:00,11.448396,258.7
2025-01-04 17:00:00,2025-01-04T16:00:00,11.415152,264.0
2025-01-04 18:00:00,2025-01-04T17:00:00,11.34236,264.4
2025-01-04 19:00:00,2025-01-04T18:00:00,11.345259,264.7
2025-01-04 20:00:00,2025-01-04T19:00:00,11.526217,271.2
2025-01-04 21:00:00,2025-01-04T20:00:00,11.292435,265.7
2025-01-04 22:00:00,2025-01-04T21:00:00,11.889437,248.5
2025-01-04 23:00:00,2025-01-04T22:00:00,11.767217,248.3
2025-01-05 00:00:00,2025-01-04T23:00:00,14.633217,230.0
2025-01-05 01:00:00,2025-01-05T00:00:00,15.2005,240.0
2025-01-05 02:00:00,2025-01-05T01:00:00,14.952333,240.0
2025-01-05 03:00:00,2025-01-05T02:00:00,14.180042,240.0
2025-01-05 04:00:00,2025-01-05T03:00:00,13.949819,249.3
2025-01-05 05:00:00,2025-01-05T04:00:00,14.697616,243.3
2025-01-05 06:00:00,2025-01-05T05:00:00,14.18887,230.0
2025-01-05 07:00:00,2025-01-05T06:00:00,15.365217,230.0
2025-01-05 08:00:00,2025-01-05T07:00:00,17.419478,230.0
2025-01-05 09:00:00,2025-01-05T08:00:00,17.691478,230.0
2025-01-05 10:00:00,2025-01-05T09:00:00,18.048167,240.0
2025-01-05 11:00:00,2025-01-05T10:00:00,16.25625,240.0
2025-01-05 12:00:00,2025-01-05T11:00:00,18.486261,230.0
2025-01-05 13:00:00,2025-01-05T12:00:00,18.808095,240.9
2025-01-05 14:00:00,2025-01-05T13:00:00,20.440619,245.7
2025-01-05 15:00:00,2025-01-05T14:00:00,20.439404,244.9
2025-01-05 16:00:00,2025-01-05T15:00:00,21.263398,240.7
2025-01-05 17:00:00,2025-01-05T16:00:00,21.278351,242.5
2025-01-05 18:00:00,2025-01-05T17:00:00,22.100294,238.3
2025-01-05 19:00:00,2025-01-05T18:00:00,22.193814,242.5
2025-01-05 20:00:00,2025-01-05T19:00:00,22.140833,240.0
2025-01-05 21:00:00,2025-01-05T20:00:00,21.234375,240.0
2025-01-05 22:00:00,2025-01-05T21:00:00,21.230208,240.0
2025-01-05 23:00:00,2025-01-05T22:00:00,21.419375,240.0
2025-01-06 00:00:00,2025-01-05T23:00:00,11.475718,240.1
2025-01-06 01:00:00,2025-01-06T00:00:00,11.334,240.0
2025-01-06 02:00:00,2025-01-06T01:00:00,11.448,240.0
2025-01-06 03:00:00,2025-01-06T02:00:00,11.511,240.0
2025-01-06 04:00:00,2025-01-06T03:00:00,11.766486,240.5
2025-01-06 05:00:00,2025-01-06T04:00:00,12.213333,240.0
2025-01-06 06:00:00,2025-01-06T05:00:00,14.201417,240.0
2025-01-06 07:00:00,2025-01-06T06:00:00,16.9375,240.0
2025-01-06 08:00:00,2025-01-06T07:00:00,20.5375,240.0
2025-01-06 09:00:00,2025-01-06T08:00:00,16.958333,240.0
2025-01-06 10:00:00,2025-01-06T09:00:00,16.355,240.0
2025-01-06 11:00:00,2025-01-06T10:00:00,15.241529,230.2
2025-01-06 12:00:00,2025-01-06T11:00:00,15.573333,240.0
2025-01-06 13:00:00,2025-01-06T12:00:00,15.294667,240.0
2025-01-06 14:00:00,2025-01-06T13:00:00,14.48675,240.0
2025-01-06 15:00:00,2025-01-06T14:00:00,14.482875,240.0
2025-01-06 16:00:00,2025-01-06T15:00:00,14.455333,240.0
2025-01-06 17:00:00,2025-01-06T16:00:00,14.436167,240.0
2025-01-06 18:00:00,2025-01-06T17:00:00,13.766667,240.0
2025-01-06 19:00:00,2025-01-06T18:00:00,12.250242,240.0
2025-01-06 20:00:00,2025-01-06T19:00:00,11.957119,240.9
2025-01-06 21:00:00,2025-01-06T20:00:00,12.152375,240.0
2025-01-06 22:00:00,2025-01-06T21:00:00,12.152375,240.0
2025-01-06 23:00:00,2025-01-06T22:00:00,12.192275,243.1
2025-01-07 00:00:00,2025-01-06T23:00:00,13.406435,230.0
2025-01-07 01:00:00,2025-01-07T00:00:00,13.930425,240.0
2025-01-07 02:00:00,2025-01-07T01:00:00,13.91035,240.0
2025-01-07 03:00:00,2025-01-07T02:00:00,14.031358,240.0
2025-01-07 04:00:00,2025-01-07T03:00:00,13.333,240.0
2025-01-07 05:00:00,2025-01-07T04:00:00,13.381565,230.0
2025-01-07 06:00:00,2025-01-07T05:00:00,15.009667,240.0
2025-01-07 07:00:00,2025-01-07T06:00:00,15.5084,240.0
2025-01-07 08:00:00,2025-01-07T07:00:00,15.5084,240.0
2025-01-07 09:00:00,2025-01-07T08:00:00,15.5084,240.0
2025-01-07 10:00:00,2025-01-07T09:00:00,15.5084,240.0
2025-01-07 11:00:00,2025-01-07T10:00:00,15.1682,240.0
2025-01-07 12:00:00,2025-01-07T11:00:00,16.1225,240.0
2025-01-07 13:00:00,2025-01-07T12:00:00,16.120208,240.0
2025-01-07 14:00:00,2025-01-07T13:00:00,15.719833,240.0
2025-01-07 15:00:00,2025-01-07T14:00:00,15.719833,240.0
2025-01-07 16:00:00,2025-01-07T15:00:00,15.65375,240.0
2025-01-07 17:00:00,2025-01-07T16:00:00,14.504188,243.1
2025-01-07 18:00:00,2025-01-07T17:00:00,14.708767,240.0
2025-01-07 19:00:00,2025-01-07T18:00:00,14.80886,248.3
2025-01-07 20:00:00,2025-01-07T19:00:00,15.074375,240.0
2025-01-07 21:00:00,2025-01-07T20:00:00,15.541199,240.3
2025-01-07 22:00:00,2025-01-07T21:00:00,15.2275,240.0
2025-01-07 23:00:00,2025-01-07T22:00:00,14.911667,240.0
2025-01-08 00:00:00,2025-01-07T23:00:00,11.391727,246.6
2025-01-08 01:00:00,2025-01-08T00:00:00,11.392467,246.9
2025-01-08 02:00:00,2025-01-08T01:00:00,11.392467,246.9
2025-01-08 03:00:00,2025-01-08T02:00:00,11.486147,240.1
2025-01-08 04:00:00,2025-01-08T03:00:00,11.750324,240.6
2025-01-08 05:00:00,2025-01-08T04:00:00,11.42904,243.8
2025-01-08 06:00:00,2025-01-08T05:00:00,11.238744,246.8
2025-01-08 07:00:00,2025-01-08T06:00:00,11.86,248.3
2025-01-08 08:00:00,2025-01-08T07:00:00,11.958498,247.6
2025-01-08 09:00:00,2025-01-08T08:00:00,11.755538,248.3
2025-01-08 10:00:00,2025-01-08T09:00:00,11.745872,248.3
2025-01-08 11:00:00,2025-01-08T10:00:00,11.732885,252.7
2025-01-08 12:00:00,2025-01-08T11:00:00,11.551171,243.3
2025-01-08 13:00:00,2025-01-08T12:00:00,11.833143,246.3
2025-01-08 14:00:00,2025-01-08T13:00:00,11.847525,240.0
2025-01-08 15:00:00,2025-01-08T14:00:00,11.847525,240.0
2025-01-08 16:00:00,2025-01-08T15:00:00,12.847615,267.9
2025-01-08 17:00:00,2025-01-08T16:00:00,12.0,261.8
2025-01-08 18:00:00,2025-01-08T17:00:00,13.226881,271.2
2025-01-08 19:00:00,2025-01-08T18:00:00,12.062758,266.1
2025-01-08 20:00:00,2025-01-08T19:00:00,12.028,240.0
2025-01-08 21:00:00,2025-01-08T20:00:00,12.028,240.0
2025-01-08 22:00:00,2025-01-08T21:00:00,12.064631,258.7
2025-01-08 23:00:00,2025-01-08T22:00:00,12.216754,248.3
2025-01-09 00:00:00,2025-01-08T23:00:00,20.240296,230.0
2025-01-09 01:00:00,2025-01-09T00:00:00,20.870738,240.0
2025-01-09 02:00:00,2025-01-09T01:00:00,20.145375,240.0
2025-01-09 03:00:00,2025-01-09T02:00:00,20.576058,240.0
2025-01-09 04:00:00,2025-01-09T03:00:00,20.225322,230.0
2025-01-09 05:00:00,2025-01-09T04:00:00,21.475188,240.0
2025-01-09 06:00:00,2025-01-09T05:00:00,34.302,240.0
2025-01-09 07:00:00,2025-01-09T06:00:00,45.0,230.0
2025-01-09 08:00:00,2025-01-09T07:00:00,45.0,230.0
2025-01-09 09:00:00,2025-01-09T08:00:00,47.682609,230.0
2025-01-09 10:00:00,2025-01-09T09:00:00,65.591304,230.0
2025-01-09 11:00:00,2025-01-09T10:00:00,48.30087,230.0
2025-01-09 12:00:00,2025-01-09T11:00:00,67.199826,230.0
2025-01-09 13:00:00,2025-01-09T12:00:00,70.491667,240.0
2025-01-09 14:00:00,2025-01-09T13:00:00,80.102083,240.0
2025-01-09 15:00:00,2025-01-09T14:00:00,82.847917,240.0
2025-01-09 16:00:00,2025-01-09T15:00:00,80.102083,240.0
2025-01-09 17:00:00,2025-01-09T16:00:00,63.295652,230.0
2025-01-09 18:00:00,2025-01-09T17:00:00,45.90445,240.0
2025-01-09 19:00:00,2025-01-09T18:00:00,86.673792,240.0
2025-01-09 20:00:00,2025-01-09T19:00:00,69.748357,230.0
2025-01-09 21:00:00,2025-01-09T20:00:00,47.929561,236.8
2025-01-09 22:00:00,2025-01-09T21:00:00,45.676957,230.0
2025-01-09 23:00:00,2025-01-09T22:00:00,47.84275,240.0
2025-01-10 00:00:00,2025-01-09T23:00:00,24.18,240.0
2025-01-10 01:00:00,2025-01-10T00:00:00,24.385,240.0
2025-01-10 02:00:00,2025-01-10T01:00:00,24.385,240.0
2025-01-10 03:00:00,2025-01-10T02:00:00,30.0,240.0
2025-01-10 04:00:00,2025-01-10T03:00:00,28.372283,240.0
2025-01-10 05:00:00,2025-01-10T04:00:00,25.0,240.0
2025-01-10 06:00:00,2025-01-10T05:00:00,42.834783,230.0
2025-01-10 07:00:00,2025-01-10T06:00:00,43.157543,230.0
2025-01-10 08:00:00,2025-01-10T07:00:00,51.356522,230.0
2025-01-10 09:00:00,2025-01-10T08:00:00,42.541304,230.0
2025-01-10 10:00:00,2025-01-10T09:00:00,42.547826,230.0
2025-01-10 11:00:00,2025-01-10T10:00:00,42.847826,230.0
2025-01-10 12:00:00,2025-01-10T11:00:00,39.3447,240.0
2025-01-10 13:00:00,2025-01-10T12:00:00,39.3447,240.0
2025-01-10 14:00:00,2025-01-10T13:00:00,39.422663,240.0
2025-01-10 15:00:00,2025-01-10T14:00:00,39.422663,240.0
2025-01-10 16:00:00,2025-01-10T15:00:00,37.984139,230.0
2025-01-10 17:00:00,2025-01-10T16:00:00,38.09693,230.0
2025-01-10 18:00:00,2025-01-10T17:00:00,38.576925,240.0
2025-01-10 19:00:00,2025-01-10T18:00:00,36.5551,240.0
2025-01-10 20:00:00,2025-01-10T19:00:00,36.474325,240.0
2025-01-10 21:00:00,2025-01-10T20:00:00,36.640267,240.0
2025-01-10 22:00:00,2025-01-10T21:00:00,35.636235,240.1
2025-01-10 23:00:00,2025-01-10T22:00:00,35.389433,240.0
2025-01-11 00:00:00,2025-01-10T23:00:00,18.3591,240.0
2025-01-11 01:00:00,2025-01-11T00:00:00,18.363583,240.0
2025-01-11 02:00:00,2025-01-11T01:00:00,18.368067,240.0
2025-01-11 03:00:00,2025-01-11T02:00:00,16.919,240.0
2025-01-11 04:00:00,2025-01-11T03:00:00,18.076522,230.0
2025-01-11 05:00:00,2025-01-11T04:00:00,16.405565,230.0
2025-01-11 06:00:00,2025-01-11T05:00:00,15.057667,240.0
2025-01-11 07:00:00,2025-01-11T06:00:00,14.7997,240.0
2025-01-11 08:00:00,2025-01-11T07:00:00,15.085533,240.0
2025-01-11 09:00:00,2025-01-11T08:00:00,15.085533,240.0
2025-01-11 10:00:00,2025-01-11T09:00:00,15.085533,240.0
2025-01-11 11:00:00,2025-01-11T10:00:00,14.7997,240.0
2025-01-11 12:00:00,2025-01-11T11:00:00,15.274667,240.0
2025-01-11 13:00:00,2025-01-11T12:00:00,15.274667,240.0
2025-01-11 14:00:00,2025-01-11T13:00:00,15.274667,240.0
2025-01-11 15:00:00,2025-01-11T14:00:00,15.274667,240.0
2025-01-11 16:00:00,2025-01-11T15:00:00,15.51095,248.4
2025-01-11 17:00:00,2025-01-11T16:00:00,16.072725,258.7
2025-01-11 18:00:00,2025-01-11T17:00:00,16.130109,248.3
2025-01-11 19:00:00,2025-01-11T18:00:00,16.131841,248.3
2025-01-11 20:00:00,2025-01-11T19:00:00,16.131841,248.3
2025-01-11 21:00:00,2025-01-11T20:00:00,16.015175,240.0
2025-01-11 22:00:00,2025-01-11T21:00:00,15.977277,244.6
2025-01-11 23:00:00,2025-01-11T22:00:00,16.017483,240.0
2025-01-12 00:00:00,2025-01-11T23:00:00,11.963109,248.3
2025-01-12 01:00:00,2025-01-12T00:00:00,12.071869,243.5
2025-01-12 02:00:00,2025-01-12T01:00:00,12.070608,243.6
2025-01-12 03:00:00,2025-01-12T02:00:00,12.108705,240.1
2025-01-12 04:00:00,2025-01-12T03:00:00,12.254531,248.3
2025-01-12 05:00:00,2025-01-12T04:00:00,12.3325,240.0
2025-01-12 06:00:00,2025-01-12T05:00:00,13.386167,240.0
2025-01-12 07:00:00,2025-01-12T06:00:00,13.49475,240.0
2025-01-12 08:00:00,2025-01-12T07:00:00,13.68175,240.0
2025-01-12 09:00:00,2025-01-12T08:00:00,13.631933,240.0
2025-01-12 10:00:00,2025-01-12T09:00:00,13.660633,240.0
2025-01-12 11:00:00,2025-01-12T10:00:00,13.670417,240.0
2025-01-12 12:00:00,2025-01-12T11:00:00,13.778125,240.0
2025-01-12 13:00:00,2025-01-12T12:00:00,13.750417,240.0
2025-01-12 14:00:00,2025-01-12T13:00:00,13.779583,240.0
2025-01-12 15:00:00,2025-01-12T14:00:00,14.108748,251.5
2025-01-12 16:00:00,2025-01-12T15:00:00,14.073326,259.8
2025-01-12 17:00:00,2025-01-12T16:00:00,14.08044,259.2
2025-01-12 18:00:00,2025-01-12T17:00:00,14.672002,263.8
2025-01-12 19:00:00,2025-01-12T18:00:00,13.705776,259.7
2025-01-12 20:00:00,2025-01-12T19:00:00,13.62944,248.3
2025-01-12 21:00:00,2025-01-12T20:00:00,13.525473,243.0
2025-01-12 22:00:00,2025-01-12T21:00:00,13.58435,240.0
2025-01-12 23:00:00,2025-01-12T22:00:00,13.650917,240.0
2025-01-13 00:00:00,2025-01-12T23:00:00,12.981775,240.0
2025-01-13 01:00:00,2025-01-13T00:00:00,12.964825,240.0
2025-01-13 02:00:00,2025-01-13T01:00:00,13.015675,240.0
2025-01-13 03:00:00,2025-01-13T02:00:00,13.000098,244.4
2025-01-13 04:00:00,2025-01-13T03:00:00,13.0989,242.7
2025-01-13 05:00:00,2025-01-13T04:00:00,12.986483,240.0
2025-01-13 06:00:00,2025-01-13T05:00:00,12.543037,246.6
2025-01-13 07:00:00,2025-01-13T06:00:00,12.54414,241.8
2025-01-13 08:00:00,2025-01-13T07:00:00,12.545567,240.0
2025-01-13 09:00:00,2025-01-13T08:00:00,13.007733,240.0
2025-01-13 10:00:00,2025-01-13T09:00:00,13.7944,240.0
2025-01-13 11:00:00,2025-01-13T10:00:00,12.603791,241.1
2025-01-13 12:00:00,2025-01-13T11:00:00,14.221532,240.2
2025-01-13 13:00:00,2025-01-13T12:00:00,16.2825,240.0
2025-01-13 14:00:00,2025-01-13T13:00:00,15.87125,240.0
2025-01-13 15:00:00,2025-01-13T14:00:00,16.827667,240.0
2025-01-13 16:00:00,2025-01-13T15:00:00,16.619537,240.0
2025-01-13 17:00:00,2025-01-13T16:00:00,16.246122,230.0
2025-01-13 18:00:00,2025-01-13T17:00:00,20.241333,240.0
2025-01-13 19:00:00,2025-01-13T18:00:00,20.241333,240.0
2025-01-13 20:00:00,2025-01-13T19:00:00,24.8575,240.0
2025-01-13 21:00:00,2025-01-13T20:00:00,25.154,230.0
2025-01-13 22:00:00,2025-01-13T21:00:00,25.418522,230.0
2025-01-13 23:00:00,2025-01-13T22:00:00,25.528739,230.0
2025-01-14 00:00:00,2025-01-13T23:00:00,25.723478,230.0
2025-01-14 01:00:00,2025-01-14T00:00:00,79.355217,230.0
2025-01-14 02:00:00,2025-01-14T01:00:00,54.52913,230.0
2025-01-14 03:00:00,2025-01-14T02:00:00,83.796522,230.0
2025-01-14 04:00:00,2025-01-14T03:00:00,81.32913,230.0
2025-01-14 05:00:00,2025-01-14T04:00:00,55.743913,230.0
2025-01-14 06:00:00,2025-01-14T05:00:00,32.452765,230.0
2025-01-14 07:00:00,2025-01-14T06:00:00,22.745217,230.0
2025-01-14 08:00:00,2025-01-14T07:00:00,18.735,240.0
2025-01-14 09:00:00,2025-01-14T08:00:00,18.735,240.0
2025-01-14 10:00:00,2025-01-14T09:00:00,17.94,240.0
2025-01-14 11:00:00,2025-01-14T10:00:00,17.810975,240.0
2025-01-14 12:00:00,2025-01-14T11:00:00,14.268462,248.3
2025-01-14 13:00:00,2025-01-14T12:00:00,15.9404,240.0
2025-01-14 14:00:00,2025-01-14T13:00:00,16.039942,240.0
2025-01-14 15:00:00,2025-01-14T14:00:00,16.072163,240.0
2025-01-14 16:00:00,2025-01-14T15:00:00,14.311667,240.0
2025-01-14 17:00:00,2025-01-14T16:00:00,14.311667,240.0
2025-01-14 18:00:00,2025-01-14T17:00:00,15.022,240.0
2025-01-14 19:00:00,2025-01-14T18:00:00,15.014,240.0
2025-01-14 20:00:00,2025-01-14T19:00:00,15.016,240.0
2025-01-14 21:00:00,2025-01-14T20:00:00,15.016,240.0
2025-01-14 22:00:00,2025-01-14T21:00:00,14.934333,240.0
2025-01-14 23:00:00,2025-01-14T22:00:00,14.96525,240.0
2025-01-15 00:00:00,2025-01-14T23:00:00,16.039805,246.2
2025-01-15 01:00:00,2025-01-15T00:00:00,15.46875,240.0
2025-01-15 02:00:00,2025-01-15T01:00:00,16.08125,240.0
2025-01-15 03:00:00,2025-01-15T02:00:00,16.330328,244.0
2025-01-15 04:00:00,2025-01-15T03:00:00,16.348148,243.0
2025-01-15 05:00:00,2025-01-15T04:00:00,16.3302,244.7
2025-01-15 06:00:00,2025-01-15T05:00:00,15.42487,230.0
2025-01-15 07:00:00,2025-01-15T06:00:00,19.471304,230.0
2025-01-15 08:00:00,2025-01-15T07:00:00,20.0,240.0
2025-01-15 09:00:00,2025-01-15T08:00:00,20.0,267.0
2025-01-15 10:00:00,2025-01-15T09:00:00,20.0,240.0
2025-01-15 11:00:00,2025-01-15T10:00:00,20.0,240.0
2025-01-15 12:00:00,2025-01-15T11:00:00,19.394465,242.1
2025-01-15 13:00:00,2025-01-15T12:00:00,19.4013,246.2
2025-01-15 14:00:00,2025-01-15T13:00:00,18.589583,240.0
2025-01-15 15:00:00,2025-01-15T14:00:00,18.645833,240.0
2025-01-15 16:00:00,2025-01-15T15:00:00,19.425,240.0
2025-01-15 17:00:00,2025-01-15T16:00:00,19.3925,240.0
2025-01-15 18:00:00,2025-01-15T17:00:00,17.113917,240.0
2025-01-15 19:00:00,2025-01-15T18:00:00,14.429792,240.0
2025-01-15 20:00:00,2025-01-15T19:00:00,14.272908,246.2
2025-01-15 21:00:00,2025-01-15T20:00:00,14.345816,246.2
2025-01-15 22:00:00,2025-01-15T21:00:00,14.216813,251.0
2025-01-15 23:00:00,2025-01-15T22:00:00,14.308286,246.2
2025-01-16 00:00:00,2025-01-15T23:00:00,16.520158,240.3
2025-01-16 01:00:00,2025-01-16T00:00:00,16.529011,240.6
2025-01-16 02:00:00,2025-01-16T01:00:00,16.116638,241.5
2025-01-16 03:00:00,2025-01-16T02:00:00,14.5718,240.0
2025-01-16 04:00:00,2025-01-16T03:00:00,14.848058,242.0
2025-01-16 05:00:00,2025-01-16T04:00:00,14.879271,241.4
2025-01-16 06:00:00,2025-01-16T05:00:00,15.003593,244.9
2025-01-16 07:00:00,2025-01-16T06:00:00,15.873298,248.3
2025-01-16 08:00:00,2025-01-16T07:00:00,14.579783,248.3
2025-01-16 09:00:00,2025-01-16T08:00:00,13.40571,246.4
2025-01-16 10:00:00,2025-01-16T09:00:00,14.108266,248.0
2025-01-16 11:00:00,2025-01-16T10:00:00,13.467166,247.7
2025-01-16 12:00:00,2025-01-16T11:00:00,15.150278,244.8
2025-01-16 13:00:00,2025-01-16T12:00:00,14.88564,243.6
2025-01-16 14:00:00,2025-01-16T13:00:00,13.313742,241.6
2025-01-16 15:00:00,2025-01-16T14:00:00,13.458272,248.2
2025-01-16 16:00:00,2025-01-16T15:00:00,13.06822,248.3
2025-01-16 17:00:00,2025-01-16T16:00:00,13.427189,248.3
2025-01-16 18:00:00,2025-01-16T17:00:00,13.120325,246.0
2025-01-16 19:00:00,2025-01-16T18:00:00,12.277011,246.2
2025-01-16 20:00:00,2025-01-16T19:00:00,12.277011,246.2
2025-01-16 21:00:00,2025-01-16T20:00:00,13.043654,247.4
2025-01-16 22:00:00,2025-01-16T21:00:00,12.221545,246.0
2025-01-16 23:00:00,2025-01-16T22:00:00,12.904458,248.3
2025-01-17 00:00:00,2025-01-16T23:00:00,12.29875,240.0
2025-01-17 01:00:00,2025-01-17T00:00:00,12.32,240.0
2025-01-17 02:00:00,2025-01-17T01:00:00,10.62407,258.0
2025-01-17 03:00:00,2025-01-17T02:00:00,10.62407,258.0
2025-01-17 04:00:00,2025-01-17T03:00:00,11.428527,258.7
2025-01-17 05:00:00,2025-01-17T04:00:00,11.428527,258.7
2025-01-17 06:00:00,2025-01-17T05:00:00,12.225534,248.3
2025-01-17 07:00:00,2025-01-17T06:00:00,12.232783,248.3
2025-01-17 08:00:00,2025-01-17T07:00:00,11.098569,244.5
2025-01-17 09:00:00,2025-01-17T08:00:00,11.100893,246.4
2025-01-17 10:00:00,2025-01-17T09:00:00,12.177812,258.7
2025-01-17 11:00:00,2025-01-17T10:00:00,11.425388,251.3
2025-01-17 12:00:00,2025-01-17T11:00:00,11.480479,258.7
2025-01-17 13:00:00,2025-01-17T12:00:00,11.438291,252.8
2025-01-17 14:00:00,2025-01-17T13:00:00,11.432496,254.8
2025-01-17 15:00:00,2025-01-17T14:00:00,11.475634,248.3
2025-01-17 16:00:00,2025-01-17T15:00:00,11.539167,240.0
2025-01-17 17:00:00,2025-01-17T16:00:00,11.55,240.0
2025-01-17 18:00:00,2025-01-17T17:00:00,10.0,242.2
2025-01-17 19:00:00,2025-01-17T18:00:00,9.84898,240.1
2025-01-17 20:00:00,2025-01-17T19:00:00,9.708422,244.6
2025-01-17 21:00:00,2025-01-17T20:00:00,9.740089,247.7
2025-01-17 22:00:00,2025-01-17T21:00:00,9.736567,245.3
2025-01-17 23:00:00,2025-01-17T22:00:00,11.485614,241.2
2025-01-18 00:00:00,2025-01-17T23:00:00,13.489126,243.7
2025-01-18 01:00:00,2025-01-18T00:00:00,14.902772,241.7
2025-01-18 02:00:00,2025-01-18T01:00:00,14.619625,240.0
2025-01-18 03:00:00,2025-01-18T02:00:00,15.116473,240.4
2025-01-18 04:00:00,2025-01-18T03:00:00,14.827099,240.6
2025-01-18 05:00:00,2025-01-18T04:00:00,14.827859,240.5
2025-01-18 06:00:00,2025-01-18T05:00:00,12.933821,246.3
2025-01-18 07:00:00,2025-01-18T06:00:00,12.934959,246.0
2025-01-18 08:00:00,2025-01-18T07:00:00,12.952381,241.5
2025-01-18 09:00:00,2025-01-18T08:00:00,12.959934,242.1
2025-01-18 10:00:00,2025-01-18T09:00:00,12.965006,242.9
2025-01-18 11:00:00,2025-01-18T10:00:00,12.941082,247.8
2025-01-18 12:00:00,2025-01-18T11:00:00,12.38388,240.7
2025-01-18 13:00:00,2025-01-18T12:00:00,12.047732,244.7
2025-01-18 14:00:00,2025-01-18T13:00:00,12.04325,240.0
2025-01-18 15:00:00,2025-01-18T14:00:00,11.95625,240.0
2025-01-18 16:00:00,2025-01-18T15:00:00,11.95625,240.0
2025-01-18 17:00:00,2025-01-18T16:00:00,11.991667,240.0
2025-01-18 18:00:00,2025-01-18T17:00:00,11.877245,248.3
2025-01-18 19:00:00,2025-01-18T18:00:00,11.83941,244.1
2025-01-18 20:00:00,2025-01-18T19:00:00,11.876583,240.0
2025-01-18 21:00:00,2025-01-18T20:00:00,12.739583,240.0
2025-01-18 22:00:00,2025-01-18T21:00:00,11.960773,248.3
2025-01-18 23:00:00,2025-01-18T22:00:00,11.972165,240.7
2025-01-19 00:00:00,2025-01-18T23:00:00,10.29996,248.3
2025-01-19 01:00:00,2025-01-19T00:00:00,10.29996,248.3
2025-01-19 02:00:00,2025-01-19T01:00:00,10.300765,248.3
2025-01-19 03:00:00,2025-01-19T02:00:00,10.301571,248.3
2025-01-19 04:00:00,2025-01-19T03:00:00,10.301571,248.3
2025-01-19 05:00:00,2025-01-19T04:00:00,11.440838,248.3
2025-01-19 06:00:00,2025-01-19T05:00:00,12.156164,240.9
2025-01-19 07:00:00,2025-01-19T06:00:00,14.033333,240.0
2025-01-19 08:00:00,2025-01-19T07:00:00,14.026667,240.0
2025-01-19 09:00:00,2025-01-19T08:00:00,14.11,240.0
2025-01-19 10:00:00,2025-01-19T09:00:00,13.920292,240.0
2025-01-19 11:00:00,2025-01-19T10:00:00,15.499167,240.0
2025-01-19 12:00:00,2025-01-19T11:00:00,12.615809,244.8
2025-01-19 13:00:00,2025-01-19T12:00:00,14.155768,240.1
2025-01-19 14:00:00,2025-01-19T13:00:00,14.193333,240.0
2025-01-19 15:00:00,2025-01-19T14:00:00,14.283333,240.0
2025-01-19 16:00:00,2025-01-19T15:00:00,13.378034,247.2
2025-01-19 17:00:00,2025-01-19T16:00:00,12.074836,244.4
2025-01-19 18:00:00,2025-01-19T17:00:00,11.239337,241.5
2025-01-19 19:00:00,2025-01-19T18:00:00,12.473017,248.3
2025-01-19 20:00:00,2025-01-19T19:00:00,10.756633,241.2
2025-01-19 21:00:00,2025-01-19T20:00:00,10.731373,248.3
2025-01-19 22:00:00,2025-01-19T21:00:00,11.262443,243.1
2025-01-19 23:00:00,2025-01-19T22:00:00,10.77205,248.3
2025-01-20 00:00:00,2025-01-19T23:00:00,13.794861,245.2
2025-01-20 01:00:00,2025-01-20T00:00:00,13.757551,248.3
2025-01-20 02:00:00,2025-01-20T01:00:00,13.645663,244.4
2025-01-20 03:00:00,2025-01-20T02:00:00,15.626612,242.0
2025-01-20 04:00:00,2025-01-20T03:00:00,15.77,240.0
2025-01-20 05:00:00,2025-01-20T04:00:00,14.237095,241.0
2025-01-20 06:00:00,2025-01-20T05:00:00,20.0,240.0
2025-01-20 07:00:00,2025-01-20T06:00:00,20.0,249.9
2025-01-20 08:00:00,2025-01-20T07:00:00,20.0,260.2
2025-01-20 09:00:00,2025-01-20T08:00:00,18.842938,265.5
2025-01-20 10:00:00,2025-01-20T09:00:00,18.847892,265.6
2025-01-20 11:00:00,2025-01-20T10:00:00,17.787865,249.7
2025-01-20 12:00:00,2025-01-20T11:00:00,16.721431,245.9
2025-01-20 13:00:00,2025-01-20T12:00:00,17.466007,242.7
2025-01-20 14:00:00,2025-01-20T13:00:00,18.610552,248.3
2025-01-20 15:00:00,2025-01-20T14:00:00,18.632038,252.2
2025-01-20 16:00:00,2025-01-20T15:00:00,18.663619,262.5
2025-01-20 17:00:00,2025-01-20T16:00:00,17.405761,243.0
2025-01-20 18:00:00,2025-01-20T17:00:00,16.841627,250.8
2025-01-20 19:00:00,2025-01-20T18:00:00,16.835039,244.3
2025-01-20 20:00:00,2025-01-20T19:00:00,18.0155,240.0
2025-01-20 21:00:00,2025-01-20T20:00:00,18.010833,240.0
2025-01-20 22:00:00,2025-01-20T21:00:00,15.891333,240.0
2025-01-20 23:00:00,2025-01-20T22:00:00,17.888333,240.0
2025-01-21 00:00:00,2025-01-20T23:00:00,13.146667,240.0
2025-01-21 01:00:00,2025-01-21T00:00:00,13.509327,246.6
2025-01-21 02:00:00,2025-01-21T01:00:00,13.513492,248.3
2025-01-21 03:00:00,2025-01-21T02:00:00,13.131667,240.0
2025-01-21 04:00:00,2025-01-21T03:00:00,13.080232,241.8
2025-01-21 05:00:00,2025-01-21T04:00:00,14.6655,240.0
2025-01-21 06:00:00,2025-01-21T05:00:00,16.204,240.0
2025-01-21 07:00:00,2025-01-21T06:00:00,18.565341,246.4
2025-01-21 08:00:00,2025-01-21T07:00:00,18.539805,246.2
2025-01-21 09:00:00,2025-01-21T08:00:00,22.03826,248.3
2025-01-21 10:00:00,2025-01-21T09:00:00,20.0,248.3
2025-01-21 11:00:00,2025-01-21T10:00:00,20.0,240.0
2025-01-21 12:00:00,2025-01-21T11:00:00,20.0,240.0
2025-01-21 13:00:00,2025-01-21T12:00:00,18.218083,240.0
2025-01-21 14:00:00,2025-01-21T13:00:00,18.48125,240.0
2025-01-21 15:00:00,2025-01-21T14:00:00,18.491667,240.0
2025-01-21 16:00:00,2025-01-21T15:00:00,18.472917,240.0
2025-01-21 17:00:00,2025-01-21T16:00:00,18.218083,240.0
2025-01-21 18:00:00,2025-01-21T17:00:00,18.46875,240.0
2025-01-21 19:00:00,2025-01-21T18:00:00,17.939,240.0
2025-01-21 20:00:00,2025-01-21T19:00:00,17.939,240.0
2025-01-21 21:00:00,2025-01-21T20:00:00,17.939,240.0
2025-01-21 22:00:00,2025-01-21T21:00:00,18.230667,240.0
2025-01-21 23:00:00,2025-01-21T22:00:00,18.419792,240.0
2025-01-22 00:00:00,2025-01-21T23:00:00,21.624125,240.0
2025-01-22 01:00:00,2025-01-22T00:00:00,21.237708,240.0
2025-01-22 02:00:00,2025-01-22T01:00:00,21.344625,240.0
2025-01-22 03:00:00,2025-01-22T02:00:00,21.191625,240.0
2025-01-22 04:00:00,2025-01-22T03:00:00,26.106667,240.0
2025-01-22 05:00:00,2025-01-22T04:00:00,26.93375,240.0
2025-01-22 06:00:00,2025-01-22T05:00:00,89.406609,230.0
2025-01-22 07:00:00,2025-01-22T06:00:00,92.329391,230.0
2025-01-22 08:00:00,2025-01-22T07:00:00,91.625739,230.0
2025-01-22 09:00:00,2025-01-22T08:00:00,87.157583,240.0
2025-01-22 10:00:00,2025-01-22T09:00:00,88.48863,240.1
2025-01-22 11:00:00,2025-01-22T10:00:00,87.0105,240.0
2025-01-22 12:00:00,2025-01-22T11:00:00,88.005,240.0
2025-01-22 13:00:00,2025-01-22T12:00:00,87.98625,240.0
2025-01-22 14:00:00,2025-01-22T13:00:00,107.755,240.0
2025-01-22 15:00:00,2025-01-22T14:00:00,107.871667,240.0
2025-01-22 16:00:00,2025-01-22T15:00:00,108.023333,240.0
2025-01-22 17:00:00,2025-01-22T16:00:00,107.755,240.0
2025-01-22 18:00:00,2025-01-22T17:00:00,115.7375,240.0
2025-01-22 19:00:00,2025-01-22T18:00:00,127.487083,240.0
2025-01-22 20:00:00,2025-01-22T19:00:00,127.511667,240.0
2025-01-22 21:00:00,2025-01-22T20:00:00,127.806667,240.0
2025-01-22 22:00:00,2025-01-22T21:00:00,112.7125,240.0
2025-01-22 23:00:00,2025-01-22T22:00:00,108.739583,240.0
2025-01-23 00:00:00,2025-01-22T23:00:00,28.439404,240.0
2025-01-23 01:00:00,2025-01-23T00:00:00,28.124577,249.3
2025-01-23 02:00:00,2025-01-23T01:00:00,28.085657,250.5
2025-01-23 03:00:00,2025-01-23T02:00:00,28.001294,244.9
2025-01-23 04:00:00,2025-01-23T03:00:00,28.392988,240.0
2025-01-23 05:00:00,2025-01-23T04:00:00,33.023945,241.6
2025-01-23 06:00:00,2025-01-23T05:00:00,68.0625,240.0
2025-01-23 07:00:00,2025-01-23T06:00:00,67.84375,240.0
2025-01-23 08:00:00,2025-01-23T07:00:00,68.186695,233.0
2025-01-23 09:00:00,2025-01-23T08:00:00,80.0,240.0
2025-01-23 10:00:00,2025-01-23T09:00:00,69.041667,240.0
2025-01-23 11:00:00,2025-01-23T10:00:00,100.0,240.0
2025-01-23 12:00:00,2025-01-23T11:00:00,88.53825,240.0
2025-01-23 13:00:00,2025-01-23T12:00:00,80.06825,240.0
2025-01-23 14:00:00,2025-01-23T13:00:00,80.597,240.0
2025-01-23 15:00:00,2025-01-23T14:00:00,79.333958,240.0
2025-01-23 16:00:00,2025-01-23T15:00:00,80.194042,240.0
2025-01-23 17:00:00,2025-01-23T16:00:00,77.78675,240.0
2025-01-23 18:00:00,2025-01-23T17:00:00,33.766086,258.3
2025-01-23 19:00:00,2025-01-23T18:00:00,28.496792,252.5
2025-01-23 20:00:00,2025-01-23T19:00:00,28.095673,256.5
2025-01-23 21:00:00,2025-01-23T20:00:00,27.999,240.0
2025-01-23 22:00:00,2025-01-23T21:00:00,28.057167,240.0
2025-01-23 23:00:00,2025-01-23T22:00:00,28.016,240.0
2025-01-24 00:00:00,2025-01-23T23:00:00,20.606167,240.0
2025-01-24 01:00:00,2025-01-24T00:00:00,20.035083,240.0
2025-01-24 02:00:00,2025-01-24T01:00:00,20.623417,240.0
2025-01-24 03:00:00,2025-01-24T02:00:00,20.307375,240.0
2025-01-24 04:00:00,2025-01-24T03:00:00,20.290625,240.0
2025-01-24 05:00:00,2025-01-24T04:00:00,20.909667,240.0
2025-01-24 06:00:00,2025-01-24T05:00:00,19.188155,233.0
2025-01-24 07:00:00,2025-01-24T06:00:00,19.732625,240.0
2025-01-24 08:00:00,2025-01-24T07:00:00,20.708155,233.0
2025-01-24 09:00:00,2025-01-24T08:00:00,21.4025,240.0
2025-01-24 10:00:00,2025-01-24T09:00:00,21.955,240.0
2025-01-24 11:00:00,2025-01-24T10:00:00,21.955,240.0
2025-01-24 12:00:00,2025-01-24T11:00:00,21.425536,233.0
2025-01-24 13:00:00,2025-01-24T12:00:00,21.425536,233.0
2025-01-24 14:00:00,2025-01-24T13:00:00,21.670083,240.0
2025-01-24 15:00:00,2025-01-24T14:00:00,19.228,240.0
2025-01-24 16:00:00,2025-01-24T15:00:00,19.720167,240.0
2025-01-24 17:00:00,2025-01-24T16:00:00,19.720167,240.0
2025-01-24 18:00:00,2025-01-24T17:00:00,19.214,240.0
2025-01-24 19:00:00,2025-01-24T18:00:00,19.214,240.0
2025-01-24 20:00:00,2025-01-24T19:00:00,18.200667,240.0
2025-01-24 21:00:00,2025-01-24T20:00:00,17.223333,240.0
2025-01-24 22:00:00,2025-01-24T21:00:00,18.144,240.0
2025-01-24 23:00:00,2025-01-24T22:00:00,17.164161,246.1
2025-01-25 00:00:00,2025-01-24T23:00:00,9.440173,248.3
2025-01-25 01:00:00,2025-01-25T00:00:00,9.284208,240.0
2025-01-25 02:00:00,2025-01-25T01:00:00,8.965925,240.0
2025-01-25 03:00:00,2025-01-25T02:00:00,8.641696,240.0
2025-01-25 04:00:00,2025-01-25T03:00:00,8.641696,240.0
2025-01-25 05:00:00,2025-01-25T04:00:00,8.641696,240.0
2025-01-25 06:00:00,2025-01-25T05:00:00,9.737229,240.0
2025-01-25 07:00:00,2025-01-25T06:00:00,9.595608,240.0
2025-01-25 08:00:00,2025-01-25T07:00:00,9.745271,240.0
2025-01-25 09:00:00,2025-01-25T08:00:00,9.745973,240.1
2025-01-25 10:00:00,2025-01-25T09:00:00,9.745973,240.1
2025-01-25 11:00:00,2025-01-25T10:00:00,9.745973,240.1
2025-01-25 12:00:00,2025-01-25T11:00:00,10.433967,240.0
2025-01-25 13:00:00,2025-01-25T12:00:00,9.748688,240.0
2025-01-25 14:00:00,2025-01-25T13:00:00,9.758925,240.0
2025-01-25 15:00:00,2025-01-25T14:00:00,9.720097,246.2
2025-01-25 16:00:00,2025-01-25T15:00:00,9.708635,241.7
2025-01-25 17:00:00,2025-01-25T16:00:00,9.973,240.0
2025-01-25 18:00:00,2025-01-25T17:00:00,10.035219,248.3
2025-01-25 19:00:00,2025-01-25T18:00:00,10.101737,241.8
2025-01-25 20:00:00,2025-01-25T19:00:00,10.9525,240.0
2025-01-25 21:00:00,2025-01-25T20:00:00,10.135206,240.3
2025-01-25 22:00:00,2025-01-25T21:00:00,10.569667,240.0
2025-01-25 23:00:00,2025-01-25T22:00:00,10.155913,240.3
2025-01-26 00:00:00,2025-01-25T23:00:00,12.185225,240.0
2025-01-26 01:00:00,2025-01-26T00:00:00,10.501062,240.0
2025-01-26 02:00:00,2025-01-26T01:00:00,10.50935,240.0
2025-01-26 03:00:00,2025-01-26T02:00:00,10.523861,240.1
2025-01-26 04:00:00,2025-01-26T03:00:00,12.82233,248.1
2025-01-26 05:00:00,2025-01-26T04:00:00,12.826415,243.8
2025-01-26 06:00:00,2025-01-26T05:00:00,16.319467,240.0
2025-01-26 07:00:00,2025-01-26T06:00:00,16.17325,240.0
2025-01-26 08:00:00,2025-01-26T07:00:00,16.17325,240.0
2025-01-26 09:00:00,2025-01-26T08:00:00,15.307875,240.0
2025-01-26 10:00:00,2025-01-26T09:00:00,15.374935,240.1
2025-01-26 11:00:00,2025-01-26T10:00:00,13.76245,240.0
2025-01-26 12:00:00,2025-01-26T11:00:00,13.358671,240.1
2025-01-26 13:00:00,2025-01-26T12:00:00,13.469663,240.3
2025-01-26 14:00:00,2025-01-26T13:00:00,13.472265,247.7
2025-01-26 15:00:00,2025-01-26T14:00:00,13.5225,240.0
2025-01-26 16:00:00,2025-01-26T15:00:00,13.50225,240.0
2025-01-26 17:00:00,2025-01-26T16:00:00,13.49475,240.0
2025-01-26 18:00:00,2025-01-26T17:00:00,13.139375,240.0
2025-01-26 19:00:00,2025-01-26T18:00:00,13.17925,240.0
2025-01-26 20:00:00,2025-01-26T19:00:00,13.305333,240.0
2025-01-26 21:00:00,2025-01-26T20:00:00,12.960812,240.0
2025-01-26 22:00:00,2025-01-26T21:00:00,13.018375,240.0
2025-01-26 23:00:00,2025-01-26T22:00:00,12.891602,244.1
2025-01-27 00:00:00,2025-01-26T23:00:00,10.211,240.0
2025-01-27 01:00:00,2025-01-27T00:00:00,10.136689,248.3
2025-01-27 02:00:00,2025-01-27T01:00:00,10.532985,243.2
2025-01-27 03:00:00,2025-01-27T02:00:00,10.215517,243.6
2025-01-27 04:00:00,2025-01-27T03:00:00,10.222902,241.9
2025-01-27 05:00:00,2025-01-27T04:00:00,10.258478,248.3
2025-01-27 06:00:00,2025-01-27T05:00:00,12.482372,248.3
2025-01-27 07:00:00,2025-01-27T06:00:00,10.88395,241.0
2025-01-27 08:00:00,2025-01-27T07:00:00,12.443121,240.0
2025-01-27 09:00:00,2025-01-27T08:00:00,12.660803,241.7
2025-01-27 10:00:00,2025-01-27T09:00:00,12.845111,243.4
2025-01-27 11:00:00,2025-01-27T10:00:00,14.600555,243.3
2025-01-27 12:00:00,2025-01-27T11:00:00,14.431186,240.3
2025-01-27 13:00:00,2025-01-27T12:00:00,12.826212,243.4
2025-01-27 14:00:00,2025-01-27T13:00:00,13.93075,240.0
2025-01-27 15:00:00,2025-01-27T14:00:00,12.844007,243.6
2025-01-27 16:00:00,2025-01-27T15:00:00,12.845417,240.0
2025-01-27 17:00:00,2025-01-27T16:00:00,13.309167,240.0
2025-01-27 18:00:00,2025-01-27T17:00:00,12.649332,241.1
2025-01-27 19:00:00,2025-01-27T18:00:00,10.812917,240.0
2025-01-27 20:00:00,2025-01-27T19:00:00,10.528,240.0
2025-01-27 21:00:00,2025-01-27T20:00:00,10.5275,240.0
2025-01-27 22:00:00,2025-01-27T21:00:00,10.519326,243.2
2025-01-27 23:00:00,2025-01-27T22:00:00,10.511539,246.3
2025-01-28 00:00:00,2025-01-27T23:00:00,13.40217,241.5
2025-01-28 01:00:00,2025-01-28T00:00:00,13.396748,240.5
2025-01-28 02:00:00,2025-01-28T01:00:00,13.475505,248.3
2025-01-28 03:00:00,2025-01-28T02:00:00,13.393618,243.8
2025-01-28 04:00:00,2025-01-28T03:00:00,13.831147,241.4
2025-01-28 05:00:00,2025-01-28T04:00:00,13.82815,240.0
2025-01-28 06:00:00,2025-01-28T05:00:00,14.683475,240.0
2025-01-28 07:00:00,2025-01-28T06:00:00,13.961808,245.6
2025-01-28 08:00:00,2025-01-28T07:00:00,14.329408,240.0
2025-01-28 09:00:00,2025-01-28T08:00:00,14.336358,240.0
2025-01-28 10:00:00,2025-01-28T09:00:00,14.360733,248.3
2025-01-28 11:00:00,2025-01-28T10:00:00,14.034492,257.8
2025-01-28 12:00:00,2025-01-28T11:00:00,14.212988,248.3
2025-01-28 13:00:00,2025-01-28T12:00:00,14.008531,258.7
2025-01-28 14:00:00,2025-01-28T13:00:00,14.145162,240.0
2025-01-28 15:00:00,2025-01-28T14:00:00,14.429712,250.4
2025-01-28 16:00:00,2025-01-28T15:00:00,14.799371,254.2
2025-01-28 17:00:00,2025-01-28T16:00:00,14.815971,246.7
2025-01-28 18:00:00,2025-01-28T17:00:00,14.62657,247.2
2025-01-28 19:00:00,2025-01-28T18:00:00,14.252556,245.3
2025-01-28 20:00:00,2025-01-28T19:00:00,16.046855,240.1
2025-01-28 21:00:00,2025-01-28T20:00:00,16.350622,241.0
2025-01-28 22:00:00,2025-01-28T21:00:00,14.343738,244.0
2025-01-28 23:00:00,2025-01-28T22:00:00,14.340271,243.3
2025-01-29 00:00:00,2025-01-28T23:00:00,34.020833,240.0
2025-01-29 01:00:00,2025-01-29T00:00:00,33.9795,240.0
2025-01-29 02:00:00,2025-01-29T01:00:00,33.194167,240.0
2025-01-29 03:00:00,2025-01-29T02:00:00,34.135,240.0
2025-01-29 04:00:00,2025-01-29T03:00:00,32.437,240.0
2025-01-29 05:00:00,2025-01-29T04:00:00,39.258696,230.0
2025-01-29 06:00:00,2025-01-29T05:00:00,65.534787,240.0
2025-01-29 07:00:00,2025-01-29T06:00:00,66.551917,240.0
2025-01-29 08:00:00,2025-01-29T07:00:00,61.514333,240.0
2025-01-29 09:00:00,2025-01-29T08:00:00,45.246423,246.0
2025-01-29 10:00:00,2025-01-29T09:00:00,42.983751,243.7
2025-01-29 11:00:00,2025-01-29T10:00:00,62.9333,240.0
2025-01-29 12:00:00,2025-01-29T11:00:00,39.264805,236.4
2025-01-29 13:00:00,2025-01-29T12:00:00,33.76762,248.3
2025-01-29 14:00:00,2025-01-29T13:00:00,34.66,240.0
2025-01-29 15:00:00,2025-01-29T14:00:00,34.567,240.0
2025-01-29 16:00:00,2025-01-29T15:00:00,34.788,240.0
2025-01-29 17:00:00,2025-01-29T16:00:00,34.71,240.0
2025-01-29 18:00:00,2025-01-29T17:00:00,19.375,240.0
2025-01-29 19:00:00,2025-01-29T18:00:00,19.25625,240.0
2025-01-29 20:00:00,2025-01-29T19:00:00,19.153691,247.9
2025-01-29 21:00:00,2025-01-29T20:00:00,19.074346,248.3
2025-01-29 22:00:00,2025-01-29T21:00:00,19.673958,240.0
2025-01-29 23:00:00,2025-01-29T22:00:00,19.056786,248.3
2025-01-30 00:00:00,2025-01-29T23:00:00,18.122145,242.0
2025-01-30 01:00:00,2025-01-30T00:00:00,18.103821,240.8
2025-01-30 02:00:00,2025-01-30T01:00:00,15.541071,246.4
2025-01-30 03:00:00,2025-01-30T02:00:00,18.177642,240.0
2025-01-30 04:00:00,2025-01-30T03:00:00,15.43379,248.3
2025-01-30 05:00:00,2025-01-30T04:00:00,15.836375,240.0
2025-01-30 06:00:00,2025-01-30T05:00:00,15.332379,240.0
2025-01-30 07:00:00,2025-01-30T06:00:00,15.381558,240.0
2025-01-30 08:00:00,2025-01-30T07:00:00,13.370696,230.0
2025-01-30 09:00:00,2025-01-30T08:00:00,15.470333,240.0
2025-01-30 10:00:00,2025-01-30T09:00:00,15.492,240.0
2025-01-30 11:00:00,2025-01-30T10:00:00,15.544,240.0
2025-01-30 12:00:00,2025-01-30T11:00:00,12.616,240.0
2025-01-30 13:00:00,2025-01-30T12:00:00,13.101667,240.0
2025-01-30 14:00:00,2025-01-30T13:00:00,15.018729,240.0
2025-01-30 15:00:00,2025-01-30T14:00:00,14.557733,240.0
2025-01-30 16:00:00,2025-01-30T15:00:00,14.5613,240.0
2025-01-30 17:00:00,2025-01-30T16:00:00,14.531163,244.2
2025-01-30 18:00:00,2025-01-30T17:00:00,13.411333,240.0
2025-01-30 19:00:00,2025-01-30T18:00:00,13.94725,240.0
2025-01-30 20:00:00,2025-01-30T19:00:00,14.51,240.0
2025-01-30 21:00:00,2025-01-30T20:00:00,13.909,240.0
2025-01-30 22:00:00,2025-01-30T21:00:00,13.404167,242.4
2025-01-30 23:00:00,2025-01-30T22:00:00,13.016984,241.4
2025-01-31 00:00:00,2025-01-30T23:00:00,10.29735,248.3
2025-01-31 01:00:00,2025-01-31T00:00:00,10.199872,249.2
2025-01-31 02:00:00,2025-01-31T01:00:00,10.199872,249.2
2025-01-31 03:00:00,2025-01-31T02:00:00,10.109545,248.3
2025-01-31 04:00:00,2025-01-31T03:00:00,10.059356,248.3
2025-01-31 05:00:00,2025-01-31T04:00:00,10.845582,248.3
2025-01-31 06:00:00,2025-01-31T05:00:00,11.211442,240.0
2025-01-31 07:00:00,2025-01-31T06:00:00,11.027667,247.3
2025-01-31 08:00:00,2025-01-31T07:00:00,11.263733,240.0
2025-01-31 09:00:00,2025-01-31T08:00:00,10.514982,248.3
2025-01-31 10:00:00,2025-01-31T09:00:00,10.352542,240.0
2025-01-31 11:00:00,2025-01-31T10:00:00,10.258598,248.3
2025-01-31 12:00:00,2025-01-31T11:00:00,10.398675,240.0
2025-01-31 13:00:00,2025-01-31T12:00:00,10.201025,240.0
2025-01-31 14:00:00,2025-01-31T13:00:00,10.34005,240.0
2025-01-31 15:00:00,2025-01-31T14:00:00,10.210788,250.1
2025-01-31 16:00:00,2025-01-31T15:00:00,10.218688,251.6
2025-01-31 17:00:00,2025-01-31T16:00:00,11.005901,253.5
2025-01-31 18:00:00,2025-01-31T17:00:00,10.193135,252.6
2025-01-31 19:00:00,2025-01-31T18:00:00,10.042783,258.7
2025-01-31 20:00:00,2025-01-31T19:00:00,10.28116,248.3
2025-01-31 21:00:00,2025-01-31T20:00:00,10.04979,256.8
2025-01-31 22:00:00,2025-01-31T21:00:00,10.3501,240.0
2025-01-31 23:00:00,2025-01-31T22:00:00,10.241225,240.0
