날짜,1시,2시,3시,4시,5시,6시,7시,8시,9시,10시,11시,12시,13시,14시,15시,16시,17시,18시,19시,20시,21시,22시,23시,24시
2025-01-01,758.099,718.352,694.451,677.702,677.338,693.492,719.664,734.7,702.644,629.497,595.539,575.052,576.683,581.695,613.779,636.054,685.914,776.031,827.077,831.765,818.992,798.005,781.839,751.519
2025-01-02,706.731,667.105,648.97,637.551,637.647,656.136,696.258,765.744,819.128,798.896,768.176,729.367,682.556,689.301,713.422,749.599,796.645,870.502,894.829,886.248,862.587,831.717,814.514,790.494
2025-01-03,743.925,706.306,686.002,671.553,673.835,692.608,737.541,804.411,835.574,809.642,764.096,736.609,711.952,703.858,710.713,745.669,809.679,901.592,934.572,925.753,904.985,882.094,862.426,836.876
2025-01-04,783.611,743.024,716.093,696.184,691.899,710.027,744.518,773.847,764.671,720.015,696.113,663.492,644.861,646.541,633.784,655.471,726.904,830.574,883.232,886.659,874.573,856.787,845.161,823.923
2025-01-05,764.155,718.478,688.974,674.308,671.346,682.402,694.074,714.99,741.426,769.81,738.427,719.559,704.877,711.258,736.529,775.211,796.686,830.433,850.187,839.047,816.782,787.991,768.347,751.788
2025-01-06,702.636,669.551,660.605,659.002,663.414,677.322,704.306,771.806,829.868,839.829,832.256,821.856,804.079,770.407,776.121,810.984,859.216,930.501,945.478,931.865,906.598,872.584,852.819,825.216
2025-01-07,774.659,735.708,709.595,697.551,703.462,724.741,765.108,834.544,901.384,884.231,831.897,789.476,769.637,811.305,842.474,876.145,924.31,959.735,958.434,942.399,908.199,873.15,850.379,822.499
2025-01-08,779.589,739.119,706.773,698.775,694.555,709.62,748.297,813.646,883.838,872.56,839.539,848.44,841.729,864.256,860.48,861.812,879.88,940.196,948.194,933.489,906.839,871.951,853.885,831.505
2025-01-09,794.107,759.853,739.9,727.985,735.781,759.256,804.095,869.82,943.933,928.149,874.63,856.354,828.44,873.771,929.531,976.892,"1,019.69","1,046.88","1,048.70","1,031.80",999.44,956.814,933.509,913.078
2025-01-10,860.908,815.519,786.775,771.181,768.584,785.373,825.799,887.33,966.656,996.333,987.38,933.602,875.341,879.607,868.25,896.606,939.157,"1,002.65","1,009.95",990.047,955.685,918.509,897.855,878.567
2025-01-11,828.44,783.627,758.342,741.105,745.607,763.832,794.749,827.093,849.771,816.186,797.991,779.467,751.978,780.138,794.157,827.299,888.827,940.574,965.467,956.45,935.872,903.964,885.415,867.556
2025-01-12,827.963,796.617,766.341,750.004,754.523,766.739,781.439,810.694,817.461,749.378,709.901,674.538,663.583,698.535,700.108,715.346,790.164,894.567,940.843,940.118,914.58,880.272,862.954,846.127
2025-01-13,795.693,779.501,754.15,735.466,742.74,767.265,818.165,875.676,909.752,838.327,798.836,781.392,751.484,734.818,739.068,760.078,812.719,909.09,971.917,981.201,967.088,939.398,917.33,889.951
2025-01-14,831.685,779.424,744.237,731.627,728.51,750.569,788.656,840.267,875.836,820.724,774.189,745.912,705.511,690.477,702.154,723.677,768.685,845.967,904.765,915.207,890.125,843.463,821.08,796.615
2025-01-15,759.334,725.865,702.561,686.666,694.462,720.158,767.014,834.421,902.886,931.965,916.706,894.765,877.894,884.706,872.225,876.347,921.958,995.107,"1,010.86",996.893,968.331,929.784,898.465,872.791
2025-01-16,819.574,777.33,753.053,743.915,745.041,762.103,800.539,852.641,927.226,939.665,913.569,859.841,800.628,822.646,793.278,756.325,861.933,949.155,981.39,973.837,949.549,915.749,899.803,877.435
2025-01-17,829.652,791.806,762.463,741.977,738.793,760.154,797.394,849.967,913.314,916.655,871.295,809.307,761.099,744.689,718.312,738.797,805.248,890.703,954.762,965.737,957.168,935.908,921.762,903.797
2025-01-18,851.977,814.163,788.167,771.44,773.398,791.781,821.765,850.129,821.405,748.284,719.75,678.039,660.2,671.735,663.179,680.235,728.744,806.857,882.678,903.684,906.292,890.414,876.838,866.331
2025-01-19,823.999,789.097,759.782,745.808,743.394,748.742,776.707,803.628,766.466,658.253,625.367,608.011,596.06,607.38,627.265,649.107,683.134,768.203,863.353,885.955,880.024,866.315,858.44,838.929
2025-01-20,790.461,751.569,728.398,718.433,722.968,744.479,783.634,843.048,866.549,801.127,755.198,711.988,684.413,696.028,707.222,745.152,802.67,889.571,935.745,938.773,921.305,896.066,882.001,855.139
2025-01-21,801.56,767.976,745.126,737.582,736.491,756.601,802.84,863.501,868.761,785.066,733.31,691.551,656.135,662.954,672.108,692.835,749.493,842.978,919.958,931.995,921.506,898.167,886.29,867.586
2025-01-22,818.57,780.722,756.759,746.405,746.059,762.805,806.277,861.397,876.196,799.29,790.217,752.75,729.512,703.83,700.108,729.082,768.637,837.021,889.028,899.915,889.954,866.088,851.584,834.69
2025-01-23,776.573,744.507,723.707,718.71,721.054,739.973,780.52,836.121,850.089,761.748,709.937,678.264,653.269,656.061,673.338,693.791,742.285,817.597,883.411,895.094,880.287,859.277,849.417,824.705
2025-01-24,766.953,723.077,700.317,690.249,701.811,728.434,773.02,821.515,843.528,782.942,742.986,709.759,683.289,685.78,697.589,719.548,749.513,793.295,850.799,867.225,856.741,837.045,827.15,807.514
2025-01-25,762.14,724.507,699.941,678.492,679.22,693.782,729.716,765.51,745.006,654.862,624.25,615.581,625.677,671.008,689.296,698.318,747.175,807.638,852.817,854.789,846.1,829.905,808.641,803.889
2025-01-26,760.102,721.348,701.797,687.859,692.872,711.52,737.551,752.437,745.528,717.705,707.102,707.554,687.024,672.545,701.436,722.866,753.395,813.13,853.453,856.855,835.41,812.97,799.463,779.732
2025-01-27,738.618,701.918,674.846,668.182,677.89,695.416,721.809,745.536,789.028,782.052,782.911,762.18,727.842,710.871,726.138,748.994,808.66,879.919,932.532,938.334,913.964,887.984,878.044,857.08
2025-01-28,816.995,779.916,752.809,741.481,741.512,754.424,774.868,798.749,827.53,814.729,792.997,761.777,746.2,714.511,748.81,769.093,810.273,878.606,924.713,922.196,908.2,884.861,867.487,850.491
2025-01-29,804.536,767.698,738.329,721.142,721.58,737.882,771.078,805.303,780.049,688.468,636.242,606.68,606.974,599.104,613.931,621.821,674.2,761.628,841.866,861.528,864.288,864.089,867.917,863.38
2025-01-30,839.097,807.413,785.355,777.811,778.468,785.922,805.814,823.421,756.728,635.464,603.003,587.11,569.71,556.518,582.588,602.774,656.897,752.09,868.348,902.746,902.697,886.835,877.637,859.363
2025-01-31,811.927,758.187,710.389,694.442,692.754,711.824,738.234,781.28,831.444,878.039,812.975,738.554,727.636,736.578,765.986,793.385,827.525,855.269,872.221,866.367,845.216,812.069,796.892,774.272
2025-02-01,727.646,690.851,665.694,650.448,643.931,657.201,685.509,702.286,753.692,816.822,848.393,855.689,836.046,805.754,796.616,810.418,837.707,847.625,866.72,857.15,836.427,808.711,794.382,772.181
2025-02-02,731.014,691.077,668.392,660.384,664.241,675.973,704.481,720.855,704.982,669.301,641.043,596.318,565.666,564.537,591.832,640.5,707.985,776.567,843.297,856.084,841.463,828.79,818.814,796.041
2025-02-03,756.149,717.175,689.628,676.638,678.671,695.686,742.265,808.196,865.572,848.967,819.394,790.813,773.595,804.292,811.054,836.396,894.338,958.361,"1,000.46",998.181,966.308,927.066,909.501,897.783
2025-02-04,853.01,811.15,786.786,778.799,778.648,791.598,832.62,888.385,957.235,"1,005.07",984.435,959.288,943.292,934.941,884.098,882.964,932.65,985.305,"1,017.20","1,006.67",978.352,942.09,920.852,899.533
2025-02-05,860.762,825.313,794.271,785.925,778.897,791.594,829.741,884.378,936.301,923.23,891.114,860.582,832.573,844.918,834.399,847.392,904.493,981.95,"1,013.18","1,003.02",979.941,944.728,929.562,901.611
2025-02-06,853.483,817.375,788.592,778.509,780.667,798.051,842.477,899.644,966.572,974.352,928.049,893.29,846.849,846.446,849.666,859.812,883.038,939.404,993.18,999.172,973.407,945.048,924.681,885.586
2025-02-07,826.698,783.989,758.528,748.569,757.992,765.587,794.915,852.716,917.709,943.815,964.169,951.35,924.508,938.825,937.751,968.979,"1,030.77","1,060.56","1,073.40","1,056.54","1,019.82",982.692,953.176,933.912
2025-02-08,883.923,845.433,816.815,801.635,801.121,809.367,834.754,860.652,897.882,887.739,861.623,860.215,833.106,831.56,829.225,851.863,887.391,946.422,990.951,990.127,973.895,948.963,936.593,923.703
2025-02-09,877.633,837.419,808.876,786.948,785.914,805.875,829.564,844.289,828.899,781.592,757.159,748.244,729.727,748.736,747.933,764.861,814.721,891.374,955.87,969.189,950.169,919.657,896.533,877.496
2025-02-10,828.913,796.269,773.216,757.843,766.278,792.371,839.495,898.911,918.248,887.847,883.418,845.459,808.306,787.591,766.616,769.528,805.766,881.934,977.154,"1,006.44",989.372,963.44,944.486,926.124
2025-02-11,880.611,842.376,816.63,803.051,801.295,825.087,868.949,922.454,895.718,803.641,760.183,716.817,678.769,679.001,680.363,705.306,749.799,824.164,899.431,905.526,875.938,841.137,826.157,804.053
2025-02-12,749.54,705.137,676.176,657.323,650.111,667.852,700.476,740.576,805.81,809.172,795.273,797.616,786.218,797.495,803.116,796.125,828.66,862.127,901.182,904.638,879.707,862.722,854.779,847.35
2025-02-13,807.924,771.034,748.931,736.731,739.698,768.87,825.566,885.47,861.413,791.1,764.89,713.993,665.665,667.462,673.758,695.214,748.256,825.327,935.413,971.876,956.405,929.893,918.514,894.542
2025-02-14,846.17,803.056,778.535,764.829,765.007,781.066,819.407,862.397,827.354,752.04,718.302,696.315,662.653,694.429,718.532,757.475,783.505,821.809,865.764,882.963,868.926,845.443,833.671,815.121
2025-02-15,762.797,724.738,709.306,684.78,675.35,686.27,707.317,733.164,776.365,818.894,801.395,774.647,754.24,758.903,772.143,815.434,851.091,856.348,867.211,859.758,844.454,818.954,806.428,795.99
2025-02-16,767.546,737.123,715.48,706.525,705.152,715.827,735.283,750.292,714.382,609.97,611.111,564.663,555.736,539.633,542.526,576.243,634.784,709.953,799.85,835.121,832.318,818.45,810.308,792.655
2025-02-17,749.154,719.623,699.967,692.224,704.108,737.943,790.067,842.651,808.927,746.31,736.444,708.276,683.873,685.854,692.414,741.794,820.378,882.393,932.435,933.048,913.012,882.217,864.971,841.889
2025-02-18,793.764,757.79,741.044,727.301,729.317,747.823,788.639,844.532,867.087,839.932,802.311,760.724,691.27,694.587,692.394,738.573,793.814,873.1,961.749,982.081,961.199,923.995,908.056,883.504
2025-02-19,833.491,793.016,764.14,747.608,747.817,764.895,802.807,846.999,898.469,881.301,822.541,767.825,707.704,706.751,721.406,743.915,794.396,877.009,972.928,996.152,969.251,937.603,921.698,900.086
2025-02-20,848.245,807.116,777.207,762.102,762.074,778.057,818.892,871.9,876.518,856.713,844.836,795.453,751.38,744.804,745.413,766.993,811.505,892.566,968.898,980.248,958.514,927.048,907.09,882.483
2025-02-21,832.068,792.943,767.912,757.63,760.391,773.951,810.737,862.15,880.516,830.826,784.18,756.372,707.253,717.371,719.875,744.691,794.291,878.193,972.406,996.026,977.448,950.62,937.903,920.287
2025-02-22,866.152,825.16,801.794,789.186,786.978,803.669,835.807,840.726,796.009,751.087,746.731,751.977,713.295,698.678,705.099,714.955,764.507,846.891,938.453,959.364,940.463,916.422,897.384,874.985
2025-02-23,826.686,789.865,763.7,751.284,748.21,762.563,793.042,812.443,780.717,722.084,750.036,729.039,699.739,703.739,711.52,756.031,853.517,908.607,970.148,984.715,964.902,931.33,913.296,895.554
2025-02-24,846.713,809.916,779.075,766.835,769.434,791.283,836.711,895.594,946.147,941.66,914.119,874.847,813.894,778.339,763.019,765.513,806.855,872.326,972.75,"1,007.68",989.616,962.469,945.14,917.35
2025-02-25,871.789,837.164,812.473,797.867,794.768,811.305,846.331,875.953,840.387,781.621,757.461,764.446,760.86,771.329,783.62,809.26,847.023,895.33,927.09,930.468,910.909,887.975,866.878,861.652
2025-02-26,817.125,784.653,756.609,741.336,743.035,759.658,805.965,835.863,797.617,756.99,725.577,682.47,642.375,651.36,657.366,683.664,733.098,788.455,874.594,918.013,909.1,891.423,882.662,868.594
2025-02-27,824.154,787.595,763.06,746.784,752.128,775.929,812.752,834.875,787.21,801.977,804.896,789.253,769.741,800.639,818.6,838.44,887.521,898.004,898.536,893.391,866.45,831.38,815.554,788.864
2025-02-28,736.164,690.432,663.092,647.605,643.641,663.071,696.437,738.861,774.1,779.508,746.697,698.69,678.889,717.225,714.889,713.417,731.855,757.783,804.398,834.05,837.226,818.332,786.015,760.197
2025-03-01,707.995,686.293,665.444,638.803,627.822,631.876,653.939,674.137,700.102,715.649,709.8,670.541,701.435,707.073,697.383,692.947,716.597,732.312,757.416,762.075,747.043,726.137,717.294,698.695
2025-03-02,655.643,619.302,595.654,582.363,578.488,587.932,612.969,621.808,618.868,610.131,614.501,640.015,647.69,646.312,649.732,661.633,686.7,708.287,730.509,733.525,715.32,696.342,684.701,671.875
2025-03-03,628.587,597.957,584.991,583.816,591.656,604.45,634.008,667.89,723.362,779.027,794.467,784.965,774.406,790.257,820.883,804.405,833.242,854.501,867.727,861.326,835.23,806.185,782.653,767.496
2025-03-04,722.725,688.774,665.764,656.59,656.63,675.772,719.009,774.757,860.94,906.116,908.878,906.682,806.16,791.991,820.507,829.375,833.696,874.197,898.792,887.24,861.324,837.509,812.656,786.498
2025-03-05,740.235,701.22,672.308,661.79,660.722,681.106,719.864,768.027,799.073,832.06,795.017,778.072,767.542,797.706,830.045,865.02,847.019,901.378,903.893,900.542,875.482,844.794,820.903,795.889
2025-03-06,754.198,721.088,691.795,675.35,673.648,695.569,744.924,789.149,824.356,778.777,743.757,672.693,627.098,626.007,646.993,664.642,718.247,776.672,875.215,924.269,911.974,891.85,875.454,853.832
2025-03-07,812.364,770.24,745.212,732.12,734.76,755.534,799.053,819.081,762.093,726.261,716.862,682.597,644.712,643.446,677.389,705.462,745.94,795.196,842.32,868.164,846.57,817.668,807.696,788.164
2025-03-08,740.669,706.575,677.884,665.058,666.978,686.935,709.707,732.955,757.289,724.677,653.112,659.89,695.034,714.198,719.74,720.2,741.813,774.267,818.685,856.655,847.659,834.765,826.212,806.591
2025-03-09,753.622,725.283,709.501,700.108,698.961,718.867,736.474,719.134,626.693,577.294,552.492,534.41,516.165,514.055,518.862,551.849,612.342,681.629,781.096,845.122,848.942,829.205,818.561,798.467
2025-03-10,751.913,718.368,698.025,688.549,693.243,712.349,745.687,767.337,768.584,778.565,755.489,779.871,757.12,752.398,755.901,762.886,803.136,828.374,844.797,854.326,832.047,796.473,768.791,742.481
2025-03-11,694.637,660.24,638.504,626.429,625.323,644.961,680.559,725.334,744.87,750.919,729.463,679.048,669.954,649.015,613.218,626.382,670.688,717.972,773.15,826.467,818.507,793.329,779.52,756.566
2025-03-12,715.339,688.41,651.592,627.437,631.03,673.772,716.477,725.456,722.591,738.693,732.713,738.75,729.268,720.942,713.365,726.39,742.509,747.879,788.053,809.861,798.73,774.487,754.759,738.768
2025-03-13,689.614,655.452,632.155,617.975,617.925,638.187,677.577,729.23,773.39,765.968,748.906,734.872,676.534,619.743,653.021,677.776,673.885,719.817,782.154,814.535,801.337,784.213,774.306,755.741
2025-03-14,709.719,663.014,640.078,621.907,625.426,641.857,677.16,721.188,750.987,729.536,714.06,621.552,564.096,575.762,608.088,652.175,671.15,698.049,754.613,782.48,771.7,752.736,738.666,725.158
2025-03-15,686.521,651.961,631.789,630.721,638.275,654.374,678.409,707.971,766.17,799.778,777.249,767.926,760.304,779.361,772.679,761.783,803.146,831.645,837.771,838.51,818.174,794.059,777.294,760.876
2025-03-16,709.903,675.564,650.842,647.907,652.809,661.858,689.264,667.913,614.107,610.7,631.332,663.184,685.746,686.001,712.736,718.633,687.365,771.547,879.038,906.627,895.401,871.371,863.092,843.6
2025-03-17,796.024,764.798,743.57,730.258,731.844,750.23,793.782,821.32,809.373,762.839,738.083,697.802,655.213,664.539,674.728,683.804,718.175,772.177,874.267,944.256,941.208,922.804,908.824,876.679
2025-03-18,817.94,773.702,721.448,699.438,705.453,724.542,777.811,800.692,765.833,760.732,769.071,737.788,762.056,748.42,758.611,762.528,818.568,902.516,948.146,963.237,943.944,914.695,896.76,871.418
2025-03-19,820.51,782.493,760.265,739.285,738.658,765.618,802.79,821.335,786.223,794.372,781.078,766.541,707.656,680.038,663.693,668.711,709.805,773.193,883.198,948.301,937.256,913.319,896.655,877.716
2025-03-20,829.543,796.187,776.145,762.391,763.607,782.517,812.226,794.497,724.245,705.761,696.014,637.399,609.854,612.474,618.589,632.246,673.644,730.467,806.485,866.86,863.045,845.087,829.307,806.92
2025-03-21,753.616,711.635,688.896,676.992,680.046,695.429,729.688,728.461,684.449,660.539,627.879,593.882,566.669,573.644,576.851,594.775,638.174,693.375,755.147,806.26,804.953,791.555,784.377,761.616
2025-03-22,713.16,680.756,661.961,651.687,651.949,670.107,690.258,655.069,582.581,560.867,537.311,514.248,497.051,498.668,504.334,531.462,577.857,645.709,712.07,764.823,771.898,760.477,747.41,722.469
2025-03-23,679.411,647.801,631.328,626.4,630.647,643.986,663.424,614.409,546.974,522.909,504.637,483.09,476.091,483.121,503.314,540.546,578.113,643.595,700.221,741.762,747.872,726.892,707.255,680.52
2025-03-24,636.322,604.881,583.685,569.425,576.231,592.391,624.283,640.386,617.01,599.499,587.123,560.455,537.925,551.408,565.39,588.756,630.846,680.269,727.686,764.8,759.709,739.244,721.581,695.015
2025-03-25,654.015,622.182,608.697,601.519,605.311,625.48,660.408,656.136,622.265,603.294,584.193,561.94,542.354,553.95,572.45,592.157,631.492,681.423,726.239,768.806,764.147,745.192,727.499,694.437
2025-03-26,659.227,628.967,612.434,604.573,607.788,628.83,662.345,657.522,628.035,604.58,579.436,550.747,532.813,555.131,563.085,590.658,635.059,686.793,723.067,744.926,730.018,707.195,683.807,652.246
2025-03-27,608.955,572.687,554.638,546.816,546.594,558.654,597.809,630.548,653.009,675.213,661.97,709.231,730.028,706.59,728.151,734.328,743.803,761.163,776.415,794.55,787.192,765.23,747.523,726.776
2025-03-28,684.495,648.046,609.807,610.144,625.429,651.891,702.256,757.534,794.936,716.717,659.245,626.213,579.941,618.507,642.793,650.35,694.953,779.519,836.449,856.581,839.703,819.827,800.81,780.255
2025-03-29,733.991,700.581,680.54,683.812,692.753,709.831,721.701,695.164,637.348,597.725,566.983,600.815,616.78,609.307,606.715,645.196,703.322,784.313,835.919,865.298,855.778,846.953,835.829,818.795
2025-03-30,773.515,737.564,718.04,713.696,723.961,750.754,767.109,691.184,573.997,544.092,539.63,514.155,536.31,552.308,544.516,558.014,614.192,698.316,800.601,855.436,859.343,848.603,843.15,831.549
2025-03-31,792.238,760.82,740.53,728.969,725.806,743.958,770.987,762.886,670.012,648.113,626.296,599.022,607.111,580.635,589.492,632.21,687.174,729.76,809.029,864.721,860.472,840.951,824.371,799.494
2025-04-01,751.921,718.796,699.881,689.199,691.144,709.638,737.728,741.659,728.192,696.793,630.536,580.527,563.668,595.38,583.94,623.555,638.413,693.23,772.007,858.821,865.153,848.942,830.816,806.714
2025-04-02,761.007,727.374,706.704,700.159,709.644,736.836,762.892,710.715,638.005,616.144,592.082,563.858,541.901,664.608,550.378,583.946,626.727,686.902,771.257,827.426,834.283,824.052,816.104,793.265
2025-04-03,748.976,716.822,694.093,678.514,684.771,700.24,728.113,711.855,658.212,639.251,618.956,584.486,572.707,599.926,613.545,638.681,673.499,716.783,790.79,857.327,854.341,824.999,808.908,788.489
2025-04-04,732.634,701.306,690.161,680.663,696.522,721.849,744.291,709.004,659.148,660.941,640.248,624.979,630.105,642.317,634.236,672.474,705.936,733.613,782.202,836.388,830.84,803.563,785.376,761.651
2025-04-05,711.453,677.617,655.939,640.716,635.167,653.186,664.626,662.959,624.892,607.242,597.204,630.675,660.152,655.1,654.575,589.741,610.82,654.751,719.065,793.977,805.852,793.915,790.879,778.612
2025-04-06,737.847,708.568,694.128,689.219,701.258,714.509,721.168,630.199,544.188,517.225,508.199,479.923,471.421,470.607,479.725,509.041,561.825,626.97,705.808,797.783,822.359,819.375,810.024,786.934
2025-04-07,744.995,715.894,700.853,694.367,697.276,718.749,741.965,675.596,616.17,598.277,574.408,557.639,529.722,545.582,563.423,589.431,629.407,673.216,733.648,794.863,797.116,777.167,758.729,733.569
2025-04-08,682.582,644.962,622.709,617.174,622.837,640.369,659.609,630.851,602.706,587.15,568.801,552.16,528.998,545.965,557.238,584.398,629.461,674.566,718.855,777.285,787.461,777.509,767.673,740.246
2025-04-09,701.886,673.687,661.988,646.126,648.06,669.69,698.681,657.849,611.609,595.822,572.68,562.715,566.372,575.469,611.474,630.666,665.59,715.732,741.422,770.122,757.511,725.883,712.571,683.366
2025-04-10,638.765,606.714,586.383,580.738,582.302,599.745,625.729,657.078,658.325,613.133,590.96,557.875,546.096,557.37,561.155,579.428,628.629,666.318,714.701,787.349,801.538,792.514,780.172,760.982
2025-04-11,718.618,684.465,666.515,656.061,662.313,685.141,699.912,644.071,601.828,587.895,566.57,544.323,530.194,544.893,562.739,580.394,628.893,676.484,716.897,771.21,773.3,762.368,745.608,730.096
2025-04-12,688.331,654.856,627.007,609.206,610.848,612.978,626.687,650.266,660.609,615.32,630.38,638.58,652.721,654.644,677.861,694.121,740.355,768.753,767.743,772.053,757.124,732.694,759.834,751.71
2025-04-13,709.933,679.015,674.547,668.331,673.842,687.973,684.836,605.067,530.261,527.403,541.743,558.17,505.054,528.728,532.111,535.862,569.244,633.303,734.192,822.975,840.097,826.448,797.747,773.48
2025-04-14,731.781,684.903,650.514,633.295,636.026,642.556,661.975,656.197,609.125,588.554,571.179,551.85,532.648,552.821,568.101,608.965,670.678,741.843,796.206,830.268,827.594,816.213,798.033,771.463
2025-04-15,731.456,704.511,681.71,674.909,676.201,694.74,712.555,668.214,627.713,599.029,573.272,549.064,526.596,538.359,551.995,575.602,617.534,672.045,733.382,814.624,828.481,813.444,800.452,772.664
2025-04-16,723.047,686.993,664.453,644.348,637.363,645.497,647.246,622.079,602.215,600.406,586.119,564.632,550.91,554.164,571.139,601.691,621.635,657.61,692.765,750.108,759.46,749.086,729.723,702.076
2025-04-17,662.432,625.752,597.568,578.818,576.202,585.425,608.68,629.707,635.997,633.304,632.483,616.898,599.234,616.367,629.874,649.682,683.523,729.046,746.191,765.6,751.934,725.28,709.234,690.817
2025-04-18,651.879,615.823,598.967,587.828,587.739,598.192,610.153,610.186,616.652,621.721,617.406,601.441,592.637,607.228,622.024,632.966,664.46,695.501,715.502,738.705,732.91,714.298,699.278,682.919
2025-04-19,637.572,597.057,575.97,568.78,568.934,576.28,582.851,569.274,559.665,576.42,581.688,565.024,555.464,572.76,598.12,640.489,681.501,716.396,708.247,731.48,717.913,695.817,680.866,656.885
2025-04-20,612.625,577.25,557.586,546.522,546.289,554.096,568.423,573.143,554.981,547.652,577.244,590.598,607.637,579.26,554.037,572.727,615.932,666.64,695.697,718.034,713.617,694.848,678.247,649.633
2025-04-21,603.998,575.661,558.324,550.278,555.788,570.499,595.2,632.192,658.58,642.381,628.011,616.974,602.971,619.501,627.72,650.701,675.776,699.67,726.866,754.231,746.504,717.632,695.861,657.388
2025-04-22,614.721,581.531,562.667,548.832,550.286,563.403,600.335,661.281,718.548,749.43,742.989,687.362,660.036,673.232,675.688,657.184,689.086,698.831,716.73,743.686,735.834,716.704,696.29,667.685
2025-04-23,623.686,591.93,571.441,561.298,569.591,583.549,600.743,623.053,646.9,665.238,654.175,614.697,582.315,596.924,584.012,632.222,657.968,683.422,705.339,756.17,764.452,743.554,734.504,709.552
2025-04-24,660.729,615.547,595.686,597.549,613.493,638.777,638.5,599.505,579.6,566.962,549.687,535.473,534.65,534.899,560.919,572.423,628.146,674.104,700.83,740.896,740.12,723.055,701.908,673.976
2025-04-25,634.851,600.05,587.099,584.463,595.148,606.509,626.904,606.29,618.351,618.551,603.2,592.967,534.914,529.702,521.518,546.746,590.986,640.555,701.641,779.246,795.474,785.193,773.61,749.099
2025-04-26,704.57,677.931,651.946,642.053,640.865,650.942,633.061,545.837,511.904,494.965,486.879,472.846,463.208,468.208,484.356,512.189,561.029,619.622,670.545,738.711,764.641,756.29,747.076,722.427
2025-04-27,686.153,657.57,635.94,616.87,615.596,630.114,619.892,536.325,502.751,482.871,479.54,473.636,475.664,524.723,588.02,614.054,634.229,684.358,710.051,735.636,729.022,706.301,686.817,652.811
2025-04-28,616.999,586.681,567.869,559.585,558.312,577.006,603.276,607.57,624.757,618.936,562.626,544.108,507.024,528.751,538.073,554.143,595.393,646.015,695.312,758.988,776.651,762.771,746.959,726.938
2025-04-29,684.769,656.238,640.217,635.425,638.244,654.573,650.45,588.303,568.322,553.299,537.439,516.767,510.485,519.087,534.464,539.731,600.705,652.914,696.709,767.491,791.06,783.986,768.315,738.11
2025-04-30,693.661,663.162,646.27,638.084,641.917,656.979,649.788,587.458,569.635,569.205,555.498,543.311,520.663,525.359,534.061,559.469,600.368,644.646,683.604,733.999,747.347,735.131,707.382,676.339
2025-05-01,629.665,597.304,573.805,565.144,561.505,572.908,566.838,552.64,550.984,578.767,636.583,669.365,692.687,685.973,735.301,761.177,769.287,771.499,757.001,754.417,741.203,717.912,711.101,693.324
2025-05-02,655.885,625.935,608.829,605.565,611.036,629.774,631.732,573.941,553.067,541.822,532.833,512.235,494.649,512.33,525.046,549.6,590.069,646.422,690.326,756.041,783.322,772.428,758.226,731.249
2025-05-03,684.857,632.464,599.399,581.369,584.585,587.148,580.902,553.229,550.226,542.027,592.904,595.919,593.003,606.51,589.963,623.997,601.887,621.363,662.729,728.222,754.598,754.021,738.654,716.9
2025-05-04,675.383,650.579,630.453,620.891,628.411,636.781,617.044,538.001,499.181,483.929,465.969,447.296,442.888,444.611,456.409,488.89,540.591,602.707,651.493,724.183,760.912,758.676,750.076,724.836
2025-05-05,683.715,656.961,639.351,628.001,628.387,631.529,598.269,541.605,566.25,568.478,557.776,581.145,622.03,625.032,630.741,658.464,667.48,708.082,730.136,748.007,755.37,725.975,700.123,665.901
2025-05-06,619.32,584.549,566.832,560.309,562.772,570.732,586.293,599.74,607.65,611.558,635.045,616.709,597.488,620.105,632.784,626.569,629.501,635.797,665.856,729.899,754.008,744.238,725.757,702.131
2025-05-07,658.994,630.795,616.348,610.449,612.334,626.418,619.609,578.188,573.3,564.158,544.762,529.595,510.944,528.015,551.382,577.441,622.567,663.399,695.176,741.237,766.75,757.142,744.27,718.045
2025-05-08,675.162,642.896,628.064,618.766,620.3,631.933,622.794,582.498,571.805,559.371,544.781,531.408,514.648,545.602,582.957,609.883,647.934,671.302,693.62,716.485,713.468,704.255,680.593,651.3
2025-05-09,604.992,570.465,544.147,543.324,552.901,557.776,592.296,650.455,698.905,719.744,738.796,731.821,724.051,726.659,719.187,711.668,718.525,725.659,723.481,745.762,746.214,730.213,714.511,693.343
2025-05-10,652.214,618.68,597.564,587.721,587.806,598.061,595.773,564.823,564.022,531.198,537.599,569.954,576.034,555.844,609.807,582.584,578.38,633.132,676.445,723.348,746.31,738.308,729.32,700.941
2025-05-11,655.303,624.729,602.634,586.625,576.053,582.275,589.311,582.524,597.278,605.776,543.335,488.479,514.156,504.231,500.521,517.412,555.375,603.308,656.813,708.716,733.741,730.385,716.185,690.398
2025-05-12,649.236,624.722,609.179,600.678,609.314,627.282,613.378,570.653,566.714,567.203,553.635,542.873,518.385,526.683,541.638,570.013,608.364,657.335,691.211,727.656,737.83,711.715,693.445,664.996
2025-05-13,617.289,583.264,566.461,564.5,580.111,603.756,596.403,564.54,570.458,567.33,557.765,548.146,535.724,544.02,563.525,591.768,627.13,665.289,697.953,726.597,738.489,726.017,712.39,682.568
2025-05-14,643.859,608.632,590.76,585.855,582.786,591.593,589.461,571.206,572.253,566.085,565.492,584.182,588.212,627.665,643.734,650.163,669.52,690.792,708.307,731.819,723.493,699.616,677.983,647.588
2025-05-15,602.599,569.33,544.153,534.622,535.822,544.041,571.058,609.937,637.933,673.138,697.036,703.881,691.979,685.126,685.782,695.406,702.574,720.604,727.011,747.729,740.035,712.503,685.11,651.876
2025-05-16,608.31,570.945,552.456,535.289,533.943,546.791,570.484,627.354,678.03,727.571,742.664,739.658,726.507,736.064,753.104,762.458,765.534,770.58,753.999,760.522,740.421,718.706,695.944,664.179
2025-05-17,617.897,592.544,577.23,559.002,564.169,573.389,561.613,545.197,552.85,539.692,533.436,544.118,520.407,511.095,541.158,606.279,613.612,649.091,674.267,704.991,708.118,695.951,678.31,651.131
2025-05-18,612.949,581.095,552.238,539.919,532.813,536.558,539.419,529.217,548.305,518.468,482.751,503.184,478.038,474.206,502.386,561.385,600.17,632.442,652.745,689.614,708.532,694.303,676.361,656.088
2025-05-19,615.305,588.482,575.604,569.703,562.699,564.872,565.135,568.468,576.756,564.498,555.624,541.233,534.197,557.049,569.473,602.601,651.24,671.963,689.741,719.721,714.436,689.156,666.355,630.531
2025-05-20,584.094,554.167,537.604,526.615,527.869,539.218,561.373,592.961,617.611,632.713,639.405,619.596,630.437,697.542,688.847,708.097,734.083,742.658,737.045,754.461,744.197,706.38,681.658,648.637
2025-05-21,602.301,568.805,543.967,532.263,533.439,541.778,567.764,616.252,683.07,727.7,764.782,761.808,758.062,761.659,746.055,732.839,737.345,746.337,750.002,757.302,743.704,710.812,687.984,650.776
2025-05-22,604.138,571.751,551.844,542.07,541.566,552.887,575.949,601.807,630.631,618.627,620.708,638.581,670.966,675.317,686.177,670.521,702.452,734.941,748.498,754.252,744.006,714.469,691.214,656.757
2025-05-23,613.293,577.078,556.341,545.878,543.097,554.455,587.257,630.919,673.269,697.594,702.292,703.761,695.492,702.864,706.655,696.649,704.825,711.581,726.688,742.56,733.424,706.881,682.329,653.747
2025-05-24,609.394,573.766,552.263,539.125,538.949,543.558,567.233,586.69,608.349,611.978,633.114,636.144,608.835,604.956,598.758,582.785,612.901,641.255,672.427,692.643,702.883,692.501,681.527,654.829
2025-05-25,612.158,576.622,558.166,550.08,553.987,559.669,560.614,551.603,539.961,527.031,495.79,471.04,463.417,466.27,479.857,505.87,551.418,606.804,645.372,686.072,706.922,695.138,674.783,646.031
2025-05-26,603.102,572.708,551.567,545.638,547.1,557.83,565.168,568.019,583.734,590.776,571.869,540.011,525.769,542.592,553.304,572.576,610.633,654.748,683.914,713.752,725.928,711.549,695.938,665.649
2025-05-27,623.528,591.759,572.897,562.028,560.46,569.328,568.191,566.203,576.534,580.96,571.923,556.133,543.456,560.08,575.092,594.957,628.797,666.006,693.414,721.926,728.779,710.326,689.285,663.101
2025-05-28,619.736,589.15,567.945,555.754,552.678,558.95,563.997,578.016,598.31,609.788,585.727,572.63,588.9,607.765,601.535,628.382,656.15,689.22,709.952,730.34,732.377,710.846,688.969,656.096
2025-05-29,612.951,583.768,562.006,548.709,549.981,561.773,569.321,577.53,588.691,588.857,581.806,571.265,560.209,573.233,586.176,605.502,642.091,682.627,706.957,731.231,734.944,713.111,695.133,665.156
2025-05-30,621.967,592.657,573.476,556.235,555.3,565.194,571.426,577.5,588.16,593.537,587.467,568.63,558.782,575.767,587.28,611.999,649.546,682.67,699.118,723.888,726.469,705.179,686.408,660.467
2025-05-31,616.538,584.848,565.635,553.972,550.849,554.103,546.12,542.871,549.057,551.002,562.2,565.65,531.703,550.127,591.61,577.93,611.713,662.272,684.102,704.164,706.242,686.781,670.834,642.545
2025-06-01,603.894,575.703,555.287,544.59,544.054,546.906,535.986,515.889,505.041,501.986,497.842,497.33,489.061,488.675,507.051,533.5,579.746,635.002,670.867,697.48,701.623,682.345,661.406,625.887
2025-06-02,581.52,549.622,529.967,519.551,518.913,529.044,558.825,603.576,650.775,672.193,675.337,661.007,647.932,672.002,685.271,698.002,717.45,724.381,717.576,724.775,714.228,686.715,663.228,630.611
2025-06-03,586.622,556.153,534.124,517.693,516.067,522.726,540.851,525.558,515.999,508.325,507.278,508.84,493.698,504.065,507.899,523.914,576.308,638.07,666.21,695.567,702.113,677.384,661.446,631.098
2025-06-04,595.495,561.37,546.654,539.031,537.162,545.875,553.538,562.157,571.947,605.235,614.226,579.508,605.273,626.192,622.928,619.199,649.432,686.187,715.589,733.493,733.337,708.31,685.567,653.718
2025-06-05,609.153,575.908,553.048,540.581,543.041,552.856,563.701,572.302,586.606,592.435,585.913,575.663,572.571,582.563,591.293,592.918,666.718,703.219,712.317,735.004,732.951,708.506,685.221,650.036
2025-06-06,609.846,575.841,552.352,542.2,537.126,541.023,550.217,555.233,550.715,561.945,588.137,587.323,577.79,603.699,606.521,643.963,663.19,679.03,705.935,722.946,726.563,702.721,673.701,646.825
2025-06-07,599.628,565.713,540.7,529.029,526.021,531.741,545.302,560.947,566.645,620.868,606.687,594.933,683.621,682.971,678.959,672.48,679.014,704.027,721.326,728.368,725.832,701.332,676.856,644.595
2025-06-08,598.443,564.485,542.956,529.392,525.541,528.983,548.637,574.249,607.327,629.427,648.101,651.068,670.366,660.367,638.14,649.383,666.14,686.783,709.292,729.329,728.271,700.958,674.077,640.816
2025-06-09,596.707,563.066,541.014,526.882,522.949,532.898,565.939,608.302,642.057,689.469,712.95,705.633,702.296,711.231,693.131,671.713,697.562,721.684,735.337,754.227,751.534,722.226,694.904,660.162
2025-06-10,611.255,572.907,549.933,533.604,528.254,537.842,567.858,599.455,633.255,668.149,693.198,727.861,722.543,735.455,721.872,721.7,721.248,729.212,742.301,756.467,746.861,715.665,690.081,657.794
2025-06-11,605.414,571.405,549.146,532.057,526.227,539.427,572.99,601.456,626.523,651.713,658.428,636.831,595.012,613.921,608.497,627.253,668.801,715.104,735.464,755.886,749.889,718.768,692.861,658.351
2025-06-12,611.091,573.969,551.45,530.839,527.097,535.821,566.53,619.898,672.819,712.734,720.636,727.061,715.097,728.754,712.951,718.125,710.09,726.931,728.323,746.634,739.468,708.031,684.315,655.851
2025-06-13,605.84,570.807,549.327,534.293,528.847,539.381,567.821,618.152,656.076,702.677,729.254,753.964,755.542,777.36,782.568,783.846,789.738,800.823,803.647,803.204,793.755,756.223,730.275,693.728
2025-06-14,641.295,603.191,575.291,558.013,553.788,556.401,588.838,626.114,677.774,695.958,695.621,711.47,724.666,684.443,672.287,680.418,692.363,728.744,752.809,760.784,756.49,729.008,706.289,673.571
2025-06-15,624.011,588.724,563.43,545.302,539.391,540.13,557.065,581.126,611.994,630.851,632.022,636.065,646.224,675.582,676.352,695.258,737.151,764.058,777.104,783.626,775.598,741.916,713.53,674.645
2025-06-16,620.454,583.935,568.371,550.595,545.567,554.451,593.176,654.83,720.339,765.726,765.719,741.19,684.565,677.444,679.631,714.754,724.673,761.983,780.882,788.909,776.831,742.713,711.169,676.412
2025-06-17,622.27,586.441,560.22,540.285,538.652,550.324,587.694,634.014,678.364,715.225,754.954,761.996,715.665,732.998,757.651,757.938,783.294,810.117,812.731,833.344,819.95,771.5,731.275,688.23
2025-06-18,634.249,594.469,566.119,549.372,544.445,553.841,580.803,609.822,643.332,676.384,691.268,684.626,673.53,687.611,702.111,719.803,751.93,787.094,803.143,814.201,801.511,766.099,731.808,689.969
2025-06-19,636.755,596.15,570.43,554.113,549.32,557.855,594.564,642.395,710.882,763.376,791.332,797.375,798.416,820.241,851.115,823.635,846.081,861.465,872.656,881.558,869.368,822.634,782.914,729.045
2025-06-20,669.738,623.636,597.192,577.017,573.552,584.491,620.99,682.535,765.377,823.257,852.131,846.871,843.768,876.767,873.419,871.962,872.799,876.482,869.49,869.214,853.163,813.489,777.359,735.075
2025-06-21,678.369,635.538,607.232,585.398,577.339,583.903,606.456,646.785,705.705,761.032,786.309,814.624,813.964,825.705,827.86,830.258,838.549,852.025,851.077,849.47,837.426,798.281,771.429,726.731
2025-06-22,668.45,626.984,597.193,574.78,566.537,567.772,587.264,610.757,635.844,649.63,636.411,634.19,655.164,663.654,671.133,686.477,692.735,728.972,748.161,764.006,761.687,733.098,704.102,668.028
2025-06-23,619.333,581.869,557.962,543.321,540.588,550.11,575.2,610.126,651.872,685.049,703.883,691.179,696.865,712.307,742.236,758.264,788.365,804.664,805.704,813.539,802.163,767.378,736.514,695.607
2025-06-24,644.611,607.238,582.14,565.655,561.492,567.014,606.947,667.889,732.588,785.029,815.261,815.944,794.616,795.447,798.726,799.881,800.127,802.186,812.439,840.65,814.313,771.758,734.688,688.806
2025-06-25,636.831,597.004,569.656,550.534,545.732,556.306,585.561,628.806,665.26,688.276,702.977,723.22,701.827,700.202,710.839,726.308,754.948,790.837,807.002,830.244,820.581,772.258,737.663,696.223
2025-06-26,643.379,603.062,575.921,559.984,552.814,563.382,592.057,627.982,669.14,703.524,698.478,698.788,689.375,714.372,729.896,741.763,772.292,803.134,820.525,828.644,818.714,780.78,746.369,706.039
2025-06-27,652.613,615.249,582.986,562.453,556.726,568.256,601.88,650.847,705.388,757.295,779.524,793.425,796.722,813.589,824.455,844.044,872.688,898.953,906.07,912.015,896.666,852.985,811.013,760.361
2025-06-28,705.197,658.317,623.818,603.712,594.388,600.501,621.456,646.819,683.019,726.605,748.196,747.387,743.664,755.244,770.145,798.892,834.784,877.983,896.141,898.124,886.053,847.485,807.795,759.093
2025-06-29,700.258,656.115,624.436,602.532,593.713,599.024,616.936,631.347,651.89,680.503,704.807,710.999,723.919,743.296,759.996,779.683,820.799,879.526,911.058,917.66,911.355,869.911,821.536,761.348
2025-06-30,699.033,652.426,623.241,603.713,595.651,606.028,647.922,705.007,767.587,818.448,845.372,851.073,858.514,887.844,895.641,907.625,939.593,980.538,994.652,989.825,972.854,920.036,865.99,802.889
2025-07-01,736.369,688.438,656.238,636.529,627.841,636.875,682.319,749.932,823.399,879.251,906.196,910.807,910.713,926.57,933.156,955.866,983.7,1017.868,1026.372,1029.295,1009.166,953.485,893.125,825.791
2025-07-02,756.414,704.232,667.2,643.923,633.721,641.244,684.611,747.004,817.177,869.44,891.462,890.532,888.93,911.592,927.743,952.221,985.447,1024.775,1030.488,1032.585,1010.085,951.876,893.383,830.189
2025-07-03,757.937,706.065,671.221,644.917,629.197,640.94,686.346,749.267,814.207,871.146,891.305,893.526,887.736,906.209,923.958,943.356,977.006,1013.406,1021.982,1019.747,999.325,942.53,886.052,821.304
2025-07-04,753.11,700.323,669.704,644.82,633.015,642.205,684.396,747.568,813.61,867.632,896.291,893.699,893.201,927.293,941.402,972.599,979.221,1010.935,1016.287,1015.298,993.841,945.315,891.278,826.476
2025-07-05,760.525,708.362,673.77,650.092,638.584,645.021,671.834,700.682,743.722,796.492,831.264,838.587,853.061,865.687,874.016,898.841,946.473,990.801,1002.661,999.733,982.201,935.37,885.386,824.77
2025-07-06,757.377,706.021,671.785,649.02,641.757,645.687,669.824,692.656,725.888,774.107,809.609,827.235,857.018,869.055,877.983,900.123,934.525,990.835,1014.03,1017.312,1000.822,952.371,892.002,820.564
2025-07-07,750.06,699.487,664.944,641.884,632.791,643.572,685.878,752.328,832.145,897.881,939.036,948.736,963.577,984.26,991.61,1002.118,1027.311,1061.262,1073.338,1072.92,1047.11,987.066,916.074,836.478
2025-07-08,760.653,709.921,675.948,654.399,641.692,650.063,694.425,763.552,845.505,922.781,964.042,987.216,988.928,998.101,1016.079,1030.105,1047.083,1058.71,1049.171,1043.181,1016.235,959.646,902.262,836.952
2025-07-09,767.683,713.366,678.819,656.833,645.199,655.157,697.866,769.383,848.855,901.474,938.575,953.641,944.584,968.638,967.499,947.432,978.642,1000.017,997.287,999.168,980.59,927.461,874.279,812.082
2025-07-10,744.52,695.565,663.282,640.259,632.267,641.55,688.31,759.547,833.111,892.545,917.03,908.522,927.1,941.491,948.689,940.103,960.257,976.533,969.992,969.623,949.635,898.096,850.785,793.381
2025-07-11,728.512,683.381,649.988,628.905,623.559,635.126,676.503,746.342,826.356,880.096,898.794,906.365,906.525,916.962,906.331,875.964,878.304,897.949,894.227,897.985,885.571,844.976,803.887,758.596
2025-07-12,700.491,657.993,628.112,607.584,598.385,603.539,629.66,662.357,713.795,765.466,807.415,825.321,826.356,827.702,814.503,807.851,815.38,830.628,836.443,842.18,836.104,805.885,774.25,729.491
2025-07-13,678.846,638.63,611.158,593.373,584.93,589.34,614.189,641.945,682.828,729.923,754.591,754.495,751.639,755.761,755.003,764.433,788.116,795.212,808.955,818.963,809.892,772.553,737.655,691.457
2025-07-14,641.105,606.024,581.504,565.407,562.533,576.758,607.495,660.277,715.943,770.188,799.699,802.696,803.306,832.685,835.579,855.02,876.221,881.75,882.345,885.151,868.024,827.127,781.488,732.267
2025-07-15,675.592,634.172,608.474,590.475,584.632,597.285,632.304,684.139,750.573,815.667,808.851,799.738,797.634,821.992,831.475,840.755,872.365,903.729,904.136,903.181,889.186,846.284,801.13,746.495
2025-07-16,689.339,642.609,615.852,602.314,594.193,604.478,643.595,702.236,781.612,841.992,881.401,877.824,857.717,873.741,883.333,884.881,891.135,902.409,912.731,931.721,919.776,880.658,841.182,787.873
2025-07-17,722.964,681.41,650.611,634.453,627.578,638.465,682.11,763.905,849.694,902.168,935.116,935.143,949.711,960.316,960.529,961.945,982.093,997.988,997.736,1006.718,981.305,930.962,877.412,812.551
2025-07-18,746.054,695.039,662.472,643.528,629.606,632.366,665.288,725.979,818.197,851.985,878.506,944.464,958.76,988.519,973.473,950.647,964.16,966.31,941.638,949.855,931.757,883.102,838.882,789.668
2025-07-19,727.748,681.87,651.106,630.244,621.858,630.865,651.05,692.284,749.534,810.976,849.902,864.077,867.47,878.954,871.301,869.861,915.516,933.568,948.772,958.305,943.082,901.294,854.281,799.597
2025-07-20,733.33,682.66,652.337,629.498,620.387,628.334,654.304,681.126,724.071,763.11,785.958,796.97,821.858,814.053,827.952,867.949,891.711,938.542,959.571,966.615,955.874,913.603,860.369,798.46
2025-07-21,735.116,686.235,655.856,634.387,628.386,639.228,680.865,749.492,834.592,895.532,935.725,925.248,909.347,925.681,941.198,959.422,990.271,1027.847,1041.944,1041.392,1019.81,961.831,900.619,830.267
2025-07-22,756.575,705.173,671.494,649.281,640.944,651.275,696.981,756.6,834.275,893.484,920.664,924.338,920.16,945.109,956.691,962.637,993.58,1033.775,1048.123,1045.969,1020.055,956.428,893.437,825.711
2025-07-23,754.009,699.931,666.664,645.028,635.787,644.32,682.8,743.968,822.003,880.602,921.178,937.577,933.073,948.811,962.056,975.012,998.258,1032.792,1052.557,1053.746,1022.45,960.271,897.122,827.674
2025-07-24,755.603,703.784,666.296,634.602,629.045,642.245,684.618,745.27,822.305,884.227,919.334,928.167,938.229,963.781,975.787,987.823,1021.096,1064.978,1077.088,1070.514,1041.61,980.269,911.357,841.451
2025-07-25,771.316,721.398,688.899,667.437,658.958,672.29,716.782,780.914,863.798,934.54,958.734,976.831,979.217,988.192,995.636,1002.998,1036.469,1073.35,1083.608,1075.64,1049.157,995.553,939.223,873.091
2025-07-26,800.575,747.256,709.522,686.964,676.78,682.097,711.271,746.845,805.904,857.916,901.409,908.835,907.053,907.8,917.967,933.336,971.656,1015.023,1035.307,1038.245,1024.429,981.907,929.168,862.538
2025-07-27,796.835,744.878,708.375,683.267,671.498,675.15,694.747,725.073,761.488,796.874,833.059,842.699,850.14,872.757,902.696,909.212,946.688,982.263,1005.244,1016.445,1006.671,963.218,908.361,829.544
2025-07-28,766.513,716.222,684.213,660.277,650.953,659.17,703.106,768.178,843.181,902.049,927.774,932.054,934.188,959.684,973.73,995.338,1027.248,1072.348,1086.134,1081.039,1050.283,988.29,922.08,853.155
2025-07-29,776.215,721.841,683.633,664.713,655.28,667.203,709.072,771.212,854.405,919.092,954.317,962.131,974.48,990.754,1001.739,1004.996,1043.876,1089.003,1083.01,1086.871,1061.45,1007.136,942.013,871.701
2025-07-30,799.962,746.405,709.397,681.559,672.15,683.036,720.523,786.107,861.257,916.714,935.749,965.042,975.233,989.503,991.427,998.883,1002.482,993.983,993.748,1014.605,1002.955,957.67,903.9,844.545
2025-07-31,775.123,724.71,694.793,669.018,659.905,668.828,706.121,772.38,852.212,918.281,952.98,953.525,945.747,956.399,969.512,982.365,1016.28,1062.897,1081.076,1079.071,1049.197,992.712,932.206,867.469
2025-08-01,796.815,742.263,706.141,682.939,673.609,684.958,723.915,789.117,867.143,942.635,978.537,996.006,1022.108,1048.646,1047.011,1040.349,1069.183,1122.205,1124.212,1121.538,1091.931,1025.847,952.477,880.54
2025-08-02,802.58,744.589,705.457,679.839,667.914,674.008,698.258,737.902,783.406,835.627,875.393,886.427,893.18,904.816,918.552,946.479,984.362,1032.499,1057.354,1057.884,1033.182,979.846,918.399,848.991
2025-08-03,780.089,728.681,694.292,671.177,665.875,669.448,690.145,730.25,786.25,844.358,889.289,890.529,908.022,920.173,914.163,928.103,948.611,981.091,995.517,1010.229,999.361,940.42,903.199,834.556
2025-08-04,767.416,721.231,693.781,673.077,664.313,679.781,723.858,803.96,907.459,996.27,1042.247,1052.012,1023.813,1021.159,1045.86,1043.146,1065.169,1097.043,1098.986,1098.994,1068.767,1010.415,944.934,875.892
2025-08-05,800.538,748.468,714.161,691.138,681.364,693.766,734.716,803.2,902.444,976.919,1018.109,1010.948,1005.625,1019.999,1022.769,1053.346,1078.493,1109.392,1114.63,1114.662,1087.21,1029.876,968.559,890.391
2025-08-06,818.084,766.022,725.906,708.18,698.343,709.334,755.77,828.848,922.088,1000.083,1053.355,1066.514,1041.387,1066.338,1062.792,1064.165,1085.294,1098.875,1092.489,1099.473,1069.32,1013.764,954.217,882.641
2025-08-07,809.046,758.288,722.918,701.743,692.788,705.55,744.323,819.794,923.224,1000.061,1013.935,1045.529,1037.227,1065.8,1024.269,1040.212,1077.169,1084.367,1090.806,1097.631,1066.99,1005.69,943.13,874.869
2025-08-08,799.14,744.532,707.299,682.188,672.567,682.712,720.183,796.99,888.232,946.461,961.021,973.712,954.57,992.381,951.432,995.904,1016.489,1013.715,1009.061,1019.846,996.31,944.961,894.31,835.814
2025-08-09,768.888,715.326,679.887,657.095,648.379,656.866,683.049,731.473,795.454,862.234,919.661,975.54,971.897,959.441,954.268,947.288,962.47,983.206,995.745,1004.225,985.135,934.14,879.836,819.927
2025-08-10,757.972,717.353,683.436,668.548,662.773,670.331,696.521,734.811,792.265,856.112,891.47,899.749,915.612,913.905,890.796,893,893.232,920.445,925.227,930.182,910.95,863.836,816.644,765.711
2025-08-11,708.512,661.73,632.838,615.05,609.424,620.866,655.74,726.597,833.886,890.524,922.318,925.783,926.781,931.901,926.972,931.047,947.968,961.18,949.374,951.251,918.353,870.235,822.42,772.043
2025-08-12,712.494,666.956,639.756,620.104,616.606,633.743,676.578,747.668,845.91,909.442,931.505,952.08,955.119,957.255,938.264,967.972,988.26,1014.434,1015.01,1018.422,991.737,936.504,886.992,823.828
2025-08-13,755.657,705.347,672.907,652.549,643.946,657.422,696.341,766.104,843.33,908.809,936.91,937.121,941.643,965.705,973.248,988.193,1021.032,1056.409,1062.494,1064.688,1034.602,976.568,914.709,847.702
2025-08-14,773.752,723.769,689.376,665.169,655.808,669.221,707.593,769.896,849.449,908.861,943.907,957.871,970.128,1000.381,1018.034,1014.028,1037.461,1065.623,1072.402,1073.036,1039.075,982.516,920.206,850.077
2025-08-15,776,721.064,682.079,656.351,647.24,656.431,679.11,715.143,754.479,801.586,842.808,858.896,881.172,901.035,913.499,930.942,962.454,1004.561,1023.573,1027.896,1005.482,950.015,886.78,820.767
2025-08-16,750.45,698.865,665.1,643.069,636.67,646.406,669.578,700.201,747.149,801.537,843.176,859.07,883.716,900.108,908.378,925.632,966.623,1014.253,1029.973,1033.396,1005.935,950.882,889.117,824.781
2025-08-17,755.816,705.165,669.965,645.86,639.103,647.889,666.476,695.922,737.084,785.253,828.929,845.42,873.05,901.253,900.434,915.941,950.878,998.17,1024.359,1032.233,1008.56,954.706,893.178,825.929
2025-08-18,756.051,705.611,673.675,655.943,653.371,667.765,707.834,780.806,866.831,927.055,958.77,974.176,972.959,989.196,995.689,1010.509,1047.384,1076.068,1084.616,1082.917,1044.405,981.093,913.928,840.219
2025-08-19,767.692,714.647,678.333,658.376,650.661,662.638,701.275,770.003,853.317,952.839,984.596,976.93,964.291,981.627,1017.798,1021.893,1039.401,1083.178,1092.758,1094.861,1053.675,985.089,919.538,844.661
2025-08-20,772.249,721.557,688.746,667.6,658.876,672.23,707.914,782.036,865.461,929.716,964.338,973.834,972.324,993.054,1000.405,991.451,1043.696,1085.049,1089.829,1093.835,1057.841,993.24,929.414,859.151
2025-08-21,791.217,736.696,697.595,673.677,663.136,676.86,718.177,790.871,869.918,942.485,986.752,992.082,1000.816,1020.505,1032.889,1046.42,1062.665,1089.204,1091.256,1095.232,1059.945,996.485,926.423,854.282
2025-08-22,781.794,727.921,692.012,669.812,663.945,678.793,716.447,787.256,868.043,941.092,984.577,999.124,1007.358,1046.272,1053.274,1056.281,1088.335,1113.362,1110.873,1110.418,1073.166,1004.846,934.544,865.79
2025-08-23,793.348,736.138,701.428,677.934,669.892,680.073,701.912,742.868,802.352,862.477,909.745,931.93,945.796,960.335,962.353,983.305,1017.027,1067.354,1082.842,1081.801,1050.066,993.732,934.362,864.7
2025-08-24,792.003,739.013,705.977,684.661,674.642,682.639,703.389,734.114,778.601,835.287,877.956,897.867,912.023,942.038,949.788,964.119,1002.163,1043.226,1053.933,1062.355,1034.84,977.888,915.029,845.534
2025-08-25,777.168,722.651,690.644,667.946,660.212,678.003,721.411,801.584,895.686,963.855,1005.889,1012.643,1018.918,1037.67,1032.923,1045.381,1082.805,1125.222,1125.147,1121.09,1082.915,1020.281,952.309,877.417
2025-08-26,803.256,752.287,719.572,695.913,684.019,702.796,742.474,819.878,903.621,961.163,993.628,1011.077,1030.61,1062.651,1068.027,1094.047,1125.089,1141.321,1138.8,1140.116,1099.302,1029.285,962.241,887.993
2025-08-27,813.005,756.974,720.846,694.16,684.399,694.966,730.728,813.769,903.936,976.718,1007.401,1038.115,1055.865,1060.176,1042.905,1046.378,1076.74,1111.077,1109.42,1114.703,1071.028,1005.941,938.003,863.699
2025-08-28,788.797,736.579,699.947,677.83,669.234,685.573,724.811,799.359,884.752,951.89,985.387,1000.598,1011.403,1038.139,1055.5,1053.781,1056.979,1100.084,1110.184,1111.038,1070.353,1001.124,931.026,857.669
2025-08-29,784.029,731.475,696.719,674.504,665.574,682.917,725.287,801.412,892.747,964.78,997.164,1015.314,1019.971,1033.314,1037.497,1052.167,1086.894,1109.758,1107.507,1109.424,1069.219,1001.653,935.686,866.229
2025-08-30,794.951,740.928,703.203,678.929,669.378,678.748,701.672,743.065,804.083,859.443,908.963,923.165,938.329,973.254,976.266,990.815,1012.33,1021.681,1024.039,1033.718,999.902,948.883,893.224,832.865
2025-08-31,768.879,718.844,686.93,666.994,661.356,666.545,678.935,716.22,755.865,841.76,853.167,850.174,847.101,869.023,889.204,920.874,926.069,964.714,994.466,1003.229,976.226,917.435,859.209,796.209
2025-09-01,733.48,693.172,663.761,644.989,636.799,652.579,694.171,779.774,857.593,922.561,945.884,980.4,983.034,1027.129,1027.653,1018.969,1045.01,1081.553,1078.76,1077.518,1031.803,962.63,897.929,830.669
2025-09-02,757.101,708.055,678.4,659.239,653.054,666,698.587,773.407,861.397,926.366,984.014,1026.751,1026.797,995.63,952.382,941.355,972.179,1004.334,1017.729,1024.092,985.123,923.781,863.564,797.041
2025-09-03,730.338,683.216,652.841,635.315,629.939,647.461,682.954,753.682,837.851,903.229,936.836,943.992,954.648,976.3,1001.735,994.717,1014.407,1034.372,1048.31,1049.633,1005.477,942.326,878.656,816.513
2025-09-04,747.471,698.381,668.467,648.784,642.728,657.781,699.259,775.598,873.948,932.441,961.217,971.763,971.499,991.214,995.599,1014.575,1037.933,1071.659,1079.729,1074.923,1028.481,962.017,900.835,835.828
2025-09-05,767.207,715.556,685.126,661.245,654.007,668.75,709.319,783.57,866.776,938.047,977.238,994.127,1007.841,1036.746,1031.788,1003.474,1021.973,1057.251,1053.317,1055.529,1013.31,953.477,893.028,832.108
2025-09-06,766.48,716.744,680.37,655.913,647.94,659.446,683.291,723.512,793.672,843.579,883.887,893.281,924.4,940.225,945.324,948.268,987.492,1022.501,1039.689,1038.8,1000.977,947.222,894.348,835.126
2025-09-07,769.124,720.799,688.296,665.795,659.752,671.246,691.152,727.329,772.853,814.499,864.059,887.882,904.548,913.865,930.187,968.634,990.335,990.974,1022.852,1021.045,985.665,934.404,877.674,810.45
2025-09-08,748.786,701.828,672.005,652.951,648.974,664.647,700.446,775.196,877.217,965.26,1003.875,1007.559,990.605,999.096,1019.191,1015.562,1016.509,1044.181,1057.104,1057.052,986.159,939.135,884.15,818.641
2025-09-09,771.958,698.067,669.158,650.235,643.508,663.254,701.419,779.034,856.129,923.125,955.675,966.84,981.126,987.24,976.107,953.509,960.005,963.112,957.381,959.824,923.231,870.332,823.878,772.507
2025-09-10,711.767,669.446,634.443,614.952,613.12,628.066,666.008,744.545,826.966,879.539,886.343,882.68,868.867,865.912,877.444,891.987,906.168,933.941,947.233,953.114,914.612,862.787,815.779,765.621
2025-09-11,707.919,663.915,633.376,615.427,610.974,627.938,665.392,725.11,784.272,823.577,842.768,852.868,868.458,892.364,912.84,903.926,927.651,956.952,959.671,965.162,930.667,878.918,830.786,778.687
2025-09-12,720.949,677.668,645.085,628.258,618.658,632.261,661.014,730.454,790.101,836.206,876.293,881.888,904.401,936.879,943.796,962.786,983.369,1008.799,1005.935,1001.455,958.402,901.72,850.758,798.479
2025-09-13,740.093,696.338,666.842,645.576,643.282,656.804,683.233,726.073,788.545,868.147,919.229,931.028,922.191,891.524,888.945,897.787,925.685,958.037,973.071,969.129,934.037,882.766,833.495,779.843
2025-09-14,720.174,674.587,647.664,628.164,620.544,631.607,651.882,677.135,697.383,729.508,775.764,808.121,832.327,862.061,865.638,872.907,902.63,931.446,949.923,944.402,907.876,853.931,797.618,743.137
2025-09-15,689.535,649.394,622.894,606.164,604.023,621.187,659.601,731.667,808.078,877.3,922.438,957.732,921.316,903.493,917.427,953.508,989.126,1020.296,1025.907,1023.386,980.352,914.705,854.979,792.746
2025-09-16,729.148,684.122,653.089,633.271,629.088,642.071,682.45,752.033,832.215,888.158,925.221,947.945,960.268,994.652,1007.574,1007.03,1038.737,1067.872,1067.517,1058.533,1012.078,948.169,885.06,817.755
2025-09-17,745.114,697.563,666.516,642.613,638.961,657.852,697.936,774.422,850.073,920.808,939.163,953.325,957.511,993.85,991.648,969.928,1020.064,1057.221,1068.093,1065.548,1019.682,940.055,870.468,805.213
2025-09-18,736.523,686.279,654.538,630.043,619.616,636.94,674.196,726.263,778.693,812.356,817.646,807.952,801.122,820.781,843.88,864.528,893.378,924.659,936.092,939.899,908.036,858.887,816.35,764.606
2025-09-19,702.547,660.99,628.383,610.798,603.967,620.993,658.413,726.842,790.397,817.948,829.337,865.369,856.456,872.747,897.796,902.614,923.744,937.125,939.419,942.442,910.765,861.545,820.625,770.204
2025-09-20,715.051,669.778,642.408,628.077,626.26,643.753,666.92,713.053,776.62,808.486,811.405,791.017,794.043,743.05,770.066,773.506,802.395,823.31,840.646,838.574,810.782,771.438,735.133,693.722
2025-09-21,642.238,604.839,577.751,563.69,561.386,572.932,594.177,598.845,604.312,632.199,640.93,657.721,653.68,671.095,672.019,698.892,737.207,768.286,801.79,807.116,782.996,747.238,716.553,677.086
2025-09-22,632.431,598.475,571.775,559.384,556.811,573.81,609.95,659.188,709.446,732.754,749.75,737.963,741.59,766.303,782.731,799.947,831.48,854.038,861.416,859.559,829.738,782.679,744.456,700.948
2025-09-23,648.382,606.555,579.892,565.854,563.204,579.778,615.181,667.394,727.892,760.758,769.081,772,771.564,799.444,808.289,823.694,845.26,868.77,880.665,879.417,849.289,809.104,773.579,725.186
2025-09-24,669.575,630.333,601.216,585.27,583.037,600.422,637.679,705.651,781.639,829.332,842.075,864.171,862.809,903.262,916.852,938.361,956.316,987.151,990.925,981.792,939.889,881.68,830.224,770.988
2025-09-25,707.89,666.067,637.894,617.748,611.622,629.678,670.22,743.996,811.774,871.635,917.646,932.396,922.708,962.461,952.082,943.086,926.144,939.325,952.069,948.163,911.79,861.805,812.158,760.604
2025-09-26,702.742,659.774,630.339,612.185,607.117,626.665,664.315,744.551,803.624,858.215,911.583,935.942,926.934,943.422,917.383,878.756,894.535,920.82,930.696,927.666,893.7,846.217,803.033,756.631
2025-09-27,700.098,655.608,625.561,605.85,601.597,613.602,638.121,679.601,741.46,785.072,808.003,799.249,779.702,792.553,790.741,787.21,804.52,826.199,852.518,852.026,824.064,785.144,748.88,711.311
2025-09-28,662.968,624.354,597.487,588.275,588.437,599.546,615.634,640.625,662.494,705.831,721.749,715.653,736.766,766.885,782.456,804.692,828.063,863.506,888.918,884.575,852.824,804.737,758.481,707.263
2025-09-29,653.637,613.67,587.614,571.666,570.395,586.863,624.201,675.72,745.146,734.868,755.894,742.706,748.439,772.715,758.288,813.166,831.427,834.718,841.633,833.48,801.065,760.307,724.598,680.735
2025-09-30,632.592,596.089,569.742,555.794,552.988,567.595,600.909,639.103,689.576,737.017,749.071,736.792,726.319,754.796,739.809,765.517,785.464,799.66,816.408,812.071,778.606,736.503,671.721,632.814
2024-10-01,642.777,602.769,578.455,562.268,557.578,570.6,592.36,616.093,648.726,686.444,728.419,760.761,775.121,811.402,824.325,813.627,813.641,819.367,820.618,800.623,765.422,721.351,677.677,643.997
2024-10-02,600.933,564.145,543.327,530.554,529.922,543.922,575.965,623.12,670.919,689.909,658.028,646.757,622.563,634.604,656.94,666.611,702.219,728.067,749.85,748.987,725.863,694.953,662.236,635.278
2024-10-03,591.052,560.151,536.933,523.281,520.3,529.996,550.689,583.4,613.803,632.575,635.655,635.141,648.579,650.975,650.997,661.333,678.909,701.921,727.954,726.105,708.383,682.456,650.686,623.103
2024-10-04,579.522,550.483,530.442,518.548,518.859,534.673,566.22,603.917,622.206,642.716,646.288,638.713,620.561,634.98,653.777,673.438,709.328,743.987,760.13,752.263,731.628,702.272,673.302,638.894
2024-10-05,597.343,561.202,544.508,528.483,522.59,533.608,558.141,571.721,582.259,589.672,619.014,606.101,595.243,595.716,613.228,635.581,675.133,713.516,744.172,740.415,719.478,694.513,665.349,635.749
2024-10-06,594.938,562.997,541.86,530.405,528.551,536.294,552.973,573.995,591.33,606.401,616.962,627.041,645.145,627.183,659.188,680.686,689.341,712.68,730.957,721.562,703.173,671.802,644.5,612.189
2024-10-07,572.514,545.183,525.188,514.355,513.087,527.575,561.813,613.203,662.083,682.112,709.962,690.269,680.508,694.287,696.353,709.686,717.296,732.851,747.457,743.639,719.098,687.093,654.998,624.854
2024-10-08,582.978,551.289,533.869,524.913,524.044,535.909,567.58,609.825,627.8,633.34,631.708,621.622,614.418,638.898,661.698,680.528,704.924,728.28,749.923,744.774,721.391,693.692,666.048,633.047
2024-10-09,589.816,558.05,536.893,525.886,522.317,529.774,553.192,576.149,612.375,628.337,645.013,644.823,654.094,668.367,677.911,685.536,692.036,716.08,733.831,729.105,706,675.837,648.979,618.501
2024-10-10,579.056,550.301,532.538,522.21,519.396,536.652,569.648,623.796,661.87,674.867,664.261,664.053,628.83,661.86,671.335,690.814,715.29,738.423,753.818,746.282,723.58,693.428,663.974,634.794
2024-10-11,596.002,562.411,541.463,527.565,527.085,538.84,569.536,600.812,618.83,635.903,637.276,621.446,621.717,642.283,660.921,671.702,706.322,733.964,753.985,743.196,722.213,689.815,662.377,633.948
2024-10-12,591.48,558.164,536.618,523.486,521.118,533.769,555.199,566.156,563.383,583.028,587.346,587.853,594.175,602.32,627.775,640.681,671.838,707.35,735.954,728.041,708.378,678.615,650.466,620.712
2024-10-13,579.167,549.193,530.194,517.923,516.926,527.445,544.638,549.18,544.395,543.036,540.392,538.879,543.664,574.384,594.419,631.795,654.218,695.978,724.988,716.367,698.114,671.17,643.571,613.192
2024-10-14,578.647,548.527,532.104,519.204,519.509,535.883,572.32,628.905,690.095,724.172,735.53,688.56,666.306,714.54,753.401,756.754,760.423,778.603,790.229,781.356,758.042,719.943,685.488,650.698
2024-10-15,605.676,572.322,551.081,537.004,535.451,552.411,589.13,637.044,685.109,721.002,724.796,726.224,746.286,763.196,762.063,762.412,766.877,777.866,791.187,783.412,760.24,719.423,685.098,648.356
2024-10-16,601.85,566.792,543.477,528.437,528.409,544.803,582.315,626.939,673.54,689.481,684.609,683.042,680.199,689.164,731.902,729.364,744.939,768.198,784.078,778.084,753.55,720.767,688.583,655.34
2024-10-17,607.882,574.229,549.746,534.062,537.496,555.044,589.033,649.654,705.324,734.64,743.803,752.258,724.387,753.318,756.83,734.234,747.03,777.268,799.188,795.146,768.984,733.551,704.305,670.71
2024-10-18,622.681,588.918,562.081,550.249,546.665,564.755,606.264,665.812,739.855,759.292,774.27,773.676,780.559,804.201,804.324,810.633,832.218,853.088,861.079,851.726,823.41,784.884,747.164,707.97
2024-10-19,653.458,613.196,585.308,569.923,565.421,574.079,600.234,626.311,667.726,680.239,679.134,690.603,691.421,686.263,676.916,676.058,692.149,720.574,739.34,732.826,713.475,686.021,662.197,632.291
2024-10-20,593.541,559.84,535.681,523.46,522.596,532.202,547.057,568.235,586.836,604.263,609.248,601.281,596.043,612.263,607.555,613.14,643.244,677.681,703.479,694.578,683.062,657.553,631.807,606.225
2024-10-21,568.628,539.12,519.002,509.05,508.43,529.129,564.268,611.942,663.622,700.624,712.794,701.512,692.422,728.958,739.06,738.905,744.876,760.299,772.497,763.106,743.886,714.158,683.068,649.984
2024-10-22,605.798,573.295,553.283,539,544.146,560.174,598.984,644.981,674.494,701.505,707.879,722.773,742.854,755.09,770.317,769.186,774.059,789.818,791.242,780.082,748.506,715.827,636.22,594.228
2024-10-23,603.714,565.625,542.945,527.235,525.87,543.059,574.912,619.281,667.949,666.652,653.889,638.844,623.982,610.887,612.821,633.109,677.028,720.274,742.575,737.92,714.093,686.52,663.659,632.014
2024-10-24,590.275,554.415,533.735,522.829,521.954,538.666,576.74,601.671,602.667,597.268,582.561,566.809,552.106,572.934,593.83,625.492,678.018,722.627,743.826,734.494,716.863,687.592,662.819,635.428
2024-10-25,588.623,558.843,537.096,526.113,529.662,544.521,580.44,609.9,630.675,631.551,628.708,610,605.88,623.352,645.331,677.505,704.274,738.069,753.52,746.668,726.336,698.607,673.925,642.873
2024-10-26,598.255,566.615,545.452,531.743,531.644,544.001,567.816,596.236,637.315,664.169,661.629,670.984,662.203,650.744,665.733,655.672,687.163,718.003,738.566,730.285,711.33,684.202,662.112,636.724
2024-10-27,593.105,561.563,540.981,529.706,528.04,539.302,558.327,583.306,614.081,639.177,658.643,664.399,667.272,661.203,660.354,659.607,672.932,701.206,716.034,707.945,695.988,667.875,641.777,613.019
2024-10-28,572.852,541.81,521.538,510.59,512.443,531.159,563.552,621.039,664.466,687.629,675.998,687.232,661.131,667.656,667.534,675.752,695.047,722.798,737.999,728.56,708.018,680.352,657.519,630.313
2024-10-29,587.07,554.198,533.377,521.147,521.531,535.547,572.336,621.324,650.084,654.568,629.187,618.724,608.581,627.97,652.602,658.576,691.34,723.934,739.947,729.449,711.213,682.958,656.392,625.853
2024-10-30,578.431,548.199,527.041,513.271,513.364,532.006,569.56,611.38,640.622,646.753,627.781,590.713,586.92,606.192,630.51,658.663,685.643,723.002,740.7,728.859,709.046,678.129,655.913,625.379
2024-10-31,579.044,547.748,522.057,512.084,512.407,531.479,567.796,616.566,658.612,674.408,641.758,648.35,649.005,668.416,677.754,682.291,697.654,727.782,737.992,730.76,711.171,679.626,659.032,631.422
2024-11-01,589.308,554.816,533.437,520.275,520.601,534.059,573.915,628.954,684.098,719.328,737.57,738.831,734.186,738.297,730.618,722.738,731.772,745.83,741.879,736.498,716.537,686.954,664.512,637.855
2024-11-02,592.587,565.911,542.644,528.534,527.715,541.958,565.386,594.263,630.114,647.259,653.282,633.57,636.882,643.356,635.936,638.231,655.223,703.194,721.232,711.143,697.502,671.018,652.072,627.245
2024-11-03,587.934,554.734,533.984,522.837,521.666,532.338,552.39,560.722,546.051,532.003,532.199,522.753,533.328,547.054,559.709,587.163,627.919,679.34,703.711,697.953,681.279,660.057,637.463,610.735
2024-11-04,572.027,543.813,522.246,511.057,511.91,530.765,564.58,596.226,602.786,599.877,611.381,621.879,671.967,693.464,644.002,644.482,683.355,720.025,733.197,724.285,700.598,674.739,648.978,622.89
2024-11-05,584.515,547.081,527.498,515.605,515.069,529.337,562.766,601.828,641.664,660.493,628.423,600.038,567.915,587.307,596.004,612.241,658.288,707.957,728.528,719.323,700.774,674.498,651.892,625.544
2024-11-06,582.78,549.894,529.576,515.856,516.559,535.75,570.726,605.021,612.715,608.21,588.8,563.54,553.765,576.04,604.274,627.464,669.111,713.105,733.405,728.175,707.128,680.907,659.112,632.378
2024-11-07,591.919,558.262,535.07,524.083,526.849,543.47,580.799,613.446,612.939,594.02,578.605,563.591,569.074,595.867,594.232,638.686,678.852,724,742.088,736.252,718.351,691.051,666.364,640.087
2024-11-08,598.626,563.744,542.714,529.456,531.081,547.366,584.385,614.718,620.227,609.517,605.531,601.588,617.958,629.132,621.761,650.208,676.751,720.811,733.397,723.205,703.568,680.196,663.551,638.432
2024-11-09,595.001,559.135,538.398,527.617,525.693,536.835,564.957,578.776,586.237,607.279,575.598,597.599,603.444,602.54,602.09,628.656,653.309,697.959,710.472,702.813,687.283,665.404,645.968,623.303
2024-11-10,584.61,554.253,533.683,523.537,526.341,538.989,559.806,575.806,606.538,630.843,636.115,624.633,627.407,642.002,647.971,654.897,669.056,701.311,710.571,700.528,682.944,660.196,642.24,618.726
2024-11-11,576.391,548.302,527.392,516.347,518.194,535.823,574.976,612.434,613.934,604.203,586.689,570.236,558.058,578.902,598.438,629.367,678.014,726.119,738.753,728.771,710.325,685.041,663.041,636.137
2024-11-12,591.357,558.228,535.478,523.135,523.956,542.312,579.473,616.582,623.955,618.351,590.704,564.624,552.241,579.676,597.462,598.577,673.308,723.229,732.567,724.687,706.166,683.089,658.427,634.004
2024-11-13,591.421,558.369,536.318,525.391,528.405,544.807,578.807,612.414,620.844,598.531,595.832,591.889,582.264,606.194,625.946,644.405,674.61,718.79,734,723.581,704.6,681.023,657.552,629.566
2024-11-14,587.022,554.602,535.282,523.76,524.634,541.906,580.337,618.767,657.899,645.671,609.492,590.909,578.62,590.265,608.996,662.914,696.687,730.442,740.5,732.01,714.014,688.94,668.828,641.507
2024-11-15,595.033,561.328,540.946,532.274,536.854,554.112,588.677,635.7,682.542,704.323,695.294,674.945,687.813,704.586,709.684,715.886,723.525,745.17,743.31,733.004,711.993,687.91,667.826,643.92
2024-11-16,600.662,566.409,544.778,533.494,532.169,544.632,570.594,596.986,626.086,622.959,626.792,601.969,617.172,603.831,621.129,642.076,667.006,708.348,724.405,714.323,696.79,674.882,655.211,629.966
2024-11-17,594.38,560.194,534.228,523.441,521.15,533.551,556.745,569.283,575.445,551.098,525.166,524.315,513.346,515.521,524.138,561.989,622.935,680.599,701.202,697.438,686.567,667.921,647.609,625.979
2024-11-18,580.663,550.462,531.121,522.088,524.518,540.36,581.135,623.521,626.206,608.445,590.966,582.345,559.924,573.804,588.42,624.623,681.022,740.916,756.81,749.39,732.404,707.305,687.86,660.437
2024-11-19,616.632,583.95,561.09,545.339,543.412,556.706,592.212,634.706,664.64,662.003,654.316,643.393,637.139,662.53,654.215,689.059,707.062,743.267,752.901,741.719,719.207,697.067,677.222,655.846
2024-11-20,609.955,570.971,550.154,538.251,537.414,553.91,592.874,640.177,703.562,731.845,734.677,722.94,698.144,715.844,714.663,724.089,739.257,767.232,767.712,754.912,737.543,713.221,691.564,668.038
2024-11-21,625.975,592.022,563.61,550.042,549.215,564.858,601.999,646.692,666.309,632.112,609.46,586.734,571.036,588.12,612.112,651.786,695.135,746.008,760.369,748.738,734.654,709.766,689.739,662.277
2024-11-22,619.858,585.509,563.135,546.835,547.053,568.865,604.622,651.986,690.184,671.323,622.495,613.986,608.297,602.097,623.9,652.769,702.233,751.267,763.591,751.979,737.528,714.253,695.513,669.731
2024-11-23,628.324,594.789,571.15,555.825,558.408,568.694,596.581,612.915,608.864,592.454,591.414,583.922,566.037,570.738,585.588,615.933,665.7,725.575,743.574,736.582,720.866,698.73,684.006,661.143
2024-11-24,623.669,589.749,566.013,554.114,550.837,564.968,590.253,602.258,591.576,586.934,597.55,607.186,606.86,608.319,619.402,639.61,659.843,708.748,729.98,726.259,711.979,692.435,674.34,650.541
2024-11-25,605.66,574.434,551.448,542.207,549.233,561.743,603.202,643.751,676.349,672.361,665.045,652.052,647.459,671.115,698.257,716.596,738.767,768.227,768.531,761.48,738.844,709.747,688.967,666.89
2024-11-26,625.542,583.642,562.166,550.595,552.931,572.463,613.756,667.023,731.583,756.531,732.911,679.53,663.45,698.154,709.119,721.348,759.63,793.764,794.179,787.097,768.917,740.225,715.639,692.289
2024-11-27,646.729,609.194,588.12,574.933,572.845,591.604,631.851,687.623,743.085,759.174,777.312,750.227,727.736,729.346,753.052,773.161,808.692,842.092,837.904,825.327,796.847,766.2,742.376,715.314
2024-11-28,670.702,634.227,609.719,595.467,596.196,613.105,660.503,707.429,740.578,757.253,734.403,786.962,762.462,734.078,763.254,792.961,821.895,843.551,836.966,819.458,795.119,767.088,744.018,724.244
2024-11-29,677.576,634.838,606.255,593.124,597.522,612.027,655.419,712.495,770.712,816.514,810.793,797.228,774.311,790.101,798.022,803.486,820.785,845.785,832.756,811.342,783.398,750.564,735.291,717.074
2024-11-30,667.395,633.677,605.061,590.332,587.994,603.658,630.968,653.013,645.379,606.89,587.983,564.726,558.921,566.94,582.38,604.666,665.18,741.124,771.906,765.453,754.428,734.099,724.191,706.484
2024-12-01,664.741,630.632,605.921,593.553,594.539,608.199,629.8,642.932,647.555,631.552,600.324,588.075,608.54,626.064,607.146,599.748,654.984,725.827,758.509,756.873,742.467,722.111,705.565,679.443
2024-12-02,637.369,604.062,582.306,569.909,574.053,596.394,635.609,688.164,698.483,665.462,641.369,615.384,596.119,620.375,632.891,660.373,704.989,763.417,782.772,780.676,763.78,734.618,722.44,694.196
2024-12-03,651.478,614.34,596.147,584.322,586.123,605.227,648.496,693.363,706.561,707.608,673.449,640.784,642.362,663.098,698.574,707.903,749.819,811.912,826.118,814.836,797.546,767.413,751.78,729.131
2024-12-04,690.911,654.339,627.44,613.415,614.622,631.6,676.808,730.045,736.012,710.334,695.728,674.68,650.79,681.779,684.465,657.471,748.274,819.729,839.362,830.746,803.553,767.305,741.942,715.653
2024-12-05,670.415,627.441,602.338,592.19,597.042,614.742,651.974,705.655,749.388,751.375,744.403,683.775,679.968,693.305,718.206,749.537,779.543,827.689,832.76,825.134,804.263,776.025,756.598,728.84
2024-12-06,679.492,641.396,615.852,603.708,607.383,621.274,660.891,714.256,754.141,760.595,746.959,733.41,733.122,718.753,706.495,736.444,769.237,819.656,823.505,812.389,785.935,760.54,744.66,724.727
2024-12-07,684.895,646.651,619.006,606.242,613.402,629.791,661.158,684.662,676.056,629.476,608.933,583.216,578.401,596.324,632.807,697.676,743.746,790.907,797.516,785.564,771.281,751.152,738.143,717.716
2024-12-08,678.375,646.202,623.238,613.5,611.266,626.645,652.742,676.454,690.877,674.766,682.659,664.309,655.898,659.159,672.593,689.2,738.02,804.734,819.163,809.852,786.662,761.55,747.3,724.774
2024-12-09,679.952,643.413,615.593,604.497,604.317,621.189,665.42,723.361,781.232,796.984,788.644,768.573,735.36,743.41,742.478,762.365,799.405,851.871,858.226,844.391,815.359,783.029,761.124,737.344
2024-12-10,688.095,649.227,627.856,619.835,615.414,633.59,672.215,727.31,769.377,755.382,724.407,681.988,641.726,652.396,683.351,726.028,777.691,838.387,853.16,843.911,817.524,787.459,760.927,731.468
2024-12-11,678.639,640.104,615.618,601.366,605.928,623.329,664.998,724.075,789.319,808.476,804.584,752.936,728.012,749.959,748.516,728.935,767.382,838.757,849.57,846.904,820.974,786.186,765.178,738.56
2024-12-12,696.139,654.602,632.747,617.946,624.137,643.258,685.779,748.539,776.326,751.317,721.471,679.468,645.925,663.269,675.9,708.803,769.05,841.725,858.9,850.564,829.62,802.763,779.405,753.741
2024-12-13,705.278,668.914,638.723,627.208,627.62,646.82,683.093,734.113,798.458,838.515,819.229,816.327,751.638,756.292,757.336,782.538,813.639,865.503,860.053,846.163,833.248,808.805,791.923,769.53
2024-12-14,722.624,676.685,648.344,634.352,635.4,650.06,677.751,707.694,733.496,730.254,725.556,726.898,700.094,712.991,728.88,743.378,787.582,836.779,841.739,827.324,809.722,786.528,774.445,758.405
2024-12-15,710.6,672.971,647.472,631.257,627.672,641.141,664.391,688.099,720.949,735.942,715.451,711.096,718.711,714.383,718.701,734.843,772.111,824.342,832.4,819.283,802.05,773.005,760.003,738.347
2024-12-16,688.187,651.591,621.226,609.511,610.476,631.466,674.743,739.653,824.262,852.033,816.279,800.569,790.128,794.7,786.203,782.84,806.91,864.076,878.366,864.744,841.224,808.699,779.889,746.575
2024-12-17,696.927,661.628,644.649,632.558,632.449,646.319,691.268,762.592,806.983,784.866,765.651,757.14,732.222,756.65,754.949,767.047,799.631,854.086,866.929,862.506,835.935,808.592,788.332,766.793
2024-12-18,709.463,672.153,648.93,637.315,636.741,663.482,703.579,771.516,824.839,829.472,821.385,788.96,772.37,798.866,830.848,842.086,870.75,920.406,916.855,904.34,873.155,834.208,810.12,791.372
2024-12-19,740.563,696.929,663.734,652.947,663.091,689.426,739.924,809.74,850.242,812.705,757.216,713.394,679.673,688.808,709.134,740.079,811.462,895.658,920.02,910.505,894.125,864.499,850.596,823.46
2024-12-20,767.485,721.086,690.193,678.168,679.98,689.407,712.536,770.378,844.919,859.944,852.482,855.683,795.01,791.291,800.598,826.108,847.099,881.487,885.261,877.546,853.641,828.681,812.02,777.913
2024-12-21,724.308,687.641,665.785,652.322,640.567,651.699,676.165,705.34,757.966,802.411,788.545,760.436,750.133,766.969,788.548,800.461,840.747,879.302,884.413,870.715,846.028,819.557,802.381,780.585
2024-12-22,734.352,697.216,670.803,654.383,654.448,669.153,693.475,720.071,734.538,725.644,684.883,673,654.755,671.738,691.776,718.124,774.844,852.787,873.922,870.365,854.977,830.438,813.595,795.834
2024-12-23,754.077,713.955,689.429,671.383,671.275,681.782,726.705,791.33,847.675,807.53,787.16,761.454,738.697,781.921,764.118,802.434,843.513,904.001,910.683,892.37,864.256,840.252,821.345,798.289
2024-12-24,752.48,712.215,685.555,671.021,663.497,681.853,726.423,792.809,832.074,810.437,748.35,692.534,662.788,664.652,679.045,733.65,804.085,875.467,883.947,869.769,844.531,821.466,810.148,788.435
2024-12-25,733.627,686.376,664.85,656.857,648.095,656.321,683.851,716.489,709.809,643.53,605.253,600.704,622.135,666.019,695.128,734.917,778.691,818.009,827.396,817.381,797.468,773.21,758.456,734.597
2024-12-26,685.901,647.7,623.038,608.491,611.92,633.468,677.96,741.499,800.977,774.871,722.464,686.054,677.433,720.19,747.803,770.647,828.059,894.696,912.883,899.518,873.795,840.211,815.522,791.586
2024-12-27,741.001,700,674.6,660.186,659.692,679.658,723.339,789.311,842.33,844.369,828.327,803.033,771.265,764.071,754.242,776.932,833.994,909.241,915.892,905.815,880.603,840.751,815.522,792.849
2024-12-28,745.172,705.685,681.549,674.199,674.801,696.568,730.873,768.528,780.065,783.439,759.041,731.997,747.99,771.859,769.462,802.975,836.971,889.094,898.019,880.582,857.324,825.067,808.517,789.448
2024-12-29,746.69,709.867,686.027,673.938,673.506,689.307,715.04,741.969,750.981,735.017,690.012,650.395,622.279,581.04,599.411,667.46,734.727,818.695,864.043,860.093,842.461,818.79,812.912,792.641
2024-12-30,742.555,697.273,669.857,649.089,644.964,665.387,703.766,775.363,828.99,790.701,776.501,739.868,705.157,684.528,695.41,728.938,780.974,847.996,866.099,857.742,839.912,815.416,794.557,768.835
2024-12-31,720.222,686.809,661.681,642.682,636.037,655.443,700.653,762.473,807.597,771.913,731.694,687.865,661.58,655.867,684.709,721.362,782.909,862.993,890.027,882.147,864.356,848.973,834.021,811.819
