기간,01시,02시,03시,04시,05시,06시,07시,08시,09시,10시,11시,12시,13시,14시,15시,16시,17시,18시,19시,20시,21시,22시,23시,24시,최대,최소,가중평균
2025/08/18,115.59,76.45,76.45,76.45,76.45,76.45,76.45,115.59,118.73,118.73,118.73,118.73,118.22,118.22,121.37,135.15,123.69,124.48,124.51,124.13,119.4,118.73,118.73,118.73,135.15,76.45,112.38
2025/08/17,117.46,118.98,113.96,77.12,114.22,77.12,76.63,116.06,115.92,121.01,121.01,121.01,120.5,120.5,120.5,120.5,120.5,119.75,121.01,121.01,121.01,121.01,118.43,116.06,121.01,76.63,114.58
2025/08/16,115.86,114.02,117.67,110.85,77.24,77.18,77.18,115.86,115.86,118.84,117.7,118.84,118.44,118.44,118.44,118.44,118.44,118.44,118.84,118.84,118.84,117.7,118.84,117.7,118.84,77.18,113.06
2025/08/15,114.99,114.99,116.83,111.29,111.29,111.29,114.99,117.35,114.99,118.14,118.09,117.92,117.92,117.82,117.82,117.82,117.8,117.92,125.51,125.88,119.32,119.32,120.1,116.83,125.88,111.29,117.66
2025/08/14,115.01,113.17,113.17,113.17,107.66,84.24,119.66,120.16,116.65,118.02,118.95,120.34,120.34,153.99,118.02,118.02,118.95,120.2,120.2,120.34,117.43,116.68,120.16,116.65,153.99,84.24,118.22
2025/08/13,109.8,97.86,96.02,90.51,84.24,84.24,109.29,116.93,115.1,131.69,131.69,120.83,120.68,120.68,117.91,117.91,119.4,117.91,117.91,117.91,120,116.65,116.43,116.43,131.69,84.24,114.13
2025/08/12,118.26,84.35,84.34,84.33,84.34,84.35,95.63,118.33,119.27,125.52,125.59,125.59,125.5,125.51,119.52,128.39,119.56,119.56,120.26,120.28,119.27,119.27,119.4,116.85,128.39,84.33,114.24
2025/08/11,117.09,75.19,75.19,75.19,75.19,75.12,75.19,118.5,118.5,120.92,120.92,120.92,120.48,120.48,149.52,120.48,122.04,122.04,122.04,122.04,120.92,120.92,120.92,118.5,149.52,75.12,113.16
2025/08/10,119.26,79.57,77.29,76.5,76.5,76.5,76.5,76.5,76.5,119.47,120.89,123.06,122.93,122.93,122.88,122.88,122.93,159.63,123.14,123.32,123.32,121.86,120.89,120.89,159.63,76.5,110.45
2025/08/09,117.4,115.99,113.28,78.56,78.56,78.56,78.56,116.56,118.82,121.37,121.24,121.24,121.24,121.24,154.75,121.37,121.5,118.82,121.5,121.55,121.55,118.82,119.5,118.82,154.75,78.56,115.23
2025/08/08,115.07,113.24,109.56,84.37,84.37,84.37,109.9,117.54,118.39,118.22,118.16,117.99,117.88,117.88,119.92,120.17,120.17,120.17,120.77,120.79,119.67,118.56,118.56,118.56,120.79,84.37,114.53
2025/08/07,114.5,85.47,81.87,81.87,81.87,81.87,114.5,120.01,123.19,121.26,124.25,124.25,120.98,124.25,124.25,124.25,120.98,121.09,121.26,121.32,121.49,121.49,121.66,118.18,124.25,81.87,114.7
2025/08/06,114.95,84.4,84.38,84.37,84.38,84.36,116.04,118.27,127.74,118.97,118.97,118.97,118.1,120.38,125.52,135.43,123.62,119.69,119.64,119.64,119.21,119.6,118.27,118.43,135.43,84.36,114.66
2025/08/05,115.29,76.29,75.82,75.82,75.82,75.82,115.29,118.44,118.38,118.38,118.21,119.75,118.61,118.13,120.77,124.83,125.05,125.18,125.12,125.04,119.21,118.44,118.61,118.61,125.18,75.82,112.94
2025/08/04,116.43,114.79,112.95,107.44,88.57,107.44,118.82,118.82,119.09,120.23,150.33,128.82,122.33,128.76,130.31,130.31,130.36,130.66,131.69,131.69,128.76,119.08,119.08,118.77,150.33,88.57,123.42
2025/08/03,115.93,116.11,115.93,108.55,76.5,108.95,115.93,114.09,115.93,116.9,116.73,118.18,125.37,125.89,122.95,122.4,120.45,120.51,139.25,132.62,132,122.38,156.78,117.41,156.78,76.5,121.1
2025/08/02,115.5,115.5,113.48,111.64,111.64,111.64,113.48,115.32,116.29,116.93,122.45,122.55,123.5,123.5,123.41,122.41,118.12,118.29,122.11,147.41,140.05,120.06,116.93,116.87,147.41,111.64,120.51
2025/08/01,116.19,113.1,113.1,109.42,111.26,113.1,113.1,119.33,119.15,119.04,118.97,120.34,120.34,120.34,126.65,129.98,124.89,125.41,124.76,124.76,121.6,117,116.94,116.92,129.98,109.42,119.59
2025/07/31,117.02,115.16,92.82,92.82,92.82,92.78,121.05,120.54,119.86,122.42,126.92,126.92,121.92,128.14,128.14,131.7,130.93,130.25,130.25,128.07,128.06,119.77,119.86,119.97,131.7,92.78,120.54
2025/07/30,132.02,113,114.86,109.28,109.28,111.14,121.18,120.66,119.39,125.4,128.22,130.06,127.34,128.47,133.95,133.95,133.94,133.89,128.82,128.97,125.99,122.59,121.08,119.1,133.95,109.28,124.73
2025/07/29,108.83,96.44,92,91.07,92,93.98,98.82,120.91,120.66,121.23,125.21,128.65,128.57,128.65,132.56,147.25,147.25,132.14,132.13,132.19,122.96,121.43,120.67,120.34,147.25,91.07,121.08
2025/07/28,97.13,96.44,81.17,81.17,81.17,91.55,98.74,99.66,120.62,121.22,122.51,123.32,123.24,123.26,132.33,132.78,132.78,133.21,133.21,133.21,132.33,122.82,122.73,122.71,133.21,81.17,117.82
2025/07/27,117.57,117.57,93.31,91.17,88.49,90.97,93.32,117.57,120.42,120.25,127.79,120.02,120.02,123.71,123.71,131.11,123.7,123.69,130.45,145.68,124.94,120.54,120.71,120.71,145.68,88.49,118.18
2025/07/26,116.27,118.25,114.99,92.56,92.65,112.54,116.27,119.39,119.11,118.94,120.32,120.72,120.72,123.96,123.96,123.96,123.96,138.6,138.34,123.9,123.92,120.32,130.99,130.67,138.6,92.56,120.9
2025/07/25,100.34,93.13,88.18,86.07,83.18,85.41,93.36,99.3,116.91,122.02,123.82,127.6,122.49,126.48,130.7,134.25,133.14,133.02,124.08,133.18,122.14,121.72,121.34,121.34,134.25,83.18,116.49
2025/07/24,100.78,93.06,92.97,82.17,82.17,92.57,93.22,100.31,119.36,121.21,124.27,124.17,120.31,124.06,124.81,136.91,136.91,124.21,124.21,124.03,123.31,121.88,117.56,116.7,136.91,82.17,115.21
2025/07/23,100.65,93.05,93.05,92.45,83.48,92.84,93.04,99.57,119.01,120.57,121.29,128.1,123.38,124.73,151.6,151.61,135.71,125.31,124.94,124.94,121.18,121.18,117.12,116.26,151.61,83.48,117.77
2025/07/22,125.12,114.68,92.69,91.62,90.53,91.62,110.96,118.4,119.89,121.17,125.83,127.06,121.84,125.88,126.03,147.3,132.44,147.3,147.3,136.12,132.43,121.33,121.15,121.15,147.3,90.53,123.06
2025/07/21,118.53,81.37,80.72,79.9,79.9,79.9,93.11,118.53,121.48,122.91,124.24,125.48,124.24,131.39,155.93,131.33,124.24,131.33,124.24,135.23,121.97,121.78,121.78,121.75,155.93,79.9,118.37
2025/07/20,100.05,81.64,79.27,77.73,79.38,79.38,79.38,79.38,93.33,93.97,101.44,118.41,118.43,121.92,121.92,121.92,121.9,121.86,121.86,136.05,136.21,135.94,101.48,100.54,136.21,77.73,107.13
2025/07/19,94.2,83.45,81.01,81.01,81.01,81.01,81.01,81.01,93.11,99.99,120.72,120.73,123.62,123.81,123.26,120.73,120.71,111.58,111.61,111.97,111.17,100,99.57,93.76,123.81,81.01,103.2
2025/07/18,94.15,93.08,83.48,83.48,83.48,92.61,98.97,99.93,126.63,134.74,135.64,134.61,126.68,134.66,134.66,134.4,131.25,131.25,118.11,118.09,118.07,118.07,107.9,93.44,135.64,83.48,115.85
2025/07/17,100.71,92.94,92.55,92.64,92.61,92.64,98.51,100.71,125.07,125.07,134.21,134.21,123.69,134.21,134.21,134.21,125.22,125.38,125.29,135.51,125.07,125.03,125.2,109.54,135.51,92.55,118.83
2025/07/16,119.51,92.62,84.76,85.32,84.76,85.57,113.9,117.61,127.64,133.62,133.58,133.58,123.18,133.58,133.6,133.6,127.81,127.81,127.81,135.45,127.83,127.81,127.73,115.76,135.45,84.76,120.97
2025/07/15,118.2,92,89.49,90.04,89.57,89.4,114.94,122.41,125.39,127.79,131.16,128.8,128.6,130.22,127.72,127.72,125.36,125.35,125.39,133.41,125.39,125.39,125.38,121.05,133.41,89.4,120.04
2025/07/14,118.62,113.98,93.12,92.67,82.78,92.62,110.26,115.84,121.19,121.83,123.13,123,121.8,123.05,132.55,132.55,132.55,132.97,133.17,135.28,122.87,121.65,121.59,121.58,135.28,82.78,120.43
2025/07/13,118.84,93.42,92.9,90.81,90.67,90.81,92.96,114.52,121.97,121.8,121.68,121.51,121.46,128.74,126.83,127,121.46,131.78,131.81,121.97,122.03,122.2,131.81,118.84,131.81,90.67,116.82
2025/07/12,125.92,122.2,92.99,89.84,89.16,92.58,120.34,122.47,128.57,118.07,120.22,120.22,120.22,123.33,123.33,123.33,123.33,135.27,135.28,136.3,136.32,136.12,120.24,119.91,136.32,89.16,120.79
2025/07/11,118.36,115.01,109.44,92.84,107.74,109.44,111.29,121.8,120.52,121.38,121.23,121.68,121.68,144.2,121.68,125.89,125.89,125.71,122.95,132.92,122.78,121.65,121.61,121.62,144.2,92.84,120.76
2025/07/10,131.98,113.74,117.09,111.88,110.02,113.74,117.09,120.73,123.39,127.31,127.13,143.51,126.4,128.45,134.05,156.91,134.03,133.98,127.06,133.9,126.52,121.15,121.09,121.09,156.91,110.02,126.92
2025/07/09,131.98,114.03,117.21,112.17,110.31,114.03,117.73,120.78,127.9,127.61,128.8,128.46,128.29,143.81,142.47,159.98,134.4,134.39,134.39,134.39,129.57,123.15,122.14,122.14,159.98,110.31,128.63
2025/07/08,131.98,115.01,118.13,111.29,111.29,113.15,115.62,121.05,126.94,127.15,127.56,127.53,126.18,142.79,152.78,153.06,141.46,135.41,135.41,135.41,132.44,123.54,122.8,122.24,153.06,111.29,129.24
2025/07/07,118.34,114.82,112.96,92.88,92.88,92.88,114.82,118.36,121.11,125.93,127.6,130.48,127.54,134.39,134.39,151.58,134.33,134.3,129.54,128.29,122.61,121.12,121.07,121.05,151.58,92.88,123.71
2025/07/06,118.03,118.03,93,88.67,87.99,88.3,91.99,114.3,118.03,121.23,121,120.71,120.65,120.65,120.48,120.48,120.65,135.31,135.31,135.34,135.31,121.23,120.73,121,135.34,87.99,117.42
2025/07/05,117.69,113.97,117.69,92.76,92.45,92.77,112.11,117.69,120.08,120.87,120.82,120.65,120.53,120.53,120.53,120.53,120.65,131.75,131.74,137.63,137.65,131.75,131.75,117.69,137.65,92.45,120.05
2025/07/04,131.98,115.75,115.75,115.75,115.75,115.75,115.9,118.43,121.44,128.61,128.68,128.68,123.35,130.99,132.68,132.37,132.37,132.37,143.28,143.29,132.39,121.51,121.44,121.44,143.29,115.75,126.72
2025/07/03,115.69,115.86,115.86,115.86,115.86,115.86,117.43,118.31,120.07,120.91,123.07,127.6,127.43,129.88,132.43,147.22,147.22,147.21,130.46,130.46,128.37,120.6,120.6,120.54,147.22,115.69,126.29
2025/07/02,131.98,98.88,98.28,92.8,92.8,92.8,109.67,118.92,121.35,121.48,128.53,129.28,128.8,145.12,156.17,147.8,147.8,128.37,128.37,128.37,122.62,121.54,121.48,121.48,156.17,92.8,124.21
2025/07/01,131.98,98.24,105.04,92.69,91.37,92.69,116.94,118.33,121.02,122.54,129.22,147.6,141.85,141.85,129.22,129.22,122.54,124.67,124.64,125.66,125.15,121.04,121.01,120.97,147.6,91.37,122.07
2025/06/30,105.55,95.1,94.65,94.8,94.84,94.79,95.53,106.44,125.67,171.07,128.93,131.87,129,137.19,156.39,156.39,156.39,128.99,128.98,128.99,126.56,125.73,125.69,114.87,171.07,94.65,125.98
2025/06/29,106.65,96.07,95.54,84.77,84.77,84.77,84.98,96.03,96.59,96.95,126.2,106.94,106.44,106.44,103.43,126.18,107.61,107.82,113.99,133.07,154.55,133.03,112.95,111.69,154.55,84.77,108.75
2025/06/28,108.91,108.87,105.87,95.89,95.71,95.8,105.03,105.66,107.14,108.55,126.34,126.34,116.78,126.33,126.28,126.35,116.32,116.47,116.47,133.14,133.13,132.34,107.13,106.28,133.14,95.71,115.17
2025/06/27,108.93,94.59,88.99,86.62,94.74,95.46,95.66,106.62,114.82,125.7,126.48,126.48,126.48,150.22,131.82,131.82,126.75,126.75,126.32,126.26,126.31,125.36,123.63,107.06,150.22,86.62,117.9
2025/06/26,108.93,94.63,94.32,86.89,94.85,95.5,104.13,106.62,115.59,124.61,153.26,125.7,124.23,170.26,137.53,148.57,129.43,129.3,129.11,129.16,129.26,126.5,115.59,107.04,170.26,86.89,121.84
2025/06/25,107.52,104.58,95.04,95.04,94.88,95.04,104.05,106.71,124.02,140.85,140.85,140.84,127.77,140.88,140.85,140.85,127.58,127.66,127.73,127.75,127.66,125.64,114.08,106.95,140.88,94.88,122
2025/06/24,105.69,105.35,95.06,94.95,94.95,95.12,99.39,106.48,123.86,130.89,130.96,130.96,130.94,154.28,151.35,130.96,130.92,130.91,125.55,130.88,127.45,124.33,125.64,107.02,154.28,94.95,121.75
2025/06/23,105.54,94.83,94.78,94.64,94.7,94.9,98.44,107.63,128.91,133.99,164.63,133.92,128.87,132.28,128.9,130.34,127.34,127.34,127.44,127.14,127.14,121.75,114.72,107.04,164.63,94.64,120.87
2025/06/22,103.79,97.3,86.54,83.24,83.24,83.24,83.24,81.27,81.27,105.62,105.62,105.62,105.62,106.77,104.96,107.51,106.98,107.42,112.39,112.39,112.39,110.93,106.67,96.88,112.39,81.27,100.42
2025/06/21,120.96,105.56,106.05,102.06,102.06,100.73,102.06,105.64,105.84,126.48,127.07,127.23,127.22,127.21,127.04,127.15,126.74,126.55,126.59,126.68,126.61,109,109.01,107.86,127.23,100.73,117.21
2025/06/20,106.6,105.92,106.34,105.66,105.51,105.56,106.61,122.98,124.77,138.53,193.75,138.3,130.65,139.04,137.6,137.58,130.63,130.61,128.2,125.21,125.21,124.95,124.77,124.71,193.75,105.51,127.2
2025/06/19,107.86,106.06,95.04,95.01,95.18,95.06,117.65,121.54,125.91,129.47,132.19,132.14,130.03,132.07,138.73,166.11,137.85,137.2,131.39,128.84,127.55,125.91,125.91,125.62,166.11,95.01,125
2025/06/18,105.26,103.5,103.25,94.85,94.61,94.56,95.29,123.31,123.84,128.04,128.68,130.76,128.67,136.39,136.37,136.37,134.24,134.35,128.66,126.39,126.93,126.93,121.63,107.13,136.39,94.56,120.91
2025/06/17,106.67,106.57,106.67,105.54,105.36,105.51,106.66,106.65,127.05,129.47,134.39,134.39,130.24,153.86,150.78,148.05,140.11,135.42,134.22,129.62,127.06,126.58,126.07,126.07,153.86,105.36,126.74
2025/06/16,97.88,84.97,80.64,81.43,81.46,81.46,95.02,107.55,126.3,128.18,128.98,130.12,128.18,134.91,134.91,134.91,133.26,132.44,132.28,125.4,125.22,121.7,107.52,107.23,134.91,80.64,116.88
2025/06/15,104.82,96.07,95.27,81.3,82.52,83.75,84.16,80.98,96.02,96.93,106.7,106.82,106.82,106.82,106.82,106.83,106.83,106.29,106.81,118.25,116.8,106.84,106.66,106.2,118.25,80.98,101.41
2025/06/14,115.03,107.27,106.25,101.42,106.51,106.17,107.32,107.32,137.98,129.97,139.04,138.89,131.99,138.46,131.82,130.04,127.15,126.95,125.22,125.27,124.78,126.28,107.32,107.32,139.04,101.42,121.71
2025/06/13,106.54,106.24,105.62,105.38,105,106.55,106.54,124.68,125.14,129.25,130.98,131.89,130.78,140.43,139.72,132.33,131.44,131.44,127.87,128.75,127.56,125.68,122.35,106.51,140.43,105,123.26
2025/06/12,105.26,103.46,90.24,90.12,90.07,90.25,124.51,124.51,125.83,128.57,128.57,136.82,128.55,140.28,147.6,134.87,133.79,132.72,132.61,131.9,126.05,125.37,124.51,106.99,147.6,90.07,122.4
2025/06/11,108.06,106.07,95.03,105.52,105.47,105.34,106.88,125.56,126.93,127.63,130.81,130.89,130.17,137.04,167.44,137,130.54,130.35,129.73,127.58,127.59,126.1,123.38,106.88,167.44,95.03,124.07
2025/06/10,108.81,105.72,90.15,90.22,90.25,105.72,114.06,122.67,123.68,125.16,132.67,132.65,128.16,139.32,139.32,139.32,132.59,136.3,128.17,129.86,128.09,126.11,126.11,107.09,139.32,90.15,122.04
2025/06/09,104.93,104.09,104.31,95.06,95.06,104.36,104.92,107.15,131.09,127.9,141.37,127.63,127.63,137.8,137.76,127.63,127.63,125.49,125.67,125.67,125.67,125.67,107.08,107.08,141.37,95.06,119.6
2025/06/08,101.78,95.22,85.78,83.77,87.85,88.82,88.26,81.69,95.88,96.82,105.54,105.4,105.4,105.33,171.76,105.93,110.66,110.66,110.72,110.72,110.72,109.27,105.98,105.67,171.76,81.69,103.58
2025/06/07,106.02,96.26,96.23,95.71,95.72,95.69,95.67,106.6,106.53,108.91,108.91,127.52,143.63,108.86,108.86,108.86,108.86,108.86,108.91,108.91,107.49,105.36,105.37,105.37,143.63,95.67,106.91
2025/06/06,105.54,104.46,104.1,95.77,95.77,95.77,104.09,104.27,105.92,107.95,107.95,123.85,123.81,141.93,123.63,123.63,123.63,137.7,137.85,124.03,123.07,107.95,107.95,107.95,141.93,95.77,114.26
2025/06/05,107.02,105.68,90.25,90.25,90.25,106.65,107.03,121.14,123.79,123.79,129,128.93,128.93,128.88,128.84,137.44,126.98,126.74,126.75,126.7,123.76,121.14,107,107.01,137.44,90.25,117.87
2025/06/04,107.06,106.46,94.82,94.86,95.03,106.72,108.08,108.08,108.03,124.08,127.5,127.5,124.05,127.5,127.5,127.5,127.5,127.33,124.08,124.08,124.01,121.08,121.08,108.03,127.5,94.82,117.08
2025/06/03,104.73,104.04,104.32,95.76,95.75,103.93,104.31,107.64,107.63,124.23,144.9,143.21,130.8,130.81,130.75,130.81,123.65,122.18,123.32,122.18,122.18,107.67,107.67,107.68,144.9,95.75,116.71
2025/06/02,97.46,87.27,86.2,85.3,85.3,96.97,100.43,107.11,107.74,126.08,127.15,127.13,127.13,141.58,142.66,146.54,126.35,125.88,122,122,107.74,106.26,105.61,105.11,146.54,85.3,115.11
2025/06/01,104.44,100.72,92.64,91.13,89.62,90.1,104.34,102.54,102.53,102.53,106.37,105.14,105.14,106.21,106.13,109.97,109.97,109.97,139.88,140.12,110.04,108.56,115.23,105.13,140.12,89.62,107.33
2025/05/31,121.41,110.88,103.66,84.77,85.31,105.05,110.86,111.04,111.04,111.32,112.29,112.13,112.13,135.06,129.04,129.05,133.66,130.42,132.11,129.1,128.86,128.95,112.7,112.7,135.06,84.77,116.69
2025/05/30,139.86,110.77,110.77,110.78,110.77,110.71,129.83,130.04,130.13,134.24,132.53,132.53,132.53,132.53,132.53,149.48,132.53,132.53,132.53,132.47,129.93,129.16,129.16,129.69,149.48,110.71,128.71
2025/05/29,111.68,110.53,110.52,105.61,110.5,110.55,117.25,127,129.43,128.61,137.07,137.06,135.31,137.04,144.22,144.22,137.04,135.71,133.93,130.84,131.4,131.4,127.35,127.32,144.22,105.61,127.76
2025/05/28,126.07,110.71,110.71,110.63,110.71,110.8,126.59,127.59,129.52,131.75,148.5,140.75,135.1,140.68,140.74,146.85,144.43,144.8,141.65,140.67,140.66,129.33,128.83,128.77,148.5,110.63,131.93
2025/05/27,144.43,104.97,104.97,98.27,104.5,108.74,125.8,130.57,130.01,133.45,141.98,146.89,139.52,141.2,141.45,146.88,142.09,140.91,139.45,133.41,133.4,133.42,133.37,133.38,146.89,98.27,131.31
2025/05/26,118.35,108.6,84.23,84.23,84.23,100.08,111.11,111.99,146.07,134.43,138.33,138.24,135.76,138.24,138.25,146.48,137.36,151.38,135.02,134.39,152.96,130.56,134.35,134.36,152.96,84.23,128.2
2025/05/25,145.27,111.85,112.01,104.99,111.85,111.85,112.48,111.66,107.61,107.87,113.41,111.97,112.85,125.75,125.75,125.75,125.75,152.18,152.16,146.89,146.87,143.55,143.69,112.27,152.18,104.99,125.39
2025/05/24,142.92,142.92,107.36,92.52,92.52,107.21,108.78,109.47,129.83,130.16,130.81,130.8,130.8,130.79,130.3,130.51,130.27,141.12,141.12,141.15,141.15,141.16,141.12,141.12,142.92,92.52,128.19
2025/05/23,144.43,108.51,101.46,101.46,101.46,108.5,127.43,134.27,139.09,145.57,145.58,145.59,131.64,145.59,145.59,145.9,134.88,134.91,145.57,145.59,138.55,138.55,138.55,138.55,145.9,101.46,133.82
2025/05/22,131.46,131.47,129.91,108.23,129.41,129.92,136.08,132.4,140.53,140.53,153.27,153.3,140.32,153.25,153.25,153.24,140.53,140.53,140.53,140.53,140.53,140.53,137.88,134.06,153.3,108.23,139.54
2025/05/21,144.43,130.85,100.58,100.58,100.58,100.58,100.58,126.05,132.04,146.73,146.71,141.31,138.87,146.44,149.72,149.72,141.85,141.85,141.92,142.2,142.06,141.87,139.47,139.5,149.72,100.58,134.22
2025/05/20,144.43,103.25,102.61,89.41,89.62,98.27,103.25,127.27,134.91,137.55,143.87,135.01,134.98,134.95,134.94,134.96,134.9,137.1,151.9,151.96,149.44,141.18,141.18,141.18,151.96,89.41,130.49
2025/05/19,109.15,90.73,88.77,86.79,87.58,89.94,109.15,109.89,125.02,145.27,130.69,130.19,125.01,125.01,126.64,144.86,128.74,128.7,155.68,155.7,146.79,129.54,129.1,128.73,155.7,86.79,123.81
2025/05/18,108.76,84.13,84,84,87.2,109.74,110.33,110.08,110.82,109.85,110.52,110.48,110.38,110.38,107.32,110.38,110.48,133.16,133.39,133.58,133.28,133.28,133.2,125.03,133.58,84,113.16
2025/05/17,120.45,108.55,84.95,82.93,82.93,85.45,108.08,109.18,125.26,129.06,136.85,136.85,136.79,136.85,131.22,131.14,127.89,127.48,128.1,128.22,130.19,127.68,128.48,109.67,136.85,82.93,119.18
2025/05/16,108.51,107.67,104.81,108.51,107.68,111.35,109.28,127.44,132.57,145.65,145.62,145.58,137.62,145.58,198.84,146.23,144.24,132.64,132.62,130.27,131.89,130.19,129.71,128.54,198.84,104.81,132.35
2025/05/15,127.69,101.9,100.08,99.6,98.27,100.08,122.98,129.08,129.08,134.23,134.23,134.23,134.16,134.23,136.41,134.21,134.18,131.9,129.45,129.44,129.43,129.63,128.91,127.5,136.41,98.27,125.64
2025/05/14,129.44,105.52,103.71,105.52,107.54,108.28,126.1,130.63,128.67,131.8,136.52,136.5,132.41,135.94,136.47,148.28,140.32,134.63,131.81,131.86,131.8,130.63,128.74,127.31,148.28,103.71,127.96
2025/05/13,109.04,107.57,103.71,89.32,91.8,116.32,125.27,130.81,129.41,129.69,139.63,139.62,132.61,132.64,139.32,139.6,139.6,139.32,132.63,132.64,130.81,131.38,126.25,126.22,139.63,89.32,126.32
2025/05/12,114.38,107.58,84.74,84.74,108.79,110.79,111.59,130.64,130.65,131.85,134.51,134.13,129.54,134.13,134.13,134.13,134.13,131.92,130.72,131.87,130.72,129.44,129.44,127.75,134.51,84.74,124.45
2025/05/11,100.25,83.8,82.79,82.28,83.29,82.83,82.27,79.75,112.8,113.6,130.88,130.14,113.57,113.15,107.26,108.77,107.73,113.08,128.28,131.51,128.28,130.92,113.75,111.71,131.51,79.75,107.53
2025/05/10,129.88,110.88,110.63,110.5,84.78,110.58,110.91,111.31,131.07,131.07,131.67,131.67,131.67,131.67,131.59,131.88,128.18,127.58,127.53,128.13,131.84,129.82,124.9,110.92,131.88,84.78,122.89
2025/05/09,111.93,111.39,108.89,93.63,93.63,108.89,112.45,112.38,129.29,136.66,144.74,136.55,130.64,143.96,129.29,129.21,127.02,128.91,127.03,127.02,126.54,112.38,110.55,110.16,144.74,93.63,122.04
2025/05/08,111.32,111.19,100.55,100.55,99.43,111.27,129.15,126.97,127.14,130.65,145.27,144.97,126.79,132.35,132.42,132.41,132.42,132.24,131.84,131.86,126.63,131.83,129.44,111.94,145.27,99.43,124.99
2025/05/07,113.26,107.65,94.03,91.45,93.95,94.32,110.57,122.04,128.83,131.06,140.89,131.05,131.05,130.86,128.31,128.31,130.64,143.79,129.23,128.23,129.4,125.6,125.68,118.75,143.79,91.45,122.31
2025/05/06,111.28,107.55,93.79,93.83,93.88,109.99,110.81,119.12,130.86,130.84,130.89,130.89,127.48,130.9,129.9,130.13,127.48,127.48,128.98,130.13,130.13,129.58,120.26,118.94,130.9,93.79,121.3
2025/05/05,110.46,109.77,109.76,94.38,109.74,109.76,110.25,110.33,110.44,118.24,118.73,121.18,125.46,130.9,129.52,130.9,129.01,128.85,129.18,131.46,129.04,131.45,131.45,118.72,131.46,94.38,120.42
2025/05/04,110.94,110.39,109.91,94.38,110.72,112.43,112.43,130.91,129.73,129.38,112.15,111.66,110.6,111.66,111.66,119.12,118.49,119.12,130.08,130.91,130.07,129.64,119.14,119.14,130.91,94.38,118.16
2025/05/03,131.08,109.81,103.3,101.52,102.43,109.73,110.11,118.61,130.64,129.77,130.56,128.19,128.18,130.19,128.16,127.72,131.13,124.84,124.84,130.19,130.19,129.59,119.73,118.73,131.13,101.52,122.37
2025/05/02,130.63,110.44,109.8,106.28,109.98,129.3,118.66,130.58,129.82,130.66,131.86,131.87,129.93,129.94,129.94,129.94,129.93,129.89,131.87,129.94,129.98,126.41,125.9,124.4,131.87,106.28,125.93
2025/05/01,125.64,110.01,105.66,103.1,103.1,110.22,110.71,110.93,121.78,120.16,121.78,121.78,128.72,131.89,131.64,131.35,130.56,121.78,119.94,119.94,119.68,118.7,126.56,111.18,131.89,103.1,119.2
2025/04/30,113.64,98.73,98.13,98.16,99.22,114.36,116.47,137.84,135.99,139.52,157.28,139.5,139.47,139.5,139.5,146.97,139.38,139.31,138.34,138.34,133.79,129.1,138.34,139.29,157.28,98.13,130.14
2025/04/29,115.55,98.46,98.25,97.5,98.46,113.97,116.29,139.34,136.68,139.36,161.24,147.13,136.12,137.08,139.33,139.33,139.33,136.48,115.8,117.31,115.8,115.8,115.8,115.8,161.24,97.5,124.4
2025/04/28,93.69,84.24,84.24,84.24,84.24,88.67,99.71,115.81,138.34,136.65,139.28,145.51,136.09,136.63,136.93,157.47,137.21,135.92,116.75,116.75,116.29,99.96,100,100.05,157.47,84.24,116.98
2025/04/27,99.56,85.05,92.94,84.91,92.84,99.3,99.67,96.39,100.03,99.88,100.27,99.88,99.6,100.21,100.21,100.27,99.55,99.77,100.34,100.4,100.4,100.46,100.52,100.52,100.52,84.91,98.05
2025/04/26,111.73,98.42,93.43,93.43,110.81,114.9,115.84,111.16,111.3,111.58,115.44,115.23,112.51,112.51,115.84,117.13,112.11,116.35,115.84,115.84,115.84,115.84,115.84,115.84,117.13,93.43,111.85
2025/04/25,99.19,97.85,97.94,95.19,99.18,115.71,116.88,115.72,137.87,137.86,139.26,138.34,137.86,137.86,137.86,137.86,137.86,138.07,134.98,135,134.41,133.04,133.04,118.78,139.26,95.19,125.74
2025/04/24,114.15,98.53,97.52,97.52,98.92,115.55,132.89,132.88,137.63,137.3,139.28,154.69,137.3,139.28,138,139.28,137.3,145.98,146.86,146.96,135,132.89,118.64,118.17,154.69,97.52,129.54
2025/04/23,99.26,97.96,92.24,97.69,99.27,129.37,133.38,133.59,137.89,141.7,141.7,141.7,141.62,138.07,138.07,139.48,137.32,161.96,137.34,135.41,134.88,133.59,129.37,129.37,161.96,92.24,129.93
2025/04/22,113.74,84.96,84.96,84.96,84.96,94.7,98.42,116.93,137.92,145.44,148.05,148.05,138.96,148.65,166.11,166.11,141.09,141.09,141.1,137.54,137.91,137.93,137.42,120.67,166.11,84.96,129.93
2025/04/21,102.86,92.94,92.94,92.94,93.24,115.22,116.68,117.69,137.69,137.3,157.6,138.15,137.09,137.09,137.09,139.33,137.09,137.09,137.39,137.39,136.83,134.4,117.83,117.83,157.6,92.94,126.13
2025/04/20,99.84,99.47,84.9,92.38,99.49,100.2,100.2,99.61,81.09,99.82,113.38,99.82,0,99.64,99.7,99.95,99.91,99.6,100.15,111.91,111.91,111.91,111.91,111.87,113.38,0,98.29
2025/04/19,98.95,98.95,98.36,98.27,98.36,98.36,113.41,112.74,112.8,97.93,98.36,98.07,98.02,100.43,113.79,100.49,99.44,99.92,100.58,100.64,100.64,100.7,100.7,100.7,113.79,97.93,101.68
2025/04/18,112.96,98.75,111.76,111.76,115.76,116.2,116.2,139.34,142.17,142.17,183.32,154.69,137.27,137.27,137.27,137.27,137.27,137.6,135.76,137.2,135.21,132.72,118.17,118.37,183.32,98.75,131.13
2025/04/17,115.1,99.25,98.73,98.35,98.93,113.06,116.2,135.06,142.18,142.33,142.33,142.32,142.01,139.35,139.33,154.08,137.87,137.67,137.03,136.95,137.45,136.12,137.18,132.58,154.08,98.35,130.26
2025/04/16,146.1,116,100.15,109.05,116.19,136.03,136.46,138.06,138.46,159.97,162.07,144.57,138.39,144.53,144.5,161.65,138.42,138.36,138.29,138.29,138.22,138.07,138.07,137.79,162.07,100.15,137.75
2025/04/15,117.35,116.19,108.84,108.68,109.21,134.66,135.09,135.17,139.34,137.29,139.35,137.28,136.98,137.13,137.24,137.28,137.28,137.13,137.29,155.4,155.4,153.15,153.14,152.58,155.4,108.68,136
2025/04/14,93.31,83.85,83.85,83.85,83.85,103.49,98.12,117.01,159.72,154.18,159.72,152.9,139.14,152.9,161.86,154.34,148.21,148.21,148.26,148.24,137.99,137.94,137.91,137.91,161.86,83.85,133.77
2025/04/13,114.77,98.16,84.98,86.61,99.42,117.07,117.07,115.61,98.4,98.65,99.54,99.01,99.04,99.09,98.72,99.4,99.21,99.4,118.63,118.63,118.63,118.63,118.63,116.17,118.63,84.98,106.36
2025/04/12,129.4,98.55,93.69,92.25,92.58,98.55,98.9,99.23,99.26,111.23,139.87,139.86,139.86,139.87,139.86,156.66,134.49,129.4,129.4,129.4,129.4,129.4,129.4,129.4,156.66,92.25,121.66
2025/04/11,115.35,99.11,98.29,98.32,99.12,115.67,138.96,139.09,139.89,140.03,144.65,139.5,133.39,133.38,133.38,139.33,133.39,140.38,141.28,141.5,140.93,133.41,133.41,127.64,144.65,98.29,129.53
2025/04/10,114.2,98.67,96.68,96.68,98.51,110.65,135.3,139,150.81,154.15,154.6,142.98,142.98,148.79,139.45,139.15,137.02,137.06,137.07,137.07,136.98,135.96,135.73,118.81,154.6,96.68,131.79
2025/04/09,154.2,115.55,98.92,98.64,109.17,135.68,139.56,139.55,139.84,139.83,153.94,139.82,139.82,139.82,139.82,139.81,139.55,139.71,139.83,139.83,139.84,139.55,139.55,139.55,154.2,98.64,135.54
2025/04/08,154.2,115.14,98.22,98.19,109.24,140.86,141.41,141.47,142.91,142.05,141.49,136.56,136.48,136.54,136.5,136.56,136.48,136.56,140.38,153.12,153.04,140.19,139.97,140.54,154.2,98.19,135.99
2025/04/07,111.09,97.78,86.53,86.53,87.34,93.64,116.46,125.73,140.96,143.9,143.19,137.66,135.63,139.33,135.64,139.33,135.61,135.64,135.64,156.47,138.82,135.64,135.64,141.58,156.47,86.53,128.14
2025/04/06,101.18,99.36,85.99,88.94,113.27,132.88,142.94,141.42,101.07,101.51,116.12,101.12,0,6.87,116.87,96.04,99.36,114.63,120.82,120.94,121.03,121.11,121.16,121.24,142.94,0,106.45
2025/04/05,121.88,98.65,97.55,89.49,93.23,98.65,98.65,98.65,99.2,115.27,139.89,141.08,139.83,139.91,116.15,116.71,100.52,99.11,99.15,100,100,99.28,99.18,99.28,141.08,89.49,108.39
2025/04/04,154.2,105.88,98.33,98.33,108.54,136.56,138.29,137,137.82,137.25,140.17,145.55,137.42,145.4,140.17,137.9,136.51,136.98,137.9,138.41,137.52,137.31,137,138.41,154.2,98.33,133.65
2025/04/03,125.73,123.02,98.47,98.33,98.96,123.66,138.34,138.34,144.15,153.64,155.2,146.85,141.12,141.1,141.1,154.88,140.05,139.87,139.88,139.88,139.88,137.58,138.34,138.34,155.2,98.33,135.42
2025/04/02,104.85,95.52,94.67,95.09,95.07,98.57,117.13,139.33,135,135.07,136.76,139.35,136.17,136.8,136.81,139.37,136.83,133.06,133.17,133.18,118.48,116.94,116.46,116.46,139.37,94.67,123.12
2025/04/01,99.41,98.52,97.55,97.74,98.79,122.85,128.35,136.04,143.52,143.77,145.19,143.53,137.21,139.35,137.21,156.03,137.21,137.92,136.01,136.02,136.02,126.13,126.41,121.02,156.03,97.55,128.85
2025/03/31,113.89,96.51,87.25,85.98,87.25,89.13,113.8,128.59,138.69,132.46,132.46,132.46,128.83,132.46,132.46,128.84,128.84,128.53,128.65,126.89,125.67,123.02,123.02,115.49,138.69,85.98,120.5
2025/03/30,132.58,116.49,100.08,100.08,123.9,133.33,134.73,132.56,97.06,100.08,100.21,100.22,100.17,103.29,97.35,98.17,96.54,122.8,133.33,133.33,133.33,133.33,133.33,133.33,134.73,96.54,118
2025/03/29,134.22,132.24,129.77,123.15,129.87,134.48,134.42,126.37,123.05,103.28,133.4,133.4,128.99,130.32,111.26,99.91,99.91,111.64,124.34,133.55,133.1,133.1,133.1,133.1,134.48,99.91,125.86
2025/03/28,122.71,103.48,96.65,99.04,103.48,124.12,124.37,132.89,130.68,139.92,133.44,128.62,124.84,126.17,126.17,140.06,126.17,127.43,134.93,135.75,132.67,130.47,132.07,132.67,140.06,96.65,125.83
2025/03/27,112.54,96.79,96.58,96.58,96.58,96.76,97.49,113.8,117.53,160.78,160.78,134.55,124.9,134.48,134.33,134.88,134.72,130.4,128.87,132.89,113.8,113.38,113.8,104.43,160.78,96.58,121.33
2025/03/26,107.71,88.89,88.89,88.89,97.33,113.8,114.91,118.16,139.09,114.84,126.41,126.38,126.38,126.38,126.38,126.38,126.38,126.38,140.8,140.8,126.41,126.41,126.41,126.41,140.8,88.89,120.25
2025/03/25,107.37,96.67,96.49,85.4,96.39,97.29,103.48,103.48,124.12,130.21,132.46,133.46,128.59,130.21,130.21,130.21,130.2,124.12,124.12,113.8,113.38,111.73,108.51,108.36,133.46,85.4,115.58
2025/03/24,113.8,96.53,84.4,84.4,96.71,96.86,100.41,123.44,113.8,130.14,124.12,108.65,103.48,105.51,103.48,107.35,113.8,120.33,152.69,133.42,121.88,110.5,113.8,109.15,152.69,84.4,112.38
2025/03/23,124.29,115.03,113.6,111.97,113.6,137.26,145.87,143.72,99.94,99.82,101.92,100.06,97.7,97.7,97.7,103.29,101.14,114.2,123.9,135.32,135.32,135.32,135.33,135.3,145.87,97.7,119.29
2025/03/22,132.94,123.89,123.89,112.5,123.89,136.47,136.54,124.35,113.58,113.83,132.94,113.22,103.28,103.28,100.06,100.03,97.09,115.94,134.42,134.43,134.43,134.44,134.44,134.45,136.54,97.09,122.53
2025/03/21,114.15,97.31,96.22,89.43,96.9,103.48,124.12,128.38,131.96,131.94,133.5,129.55,127.24,127.16,127.08,132.44,125.8,125.8,135.31,125.81,125.81,123.72,124.12,133.38,135.31,89.43,121.81
2025/03/20,112.45,100.47,97.02,96.99,97.02,111.15,127.79,128.63,136.22,136.12,147.87,137.89,132.34,132.34,132.11,130.22,130.22,129.64,129.64,130.21,126.57,126.65,126.73,130.21,147.87,96.99,124.94
2025/03/19,112.26,98.04,96.43,91.44,96.57,106.29,113.12,113.16,136.72,137.08,157.94,130.22,128.9,128.9,128.71,128.89,130.22,128.71,131.28,131.28,131.02,128.42,128.27,128.26,157.94,91.44,123.22
2025/03/18,136.98,98.63,89.33,87.31,88.66,96.86,110.34,120.49,143.45,152.85,132.64,128.13,125.33,125.33,125.33,125.33,137.15,137.05,137.42,137.42,137.42,137.06,137.06,118.56,152.85,87.31,124.82
2025/03/17,95.74,83.24,83.24,83.24,83.24,83.24,87.44,110.79,136.49,136.49,129.51,127.56,127.56,127.85,127.44,122.98,122.9,114,114.35,113.23,111.08,110.79,110.79,110.79,136.49,83.24,112.12
2025/03/16,97.15,83.61,82.45,82.45,82.45,82.45,85.12,85.12,82.45,82.45,95.61,99.89,99.76,111.54,99.05,95.61,86.55,97.15,98.41,98.41,98.41,98.41,98.41,98.41,111.54,82.45,92.84
2025/03/15,131.75,98.13,97.37,97.03,97.03,98.22,98.22,98.26,97.03,107.97,97.87,97.65,6.83,79.16,67.12,78.74,86.47,97.59,98.54,98.54,98.54,98.54,98.54,98.54,131.75,6.83,93.62
2025/03/14,112.86,97.27,96.4,84.43,96.99,108.36,112.96,113.6,122.92,139.97,122.75,113.5,97.27,97.27,97.27,113.26,112.05,122.06,121.67,113.8,111.44,110.36,111.44,114,139.97,84.43,110.77
2025/03/13,91.37,85.12,82.92,82.59,83.85,89.99,109.57,111.44,116.83,116.81,116.79,115.06,97.84,97.84,97.84,111.44,106.95,111.74,111.85,111.85,111.74,111.74,111.74,111.74,116.83,82.59,104.73
2025/03/12,103.52,89.8,89.8,89.58,89.8,89.8,97.93,121.61,132.07,141.96,152.29,130.21,128.97,130.22,128.97,128.97,128.97,125.9,125.9,122.92,121.61,121.61,113.25,112.47,152.29,89.58,118.88
2025/03/11,96.02,87.23,84.7,83.44,84.7,87.23,96.44,113.6,130.22,137.56,130.21,130.21,126.84,130.22,130.22,130.22,137.54,137.28,136.59,136.52,111.36,95.89,95.89,95.94,137.56,83.44,114.57
2025/03/10,113.11,99.73,97.02,97.02,97.02,99.73,113.11,133.46,144.67,147.13,128.74,113.94,112.18,112.27,112.88,113.94,113.94,113.94,114.03,121.61,114.03,114.03,112.16,113.9,147.13,97.02,115.68
2025/03/09,154.76,97.6,89.37,97.6,113.96,143.08,114.74,96.67,78.49,77.77,0,0,0,0,0,79.29,95.61,122.91,146.46,143.36,141.31,145.65,141.31,145.77,154.76,0,99.71
2025/03/08,129.32,122.96,123.27,122.77,123.27,122.69,123.26,123.22,114.14,96.99,114.29,114.27,114.26,96.99,96.57,96.54,96.51,96.99,122.87,123.16,123,122.75,140.44,140.44,140.44,96.51,116.91
2025/03/07,94.02,85.51,85.51,85.51,85.51,88.92,96.9,109.57,121.7,130.22,130.22,130.21,111.96,130.22,130.21,130.22,130.22,113.95,113.22,113.23,111.38,110.68,110.79,97.84,130.22,85.51,111.02
2025/03/06,96.15,85.9,85.62,85.62,85.62,85.9,96.9,97.84,113.97,130.22,151.39,130.22,112.54,113.37,113.79,113.36,113.94,113.95,113.96,113.08,101.11,97.84,97.84,97.84,151.39,85.62,106.88
2025/03/05,96.24,85.51,85.51,85.51,85.51,85.51,96.9,113.06,129.05,147.99,149.57,131.87,128.98,131.55,131.28,127.29,122.44,121.47,121.61,122.26,134.16,113.65,111.89,112.42,149.57,85.51,116.93
2025/03/04,83.19,83.19,83.19,83.19,83.19,83.19,83.19,97.69,113.65,152.84,149.92,131.28,129.9,131.28,129.9,129.52,125.75,113.4,113.56,113.56,134.85,109.32,110.22,97.69,152.84,83.19,113.37
2025/03/03,81.32,79.49,79.49,79.49,79.49,79.49,81.76,83.21,95.61,113.26,113.26,114.75,114.75,114.75,114.75,114.75,114.18,114.29,114.07,112.98,98.41,97.48,95.61,94.07,114.75,79.49,100.32
2025/03/02,84.9,82.37,79.49,79.49,79.49,79.49,80.18,81.49,81.06,79.49,79.53,79.53,79.49,79.49,79.49,80.18,82.37,86.26,86.26,86.26,86.26,86.26,86.26,86.26,86.26,79.49,82.28
2025/03/01,95.61,86.26,84.33,81.71,81.71,81.91,84.33,84.08,95.6,99.33,112.34,99.33,99.33,99.33,99.33,99.33,98.4,95.86,95.91,95.95,95.92,86.26,95.61,86.26,112.34,81.71,93.14
2025/02/28,87.2,81.74,80.53,80.53,80.53,80.71,88.12,99.18,115.69,131.01,138.69,130.81,115.63,115.61,115.61,115.61,115.6,113.83,100.14,100.14,99.2,95.27,92.54,92.54,138.69,80.53,103.89
2025/02/27,97.37,88.86,88.86,88.86,88.86,98.32,99.28,113.61,118.96,118.94,118.91,117.09,100.23,102.15,102.32,112.76,112.76,113.15,113.34,113.4,107.64,107.64,107.64,107.64,118.96,88.86,106.34
2025/02/26,105.07,97.54,82.1,82.1,82.1,87.2,113.35,113.99,123.71,130.86,141.24,130.54,127.29,128.75,130.11,128.35,130.79,126.36,113.98,113.98,113.98,113.99,113.99,114.01,141.24,82.1,115.13
2025/02/25,100.23,85.02,83.6,82.77,83.6,85.02,107.9,107.9,130.79,130.79,150.78,142,128.4,128.32,128.32,128.32,144.44,130.78,114.94,114.94,113,109.59,109.59,109.59,150.78,82.77,115.62
2025/02/24,87.21,80.05,80.05,80.05,80.05,81.1,97.63,114.82,130.83,145.89,149.46,132.15,126.28,126.28,126.28,132.15,132.15,132.15,114.31,114.31,114.31,113.9,114.31,113.9,149.46,80.05,115.32
2025/02/23,104.96,86.42,86.39,84.98,85.83,86.43,98.4,97.34,81.85,79.67,98.31,72.76,72.76,6.21,72.76,72.76,79.67,96.13,104.96,104.96,98.27,104.96,103.97,104.96,104.96,6.21,88.24
2025/02/22,108.15,101.48,102.66,85.12,85.12,102.42,106.37,104.78,103.15,98.05,110.37,80.29,72.82,0,76.15,79.69,82.46,97.87,108.44,108.44,108.44,108.44,108.44,108.44,110.37,0,94.84
2025/02/21,107.9,97.98,102.32,84.33,101.64,101.91,107.07,132.8,138.87,140.85,155.34,140.38,132.73,132.81,132.54,132.81,132.81,132.81,132.56,126.31,113.91,113.67,113.9,113.9,155.34,84.33,122.57
2025/02/20,113.06,98.68,97.71,82.54,83.49,98.78,113.15,128.79,134.47,139.7,159.56,134.45,134.03,132.82,130.24,130.24,132.82,132.82,132.82,132.82,126.33,113.88,113.88,122.75,159.56,82.54,122.73
2025/02/19,107.9,101.77,98.38,97.93,98.42,102.35,113.2,128.69,137.5,142.09,157.35,138.32,133.08,132.79,132.57,131,140.97,132.55,130.74,130.78,129.84,124.91,128,128.37,157.35,97.93,126.04
2025/02/18,122.64,102.15,98.46,98.46,98.46,99.51,113.01,128.93,143.78,149.48,145.96,142.19,131.05,131.05,131.05,131.05,131.05,131.05,130.78,129.98,129.9,125.25,125.25,113.94,149.48,98.46,125.42
2025/02/17,123.89,98.61,97.86,80.89,98.06,98.22,102.01,132.8,132.5,145.9,151.99,132.56,130.94,131.73,131.11,132.15,132.15,132.15,130.06,130.79,130.79,132.48,132.45,113.87,151.99,80.89,124.6
2025/02/16,99.53,98.59,97.91,81.8,81.8,96.48,97.91,102.94,103.75,103.5,103.74,103.74,103.74,103.74,105.3,105.35,103.67,105.39,133.17,105.55,103.76,103.76,103.41,99.98,133.17,81.8,102.25
2025/02/15,122.15,101.69,99.22,99.09,99.22,101.8,102.54,115.65,116.85,141.55,150.58,148.17,132.52,132.5,132.51,123.96,123.96,102.92,115.97,114.96,107.61,102.76,102.78,132.48,150.58,99.09,117.71
2025/02/14,108.13,98.48,98.07,82.54,97.73,102.15,104.03,132.78,132.79,146.68,143.92,132.57,131.3,132.8,131.99,131.99,132.57,133.42,126.81,126.24,114.49,113.09,112.88,103.85,146.68,82.54,120.69
2025/02/13,112.57,101.6,101.61,98.25,101.6,111.24,112.61,132.81,136.01,136,146.77,139.35,131.12,132.15,132.15,131.37,140.03,131.12,132.23,132.23,130.15,125.75,122.78,114.04,146.77,98.25,125.27
2025/02/12,103.44,97.28,93.04,81.32,92.42,93.39,109.51,123.61,132.59,143.84,154.15,144,142.98,143.44,143.44,143.44,132.8,134.13,134.98,130.21,130.14,132.49,125.7,123.89,154.15,81.32,126.6
2025/02/11,103.12,101,100.23,83.22,84.06,98.32,107.51,134.24,138.75,150.33,144.44,145.55,131.36,131.37,132.15,131.37,132.15,132.15,132.15,132.15,132.15,113.98,113.98,113.98,150.33,83.22,122.95
2025/02/10,105.62,81,80.92,80.73,80.85,81,88.04,108.96,142.19,154.52,157.07,152,130.3,132.55,130.3,130.3,141.24,132.79,131.3,130,125.85,113.9,132.55,113.9,157.07,80.73,121.71
2025/02/09,103.41,99.27,99.08,82.99,82.99,98.46,99.15,102.61,103.48,103.74,106.34,103.74,104.56,103.74,103.64,102.95,103.74,106.23,111.85,108.84,103.48,103.48,103.48,103.48,111.85,82.99,101.95
2025/02/08,113.07,112.79,99.34,98.79,98.67,101.6,112.3,113.49,115.53,132.78,134.8,134.8,127.28,127.28,115.54,115.54,124.41,115.55,142.05,132.49,128.31,114.24,113.56,114.88,142.05,98.67,118.5
2025/02/07,112.43,101.97,98.56,98.14,98.13,98.55,111.77,113.73,136.65,159.17,149.17,142.6,131.72,136.2,136.43,151.02,136.65,136.65,134.8,131.51,130.1,129.66,129.78,128.8,159.17,98.13,127.86
2025/02/06,105.98,97.98,97.72,84.44,95.69,98.29,105.34,114.59,141.12,154.52,153.3,134.44,131.17,133.22,139.76,132.8,142.19,133.51,134,126.08,131.93,112.51,102.23,107.9,154.52,84.44,122.95
2025/02/05,106.94,96.77,84.44,84.44,84.44,98.11,109.77,111.86,139.87,148.18,150.83,138.84,132.35,133.91,133.58,142,133.58,132.24,132.24,127.04,131.1,112.43,105.93,105.7,150.83,84.44,121.72
2025/02/04,105.07,102.15,84.44,84.44,84.44,102.15,99.28,129.79,134.8,236.55,159.36,133.78,130.6,133.52,133.77,141.76,134.09,134.15,134.57,134.57,134.8,130.01,130.02,113.79,236.55,84.44,129.28
2025/02/03,102.15,80.55,80.55,80.55,80.55,80.55,86.78,109.48,142.19,157.57,151.41,133.91,133.05,133.58,131.32,132.92,132.92,132.92,133.91,133.91,114.52,102.78,99.72,99.16,157.57,80.55,118.04
2025/02/02,96.38,82.91,82,81.27,81.27,81.4,82.94,82.94,95.27,98.13,100.7,100.74,100.59,100.74,106.29,106.3,105.9,106.21,105.96,100.74,100.74,99.79,98.13,97.32,106.3,81.27,95.84
2025/02/01,103.21,98.71,82.77,82.77,82.77,82.77,84.47,84.47,99.51,105.95,132.56,151.16,113.57,110.31,104.88,104.97,105.01,103.66,103.6,103.41,103.23,100.17,99.92,100.37,151.16,82.77,102.27
2025/01/31,115.34,81.96,81.79,81.06,81.13,81.96,101.63,108.27,151.51,164.38,155.33,150.48,136.63,138.88,136.63,136.63,136.36,133.09,133.17,132.45,138.58,114.6,116.3,107.33,164.38,81.06,123.8
2025/01/30,97.63,85.81,81.14,79.87,79.87,97.63,97.63,97.63,97.63,107.7,109.31,109.28,109.39,103.7,98.47,76.68,98.42,104.3,104.62,104.62,104.62,104.62,104.44,104.46,109.39,76.68,98.51
2025/01/29,95.74,77.88,77.07,77.07,77.07,77.07,80.07,80.07,77.49,76.68,70.92,70.92,6.69,70.92,70.92,70.92,76.68,96.71,97.63,97.63,97.63,97.63,97.63,97.63,97.63,6.69,81.06
2025/01/28,96.06,82.26,80.92,80.92,80.92,81.77,83.35,83.35,80.33,79.87,78.51,78.51,78.51,78.51,78.51,79.87,80.33,80.33,88.53,88.53,88.53,88.53,88.53,88.53,96.06,78.51,83.28
2025/01/27,96.72,85.16,80.92,80.92,80.92,100.11,104.21,108.26,118.3,139.36,142.98,154.93,141.33,134.23,133.68,132.51,132.51,133.24,139.35,132.52,118.3,121.62,114.25,104.6,154.93,80.92,118.67
2025/01/26,118.27,86.29,82.74,80.92,80.92,81.1,83.08,98.48,106.56,117.72,147.05,139.37,118.64,120.92,120.95,117.62,117.62,117.45,117.73,117.72,116.4,116.3,117.07,115.88,147.05,80.92,109.97
2025/01/25,128.85,100.77,107.38,101.33,99.39,101.37,117.4,116.26,118.79,135.88,151.24,146.35,128.48,116.6,116.05,115.78,120.95,138.61,138.62,138.62,117.84,117.49,116.97,116.47,151.24,99.39,121.13
2025/01/24,118.47,107.85,102.41,101.78,101.95,102.31,108.61,129.7,138.86,156.44,153.54,142.93,137.04,137.04,138.58,137.04,138.87,136.74,139.43,132.84,118.77,108.61,118.47,132.76,156.44,101.78,127.78
2025/01/23,108.39,101.62,101.62,83.71,101.44,101.86,106.57,129.7,141.34,151.45,143.52,143.25,136.55,144.22,138.59,136.77,138.88,136.77,136.76,136.77,136.77,118.47,118.47,114.83,151.45,83.71,126.56
2025/01/22,110.11,102.03,101.71,101.84,102.03,106.56,107.39,138.88,144.95,156.44,155.89,148.76,138.69,138.77,138.77,145.89,138.77,137.09,136.82,138.98,138.59,121.72,115.48,114.68,156.44,101.71,129.85
2025/01/21,107.71,102.01,102.01,101.75,101.93,102.33,113.13,129.58,145.23,166.26,152.35,146.53,136.7,137.42,137.42,137.72,138.58,138.62,136.71,136.72,136.44,131.72,129.07,129.58,166.26,101.75,130.53
2025/01/20,117.61,80.3,80.3,80.3,80.3,95.31,101.84,116.05,138.59,153.41,165.68,164.5,138.62,138.62,138.62,138.59,138.62,138.59,136.63,136.56,132.06,138.57,117.41,116.84,165.68,80.3,127.33
2025/01/19,103.36,102.52,102.55,102.14,96.06,84,102.38,103.35,108.18,109.15,109.09,108.99,133.53,106.71,108.94,108.99,109.04,118.06,139.27,119.11,113.44,107.74,108.38,108.4,139.27,84,109.09
2025/01/18,107.96,106.03,102.25,102.47,102.11,102.75,107.33,107.74,117.54,138.53,118.72,118.4,117.24,117.18,117.63,117.18,117.66,117.54,118.45,118.12,116.45,107.63,107.63,107.96,138.53,102.11,112.95
2025/01/17,108.26,115.79,102,101.75,102,106.5,111.06,138.88,142.97,158.68,143.17,145.73,136.23,136.23,138.88,138.88,145.73,145.99,138.57,136.15,133.56,129.2,115.62,114.61,158.68,101.75,129.79
2025/01/16,108.07,106.76,106.34,101.97,106.76,102.05,105.25,136.78,144.48,157.34,156.67,148.76,139.15,139.28,139.28,139.28,139.29,138.58,138.38,138.98,138.57,136.78,114.49,114.7,157.34,101.97,130.51
2025/01/15,128.59,106.11,102,101.52,101.58,101.97,102.14,131.65,141.81,148.19,142.18,142.18,136.98,137.29,138.86,138.59,156.35,138.73,137.18,137.01,136.24,121.82,118.14,121.32,156.35,101.52,129.35
2025/01/14,108.13,104.61,101.75,101.79,101.7,101.79,107.34,136.77,146.51,154.09,147.33,146.13,138.8,139.21,139.21,139.21,139.22,139.22,136.79,136.51,136.77,136.77,136.77,114.59,154.09,101.7,130.31
2025/01/13,110.94,102.02,101.76,97.74,97.74,97.74,113.34,114.47,138.59,165.24,152.63,156.44,138.26,138.58,138.58,138.58,152.65,138.58,138.57,138.59,138.57,136.77,138.49,114.88,165.24,97.74,131.27
2025/01/12,111.15,111.8,111.82,97.63,98.55,102.64,103,103.19,111.74,117.03,118.12,118.07,117.91,117.29,117.36,116.96,116.74,118.07,118.12,118.12,116.06,108.64,111.74,107.81,118.12,97.63,112.14
2025/01/11,114.96,106.45,102.74,102.74,102.74,106.12,106.52,117.4,118.75,136.42,136.41,138.53,136.38,136.38,136.37,134.11,134.11,131.93,132.87,132.87,131.18,116.1,116.56,115.23,138.53,102.74,122.72
2025/01/10,124.44,112.6,106.2,101.97,101.97,112.52,117.05,138.02,147.83,163.15,147.2,147.33,140.19,140.26,144,140.85,156.37,139.21,139.21,139.21,139.21,132.81,133.06,138.49,163.15,101.97,134.73
2025/01/09,108.07,109.23,101.97,101.97,101.97,106.76,107.55,118.54,144,161.72,147.95,147.07,139.15,143.38,143.63,148.66,144.05,146.14,138.36,138.59,136.6,136.53,134.24,134.24,161.72,101.97,132.78
2025/01/08,85.04,81.97,81.97,81.97,81.97,81.97,83.37,112.78,140.44,161.72,159.39,133.25,133.25,133.13,133.25,160.86,136.76,133.33,133.42,134.61,126.52,116.06,120.82,121,161.72,81.97,122.01
2025/01/07,96.87,82.03,82.03,82.03,82.03,82.03,87.46,114.52,127.47,156.92,146.26,146.26,132.67,132.67,138.58,136.77,128.39,124.33,125.58,125.58,103.32,102.35,97.74,97.74,156.92,82.03,115.69
2025/01/06,77.42,76.17,76.17,75.75,76.17,76.17,78.81,97.66,128.09,136.72,128.4,128.09,127.47,127.47,122.7,126.84,126.84,126.84,128.32,124.77,103.32,102.35,97.52,100.11,136.72,75.75,109.44
2025/01/05,86.97,78.2,77.07,77.07,77.07,77.07,77.51,77.51,79.21,80.05,83.22,83.16,83.16,83.59,83.59,88.85,87.71,88.96,88.96,88.96,88.96,88.39,88.39,88.96,88.96,77.07,83.66
2025/01/04,97.77,81.76,81.12,81.12,81.12,81.12,97.37,98.47,98.78,119.65,119.65,98.16,0,0,97.98,97.94,97.94,98.78,98.68,98.07,98.78,98.78,97.37,97.69,119.65,0,89.28
2025/01/03,84.69,81.32,81.06,81.06,81.06,81.06,87.47,115.29,138.49,166.56,155.47,146,134.16,134.04,133.95,133.95,132.19,128.32,128.32,128.32,103.38,102.21,88.96,88.96,166.56,81.06,116.2
2025/01/02,84.81,80.83,80.83,80.83,80.83,80.83,87.52,97.7,128.32,151.16,157.97,134.12,133.99,133.91,133.78,138.86,133.91,133.99,128.32,115.58,113.77,103.23,102.26,96.87,157.97,80.83,115.76
2025/01/01,81.99,78.61,78.61,78.61,78.61,78.61,79.74,79.74,77.32,76,71.2,71.2,0,6.85,71.2,71.33,84.92,96.78,96.78,97,97.02,97.63,97.63,97.08,97.63,0,78.68
