time,ws_gb,peak_ws_gb,private_gb,peak_private_gb,avail_gb
17:01:36,5.41,5.44,9.85,9.88,2.42
17:02:06,5.23,5.96,9.43,10.35,2.62
17:02:36,5.22,5.96,9.20,10.35,2.64
17:03:06,4.49,5.96,7.80,10.35,3.42
17:03:36,6.06,6.33,10.16,10.79,2.71
17:04:06,5.24,6.33,8.65,10.79,3.64
17:04:36,5.28,6.33,9.15,10.79,3.50
17:05:06,5.23,6.33,8.81,10.79,3.53
17:05:36,5.20,6.33,8.51,10.79,3.59
17:06:06,1.95,6.33,3.95,10.79,7.28
17:06:36,1.50,6.33,3.35,10.79,7.49
17:07:06,1.55,6.33,3.41,10.79,7.44
17:07:36,1.74,6.33,3.71,10.79,7.23
17:08:06,3.51,6.33,6.69,10.79,5.45
17:08:36,1.98,6.33,4.10,10.79,7.01
17:09:06,1.58,6.33,3.46,10.79,7.41
17:09:36,2.22,6.33,4.27,10.79,6.79
17:10:06,4.18,6.33,8.03,10.79,4.65
17:10:36,4.30,6.33,7.95,10.79,4.64
17:11:06,4.65,6.33,8.43,10.79,4.25
17:11:36,4.56,6.33,8.44,10.79,4.19
17:12:06,5.21,6.33,8.98,10.79,3.77
17:12:36,4.67,6.33,8.24,10.79,1.42
17:13:06,4.35,6.33,7.83,10.79,1.84
17:13:36,4.46,6.33,7.92,10.79,1.81
