model,S,sep_cost,c_S,diff,status
det,u1,-1274.808597023584,-1274.808597023584,0.0,optimal/optimal
det,u2,-207.0853712243425,-207.08537122434205,-4.547473508864641e-13,optimal/optimal
det,u3,-260.31216629822256,-260.3121662982226,5.684341886080802e-14,optimal/optimal
det,u4,67.84572354006944,67.84572354006944,0.0,optimal/optimal
det,u5,-7.105427357601002e-15,0.0,-7.105427357601002e-15,optimal/optimal
det,u6,7.105427357601002e-15,0.0,7.105427357601002e-15,optimal/optimal
det,u1+u2,-1883.6396538244655,-1883.639653824466,4.547473508864641e-13,optimal/optimal
det,u1+u3,-1701.6662520497587,-1701.6662520497587,0.0,optimal/optimal
det,u1+u4,-1515.6257538293853,-1515.6257538293862,9.094947017729282e-13,optimal/optimal
det,u1+u5,-1274.8085970235843,-1274.808597023584,-2.2737367544323206e-13,optimal/optimal
det,u1+u6,-1274.808597023584,-1274.808597023584,0.0,optimal/optimal
det,u2+u3,-594.3498345753084,-594.3498345753084,0.0,optimal/optimal
det,u2+u4,-143.28144747738992,-143.28144747739003,1.1368683772161603e-13,optimal/optimal
det,u2+u5,-366.32687546915616,-366.32687546915565,-5.115907697472721e-13,optimal/optimal
det,u2+u6,-207.0853712243425,-207.08537122434254,2.842170943040401e-14,optimal/optimal
det,u3+u4,-202.19718892618343,-202.19718892618343,0.0,optimal/optimal
det,u3+u5,-260.3121662982226,-260.3121662982226,0.0,optimal/optimal
det,u3+u6,-521.315404155088,-521.315404155088,0.0,optimal/optimal
det,u4+u5,67.84572354006943,67.84572354006944,-1.4210854715202004e-14,optimal/optimal
det,u4+u6,67.84572354006943,67.84572354006944,-1.4210854715202004e-14,optimal/optimal
det,u5+u6,0.0,0.0,0.0,optimal/optimal
det,u1+u2+u3,-2326.082472469837,-2326.0824724698373,4.547473508864641e-13,optimal/optimal
det,u1+u2+u4,-1973.2647440361682,-1973.2647440361684,2.2737367544323206e-13,optimal/optimal
det,u1+u2+u5,-2047.693763212249,-2047.6937915283586,2.831610959219688e-05,optimal/optimal
det,u1+u2+u6,-1883.6396538244655,-1883.6396538244662,6.821210263296962e-13,optimal/optimal
det,u1+u3+u4,-1934.995617904041,-1934.9956179040412,2.2737367544323206e-13,optimal/optimal
det,u1+u3+u5,-1701.6662520497584,-1701.6662520497582,-2.2737367544323206e-13,optimal/optimal
det,u1+u3+u6,-1968.861568113555,-1968.8615681135548,-2.2737367544323206e-13,optimal/optimal
det,u1+u4+u5,-1515.6257538293855,-1515.6257538293862,6.821210263296962e-13,optimal/optimal
det,u1+u4+u6,-1515.625753829385,-1515.625753829386,9.094947017729282e-13,optimal/optimal
det,u1+u5+u6,-1274.808597023584,-1274.808597023584,0.0,optimal/optimal
det,u2+u3+u4,-530.5034030136217,-530.5034030136217,0.0,optimal/optimal
det,u2+u3+u5,-747.2530435130906,-747.2530435130907,1.1368683772161603e-13,optimal/optimal
det,u2+u3+u6,-861.5451506391042,-861.5451506391041,-1.1368683772161603e-13,optimal/optimal
det,u2+u4+u5,-303.747556318064,-303.7475563180642,1.7053025658242404e-13,optimal/optimal
det,u2+u4+u6,-143.2814474773898,-143.28144747739006,2.5579538487363607e-13,optimal/optimal
det,u2+u5+u6,-366.3268754691561,-366.3268754691562,1.1368683772161603e-13,optimal/optimal
det,u3+u4+u5,-202.19718892618343,-202.19718892618346,2.842170943040401e-14,optimal/optimal
det,u3+u4+u6,-454.2206723213957,-454.2206723213957,0.0,optimal/optimal
det,u3+u5+u6,-521.315404155088,-521.315404155088,0.0,optimal/optimal
det,u4+u5+u6,67.84572354006941,67.84572354006944,-2.842170943040401e-14,optimal/optimal
det,u1+u2+u3+u4,-2366.4500387973326,-2366.450038797333,4.547473508864641e-13,optimal/optimal
det,u1+u2+u3+u5,-2485.8505664401673,-2485.8505664401673,0.0,optimal/optimal
det,u1+u2+u3+u6,-2593.2777885336327,-2593.277788533633,4.547473508864641e-13,optimal/optimal
det,u1+u2+u4+u5,-2136.8440738083473,-2136.8440439743927,-2.9833954613422975e-05,optimal/optimal
det,u1+u2+u4+u6,-1973.2647440361684,-1973.2647440361682,-2.2737367544323206e-13,optimal/optimal
det,u1+u2+u5+u6,-2047.6937632122492,-2047.693763594282,3.820327947323676e-07,optimal/optimal
det,u1+u3+u4+u5,-1934.9956179040412,-1934.9956179040414,2.2737367544323206e-13,optimal/optimal
det,u1+u3+u4+u6,-2202.1909339678373,-2202.1909339678373,0.0,optimal/optimal
det,u1+u3+u5+u6,-1968.861568113555,-1968.861568113555,0.0,optimal/optimal
det,u1+u4+u5+u6,-1515.6257538293853,-1515.625753829386,6.821210263296962e-13,optimal/optimal
det,u2+u3+u4+u5,-684.7910081502697,-684.7910081502696,-1.1368683772161603e-13,optimal/optimal
det,u2+u3+u4+u6,-797.6987190774172,-797.6987190774172,0.0,optimal/optimal
det,u2+u3+u5+u6,-1014.4483595768866,-1014.4483595768864,-1.1368683772161603e-13,optimal/optimal
det,u2+u4+u5+u6,-303.74755631806397,-303.74755631806437,3.979039320256561e-13,optimal/optimal
det,u3+u4+u5+u6,-454.2206723213957,-454.2206723213957,0.0,optimal/optimal
det,u1+u2+u3+u4+u5,-2525.145601591944,-2525.145601591943,-9.094947017729282e-13,optimal/optimal
det,u1+u2+u3+u4+u6,-2633.645354861129,-2633.6453548611285,-4.547473508864641e-13,optimal/optimal
det,u1+u2+u3+u5+u6,-2753.045902165433,-2753.045882800642,-1.9364790659892606e-05,optimal/optimal
det,u1+u2+u4+u5+u6,-2136.844075849187,-2136.8440443524737,-3.149671329083503e-05,optimal/optimal
det,u1+u3+u4+u5+u6,-2202.1909339678373,-2202.1909339678377,4.547473508864641e-13,optimal/optimal
det,u2+u3+u4+u5+u6,-951.9863242140658,-951.9863242140656,-2.2737367544323206e-13,optimal/optimal
det,u1+u2+u3+u4+u5+u6,-2792.34091765574,-2792.3409176988102,4.307003109715879e-08,optimal/optimal
sto1,u1,-1274.8085970235838,-1274.8085970235836,-2.2737367544323206e-13,2/optimal
sto1,u2,-207.08537122434362,-207.08537122434367,5.684341886080802e-14,2/optimal
sto1,u3,-260.3121662982224,-260.3121662982224,0.0,2/optimal
sto1,u4,67.84572354006949,67.84572354006947,1.4210854715202004e-14,2/optimal
sto1,u5,-7.105427357601002e-15,0.0,-7.105427357601002e-15,2/optimal
sto1,u6,7.105427357601002e-15,0.0,7.105427357601002e-15,2/optimal
sto1,u1+u2,-1883.639653824466,-1883.6396538244664,4.547473508864641e-13,2/optimal
sto1,u1+u3,-1701.6662520497582,-1701.6662520497582,0.0,2/optimal
sto1,u1+u4,-1515.6257538293846,-1515.625753829386,1.3642420526593924e-12,2/optimal
sto1,u1+u5,-1274.8085970235838,-1274.8085970235838,0.0,2/optimal
sto1,u1+u6,-1274.8085970235836,-1274.8085970235836,0.0,2/optimal
sto1,u2+u3,-594.3498345753076,-594.3498345753076,0.0,2/optimal
sto1,u2+u4,-143.28144747739057,-143.2814474773907,1.4210854715202004e-13,2/optimal
sto1,u2+u5,-366.3268754691573,-366.32687546915747,1.7053025658242404e-13,2/optimal
sto1,u2+u6,-207.08537122434367,-207.0853712243437,2.842170943040401e-14,2/optimal
sto1,u3+u4,-202.1971889261832,-202.19718892618326,5.684341886080802e-14,2/optimal
sto1,u3+u5,-260.3121662982224,-260.3121662982224,0.0,2/optimal
sto1,u3+u6,-521.3154041550885,-521.3154041550885,0.0,2/optimal
sto1,u4+u5,67.84572354006947,67.84572354006947,0.0,2/optimal
sto1,u4+u6,67.84572354006947,67.84572354006947,0.0,2/optimal
sto1,u5+u6,1.4210854715202004e-14,0.0,1.4210854715202004e-14,2/optimal
sto1,u1+u2+u3,-2326.082472469836,-2326.0824724698364,4.547473508864641e-13,2/optimal
sto1,u1+u2+u4,-1973.264744036171,-1973.2647440361688,-2.0463630789890885e-12,2/optimal
sto1,u1+u2+u5,-2047.693763224226,-2047.6937635942825,3.700565684994217e-07,2/optimal
sto1,u1+u2+u6,-1883.6396538244662,-1883.6396538244662,0.0,2/optimal
sto1,u1+u3+u4,-1934.995617904041,-1934.995617904041,0.0,2/optimal
sto1,u1+u3+u5,-1701.6662520497582,-1701.6662520497584,2.2737367544323206e-13,2/optimal
sto1,u1+u3+u6,-1968.8615681135554,-1968.8615681135552,-2.2737367544323206e-13,2/optimal
sto1,u1+u4+u5,-1515.625753829385,-1515.6257538293862,1.1368683772161603e-12,2/optimal
sto1,u1+u4+u6,-1515.6257538293848,-1515.6257538293862,1.3642420526593924e-12,2/optimal
sto1,u1+u5+u6,-1274.8085970235838,-1274.8085970235836,-2.2737367544323206e-13,2/optimal
sto1,u2+u3+u4,-530.5034030136206,-530.5034030136208,1.1368683772161603e-13,2/optimal
sto1,u2+u3+u5,-747.2530435130894,-747.2530435130893,-1.1368683772161603e-13,2/optimal
sto1,u2+u3+u6,-861.5451506391045,-861.5451506391045,0.0,2/optimal
sto1,u2+u4+u5,-303.74755631806477,-303.7475563180647,-5.684341886080802e-14,2/optimal
sto1,u2+u4+u6,-143.2814474773906,-143.28144747739077,1.7053025658242404e-13,2/optimal
sto1,u2+u5+u6,-366.3268754691573,-366.32687546915747,1.7053025658242404e-13,2/optimal
sto1,u3+u4+u5,-202.19718892618323,-202.19718892618323,0.0,2/optimal
sto1,u3+u4+u6,-454.22067232139597,-454.220672321396,5.684341886080802e-14,2/optimal
sto1,u3+u5+u6,-521.3154041550885,-521.3154041550885,0.0,2/optimal
sto1,u4+u5+u6,67.84572354006947,67.84572354006947,0.0,2/optimal
sto1,u1+u2+u3+u4,-2366.4500387973317,-2366.4500387973317,0.0,2/optimal
sto1,u1+u2+u3+u5,-2485.8505664386316,-2485.8505664401664,1.5347723092418164e-09,2/optimal
sto1,u1+u2+u3+u6,-2593.277788533633,-2593.2777885336336,4.547473508864641e-13,2/optimal
sto1,u1+u2+u4+u5,-2136.844044048703,-2136.844043970441,-7.826201908756047e-08,2/optimal
sto1,u1+u2+u4+u6,-1973.2647440361711,-1973.2647440361688,-2.2737367544323206e-12,2/optimal
sto1,u1+u2+u5+u6,-2047.6937632162783,-2047.6937635942822,3.78003960577189e-07,2/optimal
sto1,u1+u3+u4+u5,-1934.995617904041,-1934.9956179040407,-2.2737367544323206e-13,2/optimal
sto1,u1+u3+u4+u6,-2202.1909339678377,-2202.1909339678377,0.0,2/optimal
sto1,u1+u3+u5+u6,-1968.8615681135554,-1968.8615681135548,-6.821210263296962e-13,2/optimal
sto1,u1+u4+u5+u6,-1515.6257538293846,-1515.6257538293862,1.5916157281026244e-12,2/optimal
sto1,u2+u3+u4+u5,-684.7910081502688,-684.7910081502687,-1.1368683772161603e-13,2/optimal
sto1,u2+u3+u4+u6,-797.6987190774175,-797.6987190774175,0.0,2/optimal
sto1,u2+u3+u5+u6,-1014.4483595768863,-1014.4483595768862,-1.1368683772161603e-13,2/optimal
sto1,u2+u4+u5+u6,-303.74755631806477,-303.74755631806477,0.0,2/optimal
sto1,u3+u4+u5+u6,-454.2206723213961,-454.2206723213961,0.0,2/optimal
sto1,u1+u2+u3+u4+u5,-2525.145601591763,-2525.145601628463,3.66999302059412e-08,2/optimal
sto1,u1+u2+u3+u4+u6,-2633.6453548611285,-2633.645354861128,-4.547473508864641e-13,2/optimal
sto1,u1+u2+u3+u5+u6,-2753.045882503077,-2753.0458825024284,-6.484697223640978e-10,2/optimal
sto1,u1+u2+u4+u5+u6,-2136.8440443524737,-2136.8440439750634,-3.774102879106067e-07,2/optimal
sto1,u1+u3+u4+u5+u6,-2202.1909339678377,-2202.1909339678377,0.0,2/optimal
sto1,u2+u3+u4+u5+u6,-951.986324214066,-951.9863242140657,-3.410605131648481e-13,2/optimal
sto1,u1+u2+u3+u4+u5+u6,-2792.3409176555697,-2792.3409176545683,-1.001353666651994e-09,2/optimal
sto3,u1,-1129.373656662919,-1129.3736566629188,-2.2737367544323206e-13,2/optimal
sto3,u2,-224.33618299114477,-224.33618299114488,1.1368683772161603e-13,2/optimal
sto3,u3,-265.96416982588204,-265.9641698258821,5.684341886080802e-14,2/optimal
sto3,u4,77.15458774529512,77.15458774529512,0.0,2/optimal
sto3,u5,0.0,0.0,0.0,2/optimal
sto3,u6,-7.105427357601002e-15,0.0,-7.105427357601002e-15,2/optimal
sto3,u1+u2,-1701.0733954230045,-1701.0734158046262,2.038162165263202e-05,2/optimal
sto3,u1+u3,-1557.3378514462997,-1557.3378514463002,4.547473508864641e-13,2/optimal
sto3,u1+u4,-1371.096809161719,-1371.09680916172,1.1368683772161603e-12,2/optimal
sto3,u1+u5,-1129.3736566629188,-1129.3736566629188,0.0,2/optimal
sto3,u1+u6,-1129.373656662919,-1129.3736566629188,-2.2737367544323206e-13,2/optimal
sto3,u2+u3,-609.5825792907292,-609.5825792907291,-1.1368683772161603e-13,2/optimal
sto3,u2+u4,-152.93652088631382,-152.93652088631382,0.0,2/optimal
sto3,u2+u5,-378.0837306001524,-378.0837306001523,-1.1368683772161603e-13,2/optimal
sto3,u2+u6,-224.3361829911447,-224.33618299114482,1.1368683772161603e-13,2/optimal
sto3,u3+u4,-199.42177010206154,-199.42177010206157,2.842170943040401e-14,2/optimal
sto3,u3+u5,-265.96416982588204,-265.9641698258821,5.684341886080802e-14,2/optimal
sto3,u3+u6,-525.1696445309891,-525.1696445309891,0.0,2/optimal
sto3,u4+u5,77.15458774529512,77.15458774529512,0.0,2/optimal
sto3,u4+u6,77.15458774529507,77.15458774529512,-4.263256414560601e-14,2/optimal
sto3,u5+u6,1.7763568394002505e-15,0.0,1.7763568394002505e-15,2/optimal
sto3,u1+u2+u3,-2129.503594555082,-2129.5035945259096,-2.917249730671756e-08,2/optimal
sto3,u1+u2+u4,-1741.3435519920267,-1741.343551991303,-7.237304089358076e-10,2/optimal
sto3,u1+u2+u5,-1863.4564994969387,-1863.4564982124734,-1.284465270146029e-06,2/optimal
sto3,u1+u2+u6,-1701.0733954230047,-1701.073408368992,1.2945987236889778e-05,2/optimal
sto3,u1+u3+u4,-1754.8367797632989,-1754.836779763299,2.2737367544323206e-13,2/optimal
sto3,u1+u3+u5,-1557.3378514463002,-1557.3378514463002,0.0,2/optimal
sto3,u1+u3+u6,-1822.9067751512428,-1822.906775151243,2.2737367544323206e-13,2/optimal
sto3,u1+u4+u5,-1371.096809161719,-1371.09680916172,1.1368683772161603e-12,2/optimal
sto3,u1+u4+u6,-1371.0968091617192,-1371.0968091617199,6.821210263296962e-13,2/optimal
sto3,u1+u5+u6,-1129.3736566629188,-1129.3736566629188,0.0,2/optimal
sto3,u2+u3+u4,-538.0031424150184,-538.0031424150183,-1.1368683772161603e-13,2/optimal
sto3,u2+u3+u5,-762.4180379840207,-762.4180379840216,9.094947017729282e-13,2/optimal
sto3,u2+u3+u6,-875.165384983294,-875.1653849832938,-1.1368683772161603e-13,2/optimal
sto3,u2+u4+u5,-307.49475607476313,-307.49475607476296,-1.7053025658242404e-13,2/optimal
sto3,u2+u4+u6,-152.93652088631376,-152.93652088631376,0.0,2/optimal
sto3,u2+u5+u6,-378.0837306001524,-378.0837306001523,-1.1368683772161603e-13,2/optimal
sto3,u3+u4+u5,-199.42177010206154,-199.4217701020616,5.684341886080802e-14,2/optimal
sto3,u3+u4+u6,-448.8586302907832,-448.85863029078314,-5.684341886080802e-14,2/optimal
sto3,u3+u5+u6,-525.1696445309891,-525.1696445309891,0.0,2/optimal
sto3,u4+u5+u6,77.15458774529515,77.15458774529512,2.842170943040401e-14,2/optimal
sto3,u1+u2+u3+u4,-2138.7088270696345,-2138.7088222859356,-4.783698841492878e-06,2/optimal
sto3,u1+u2+u3+u5,-2285.802212456791,-2285.802194518501,-1.793829005691805e-05,2/optimal
sto3,u1+u2+u3+u6,-2395.086163582006,-2395.0864002184744,0.00023663646834393148,2/optimal
sto3,u1+u2+u4+u5,-1903.603789775314,-1903.603774761596,-1.501371798440232e-05,2/optimal
sto3,u1+u2+u4+u6,-1741.3435519920265,-1741.3435519920265,0.0,2/optimal
sto3,u1+u2+u5+u6,-1863.4564994969387,-1863.4564982473912,-1.249547494808212e-06,2/optimal
sto3,u1+u3+u4+u5,-1754.8367797632986,-1754.8367797632986,0.0,2/optimal
sto3,u1+u3+u4+u6,-2020.4195854558636,-2020.4195854558634,-2.2737367544323206e-13,2/optimal
sto3,u1+u3+u5+u6,-1822.9067751512428,-1822.906775151243,2.2737367544323206e-13,2/optimal
sto3,u1+u4+u5+u6,-1371.096809161719,-1371.0968091617199,9.094947017729282e-13,2/optimal
sto3,u2+u3+u4+u5,-692.0882472889868,-692.0882472889868,0.0,2/optimal
sto3,u2+u3+u4+u6,-803.5859481075831,-803.585948107583,-1.1368683772161603e-13,2/optimal
sto3,u2+u3+u5+u6,-1028.0008436765863,-1028.0008436765863,0.0,2/optimal
sto3,u2+u4+u5+u6,-307.49475607476313,-307.49475607476313,0.0,2/optimal
sto3,u3+u4+u5+u6,-448.8586302907832,-448.8586302907832,0.0,2/optimal
sto3,u1+u2+u3+u4+u5,-2295.75634769735,-2295.7563476572054,-4.0144641388906166e-08,2/optimal
sto3,u1+u2+u3+u4+u6,-2404.291627979939,-2404.2916279835063,3.5670382203534245e-09,2/optimal
sto3,u1+u2+u3+u5+u6,-2551.3850002128515,-2551.385022830179,2.2617327431362355e-05,2/optimal
sto3,u1+u2+u4+u5+u6,-1903.603789775314,-1903.6037837136812,-6.0616328028118005e-06,2/optimal
sto3,u1+u3+u4+u5+u6,-2020.4195854558632,-2020.4195854558634,2.2737367544323206e-13,2/optimal
sto3,u2+u3+u4+u5+u6,-957.6710529815517,-957.6710529815516,-1.1368683772161603e-13,2/optimal
sto3,u1+u2+u3+u4+u5+u6,-2561.3391538556243,-2561.3391537300336,-1.25590759125771e-07,2/optimal
