S,sep_cost,sep_bound,sep_closed,sep_rounds,c_KL,c_KL_bound,ef_rounds,diff,rel_diff
u1,-1033.8809565131244,-1033.8809565131244,True,3,-1033.8809565131244,-1033.8809565131244,3,0.0,0.0
u2,-184.3400594460451,-184.34005953581644,True,2,-184.34005946792948,-184.34005950573766,2,2.188437520089792e-08,1.1871741424009496e-10
u3,-256.3880317883444,-256.3880317883444,True,1,-256.3880317883444,-256.3880317883444,1,0.0,0.0
u4,80.08142066110472,80.08142066110463,True,3,80.08142066110472,80.08142066110472,2,0.0,0.0
u5,0.0,0.0,True,1,0.0,0.0,1,0.0,0.0
u6,0.0,0.0,True,1,0.0,0.0,1,0.0,0.0
u1+u2,-1649.3010859328651,-1649.3010859328658,True,4,-1649.3010860001916,-1649.3010860001916,4,6.732648216711823e-08,4.0821219811596246e-11
u1+u3,-1475.410995255064,-1475.410995255064,True,3,-1475.410995255064,-1475.410995255064,3,0.0,0.0
u1+u4,-1260.37364846921,-1260.3736484692101,True,3,-1260.37364846921,-1260.3736484692106,3,0.0,0.0
u1+u5,-1033.8809565131244,-1033.8809565131244,True,3,-1033.8809565131244,-1033.8809565131244,3,0.0,0.0
u1+u6,-1033.8809565131244,-1033.8809565131244,True,3,-1033.8809565131244,-1033.8809565131244,3,0.0,0.0
u2+u3,-553.1006458241584,-553.1006572106885,True,5,-553.1006389252838,-553.1006578891248,5,-6.89887463067862e-06,-1.2473091052803072e-08
u2+u4,-118.13327269003906,-118.13327269003915,True,1,-118.13327269003904,-118.13327269003915,1,-2.842170943040401e-14,-2.4059021462122345e-16
u2+u5,-326.03942622248314,-326.03942622249895,True,3,-326.03926316524627,-326.03926316524627,4,-0.00016305723687537466,-5.001153397673226e-07
u2+u6,-184.3400594460451,-184.34005953581644,True,2,-184.3400594469661,-184.3400595341458,2,9.210054940922419e-10,4.996230861893648e-12
u3+u4,-190.17264659717648,-190.1726465971765,True,3,-190.17264659717648,-190.1726465971765,3,0.0,0.0
u3+u5,-256.38803178834445,-256.38803178834445,True,2,-256.3880317883445,-256.3880317883445,2,5.684341886080802e-14,2.217085503731073e-16
u3+u6,-512.770141186305,-512.770141186305,True,3,-512.770141186305,-512.770141186305,3,0.0,0.0
u4+u5,80.08142066110472,80.08142066110472,True,3,80.08142066110472,80.08142066110472,2,0.0,0.0
u4+u6,80.08142066110472,80.08142066110472,True,3,80.08142066110472,80.08142066110472,2,0.0,0.0
u5+u6,0.0,0.0,True,1,0.0,0.0,1,0.0,0.0
u1+u2+u3,-2082.4245222402624,-2082.424522240263,True,2,-2082.4245222403943,-2082.4245222403943,2,1.318767317570746e-10,6.332845697340996e-14
u1+u2+u4,-1670.280886586487,-1670.2809018174135,True,3,-1670.2808865880784,-1670.2808865880784,4,1.5913883544271812e-09,9.527669071744856e-13
u1+u2+u5,-1817.4531119158887,-1817.453111915889,True,4,-1817.4531118315517,-1817.4531118394195,3,-8.433698894805275e-08,-4.6403942087431094e-11
u1+u2+u6,-1649.3010860000506,-1649.3010860000516,True,4,-1649.3010859982903,-1649.3010859982912,4,-1.7603269952815026e-09,-1.0673169442655223e-12
u1+u3+u4,-1660.478392704829,-1660.4783927048293,True,3,-1660.4783927048293,-1660.4783927048297,3,2.2737367544323206e-13,1.3693263124782532e-16
u1+u3+u5,-1475.410995255064,-1475.4109952550648,True,3,-1475.410995255064,-1475.410995255064,3,0.0,0.0
u1+u3+u6,-1737.7459507049532,-1737.7459507049532,True,3,-1737.7459507049532,-1737.7459507049534,3,0.0,0.0
u1+u4+u5,-1260.3736484692101,-1260.3736484692101,True,3,-1260.37364846921,-1260.3736484692101,3,-2.2737367544323206e-13,-1.8040180046559158e-16
u1+u4+u6,-1260.37364846921,-1260.3736484692101,True,3,-1260.37364846921,-1260.37364846921,3,0.0,0.0
u1+u5+u6,-1033.8809565131244,-1033.8809565131244,True,3,-1033.8809565131244,-1033.8809565131244,3,0.0,0.0
u2+u3+u4,-484.87921350514637,-484.8792135051464,True,5,-484.8792134823167,-484.8792582085227,4,-2.2829681256553158e-08,-4.708323355953832e-11
u2+u3+u5,-698.8913007779281,-698.8913007779281,True,5,-698.8913007779281,-698.8913007779281,4,0.0,0.0
u2+u3+u6,-818.7675137937999,-818.7675141452136,True,5,-818.7675121589758,-818.7675327452707,5,-1.6348241160812904e-06,-1.996689037857019e-09
u2+u4+u5,-259.2938145231165,-259.29381452311657,True,5,-259.29381336528695,-259.2938145448519,5,-1.1578295584513398e-06,-4.465318872919722e-09
u2+u4+u6,-118.13327269003906,-118.13327269003915,True,1,-118.133272690039,-118.13327269003918,1,-5.684341886080802e-14,-4.81180429242447e-16
u2+u5+u6,-326.0394945456535,-326.0394945456535,True,3,-326.039259916184,-326.0392631497314,4,-0.00023462946950303376,-7.1963563395203e-07
u3+u4+u5,-190.17264659717657,-190.17264659717657,True,3,-190.17264659717657,-190.17264659717657,3,0.0,0.0
u3+u4+u6,-436.25972435998125,-436.2597243599813,True,3,-436.25972435998125,-436.25972435998125,3,0.0,0.0
u3+u5+u6,-512.770141186305,-512.770141186305,True,3,-512.770141186305,-512.770141186305,3,0.0,0.0
u4+u5+u6,80.08142066110472,80.08142066110392,True,3,80.08142066110472,80.08142066110472,2,0.0,0.0
u1+u2+u3+u4,-2080.549766723734,-2080.549766723734,True,3,-2080.549766723733,-2080.549766723733,4,-1.3642420526593924e-12,-6.557122903181889e-16
u1+u2+u3+u5,-2244.5964777679333,-2244.5964777679337,True,2,-2244.5964777666654,-2244.5964777666654,4,-1.267835614271462e-09,-5.648389930349246e-13
u1+u2+u3+u6,-2344.858507232454,-2344.8585080291064,True,2,-2344.8585080304815,-2344.8585099605057,3,7.98027485870989e-07,3.4033076330105596e-10
u1+u2+u4+u5,-1838.0159847714472,-1838.0159847714476,True,5,-1838.0159848061946,-1838.0159848061949,4,3.4747472454910167e-08,1.8904880448346064e-11
u1+u2+u4+u6,-1670.2808858642532,-1670.2808865878535,True,4,-1670.2808865879642,-1670.2808865879642,4,7.23711082173395e-07,4.3328705248599584e-10
u1+u2+u5+u6,-1817.4531113528471,-1817.45311191696,True,4,-1817.4531147541816,-1817.4531147541816,4,3.401334424779634e-06,1.871483999871809e-09
u1+u3+u4+u5,-1660.4783927048306,-1660.4783927048306,True,3,-1660.4783927048306,-1660.4783927048306,3,0.0,0.0
u1+u3+u4+u6,-1922.8643694493226,-1922.8643694493226,True,3,-1922.864369449322,-1922.8643694493223,3,-4.547473508864641e-13,-2.3649476172710845e-16
u1+u3+u5+u6,-1737.7459507049532,-1737.7459507049532,True,3,-1737.7459507049532,-1737.7459507049534,3,0.0,0.0
u1+u4+u5+u6,-1260.37364846921,-1260.3736484692104,True,3,-1260.37364846921,-1260.37364846921,3,0.0,0.0
u2+u3+u4+u5,-631.218045203974,-631.218045203974,True,4,-631.218045203974,-631.218086842988,3,0.0,0.0
u2+u3+u4+u6,-750.5460558243483,-750.5460803498007,True,4,-750.5460679175201,-750.5461028704642,5,1.2093171790183987e-05,1.611249769616133e-08
u2+u3+u5+u6,-966.8797425649025,-966.8797425649025,True,5,-966.8797425649024,-966.8798139364565,3,-1.1368683772161603e-13,-1.1758115587366828e-16
u2+u4+u5+u6,-259.29381452311713,-259.29381452311725,True,5,-259.29384351037294,-259.29384351037294,7,2.8987255802803702e-05,1.1179307387467562e-07
u3+u4+u5+u6,-436.25972435998125,-436.2597243599813,True,3,-436.25972435998125,-436.25972435998125,3,0.0,0.0
u1+u2+u3+u4+u5,-2242.8477191917104,-2242.8477268004626,True,3,-2242.8477070658605,-2242.847714691971,3,-1.2125849934818689e-05,-5.406452652410348e-09
u1+u2+u3+u4+u6,-2342.9958339178743,-2342.9958339178743,True,4,-2342.9958339178743,-2342.9958339178743,3,0.0,0.0
u1+u2+u3+u5+u6,-2506.9953400243967,-2506.9953400243967,True,2,-2506.9953400254844,-2506.995340025485,4,1.0877556633204222e-09,4.3388818716725847e-13
u1+u2+u4+u5+u6,-1838.0159473685942,-1838.0159848058622,True,3,-1838.0159060265191,-1838.0159848057228,4,-4.1342075064676465e-05,-2.2492773282931522e-08
u1+u3+u4+u5+u6,-1922.8643694493226,-1922.8643694493226,True,3,-1922.8643694493228,-1922.8643694493228,3,2.2737367544323206e-13,1.182473808635542e-16
u2+u3+u4+u5+u6,-899.2065468174123,-899.2065547387394,True,3,-899.206546817412,-899.206546817412,4,-3.410605131648481e-13,-3.7929051381128567e-16
u1+u2+u3+u4+u5+u6,-2505.26799001936,-2505.2680922875866,True,3,-2505.26799001975,-2505.2679900197504,3,3.901732270605862e-10,1.5574111377103027e-13
