run,day,n_players,complementarity,solver,n_binary,n_cc_binary,n_sos,mip_status,v_mip,t_mip_s,v_lr,t_cg_s,gap,scd_hours,sim_trade_hours
baseline_6p,1,6,none,highs,336,0,0,optimal,-2792.3409176555697,5.08,-2800.466686719235,13.42,8.125769063665302,0,0
baseline_6p,1,6,bigm,highs,360,24,0,optimal,-2792.336813259626,6.28,-2800.4666867242104,22.93,8.129873464584307,0,0
baseline_6p,1,6,none,gurobi,336,0,0,optimal,-2792.338073805998,0.67,-2800.466686724212,10.89,8.128612918214003,0,0
baseline_6p,1,6,bigm,gurobi,360,24,0,optimal,-2792.1494699537725,0.26,-2800.466579954572,11.95,8.317110000799403,0,0
baseline_6p,1,6,sos,gurobi,336,0,24,optimal,-2792.0738053804744,0.25,-2800.466681300006,10.35,8.392875919531434,0,0
baseline_6p,2,6,none,highs,336,0,0,optimal,-2656.397272296967,6.43,-2678.769261121509,15.36,22.37198882454186,0,0
baseline_6p,2,6,bigm,highs,360,24,0,optimal,-2656.397272296967,6.56,-2678.762373536302,24.93,22.365101239335218,0,0
baseline_6p,2,6,none,gurobi,336,0,0,optimal,-2656.3972722969665,0.33,-2678.7692611215098,12.43,22.371988824543223,0,0
baseline_6p,2,6,bigm,gurobi,360,24,0,optimal,-2656.397272296967,0.39,-2678.7691475350794,11.46,22.371875238112352,0,0
baseline_6p,2,6,sos,gurobi,336,0,24,optimal,-2656.397272296967,0.32,-2678.764619777204,15.56,22.367347480237186,0,0
baseline_6p,3,6,none,highs,336,0,0,optimal,-2442.6838813488475,0.94,-2450.2230918697355,16.36,7.539210520887991,0,0
baseline_6p,3,6,bigm,highs,360,24,0,optimal,-2442.683881178925,0.87,-2450.223091882627,24.36,7.539210703702338,0,0
baseline_6p,3,6,none,gurobi,336,0,0,optimal,-2442.6838813488475,0.26,-2450.2230918716687,13.49,7.539210522821122,0,0
baseline_6p,3,6,bigm,gurobi,360,24,0,optimal,-2442.4834842565847,0.25,-2450.221302773608,12.63,7.737818517023243,0,0
baseline_6p,3,6,sos,gurobi,336,0,24,optimal,-2442.5035768323373,0.24,-2450.217184936224,12.35,7.7136081038866,0,0
baseline_6p,4,6,none,highs,336,0,0,optimal,-2791.145594547862,1.61,-2801.4911303754284,13.4,10.345535827566437,0,0
baseline_6p,4,6,bigm,highs,360,24,0,optimal,-2791.105019973051,1.36,-2801.4911209529505,22.7,10.386100979899311,0,0
baseline_6p,4,6,none,gurobi,336,0,0,optimal,-2791.0986422209317,0.23,-2801.4911303714434,9.4,10.392488150511781,0,0
baseline_6p,4,6,bigm,gurobi,360,24,0,optimal,-2791.0986239562067,0.23,-2801.4911132529296,10.46,10.392489296722943,0,0
baseline_6p,4,6,sos,gurobi,336,0,24,optimal,-2791.09863957255,0.23,-2801.4911022363954,11.48,10.392462663845436,0,0
baseline_6p,5,6,none,highs,336,0,0,optimal,-2749.1529940338623,3.55,-2756.2218364259543,17.39,7.068842392091938,0,0
baseline_6p,5,6,bigm,highs,360,24,0,optimal,-2749.1529938209756,5.41,-2756.2218362719655,28.07,7.068842450989905,0,0
baseline_6p,5,6,none,gurobi,336,0,0,optimal,-2748.9819284233604,0.24,-2756.221836526448,13.37,7.2399081030876005,0,0
baseline_6p,5,6,bigm,gurobi,360,24,0,optimal,-2749.1529938209746,0.26,-2756.221818680881,14.94,7.068824859906272,0,0
baseline_6p,5,6,sos,gurobi,336,0,24,optimal,-2749.1137099535717,0.24,-2756.2212542426787,16.04,7.107544289106954,0,0
baseline_15p,1,15,none,highs,1008,0,0,optimal,-6674.09131123887,2.17,-6679.506745615372,47.11,5.415434376502162,0,61
baseline_15p,1,15,bigm,highs,1272,264,0,optimal,-6674.091311238871,3.74,-6679.506745615371,204.96,5.415434376500343,0,0
baseline_15p,1,15,none,gurobi,1008,0,0,optimal,-6674.09131123887,1.54,-6679.506361381666,30.04,5.415050142795735,0,60
baseline_15p,1,15,bigm,gurobi,1272,264,0,optimal,-6673.810623615446,1.41,-6679.506745615375,55.33,5.696121999928437,0,0
baseline_15p,1,15,sos,gurobi,1008,0,264,optimal,-6673.810794963637,1.36,-6679.473875132587,49.92,5.6630801689498185,0,0
baseline_15p,2,15,none,gurobi,1008,0,0,optimal,-6528.564645487148,1.31,-6536.603525366156,29.58,8.038879879008164,0,54
baseline_15p,2,15,bigm,gurobi,1272,264,0,optimal,-6528.564645487147,2.04,-6536.603525366157,57.21,8.038879879009983,0,0
baseline_15p,2,15,sos,gurobi,1008,0,264,optimal,-6528.564645487147,1.68,-6536.603525366158,62.65,8.038879879010892,0,0
baseline_15p,3,15,none,gurobi,1008,0,0,optimal,-6136.018997482158,1.06,-6141.9730018957125,30.0,5.954004413554685,0,59
baseline_15p,3,15,bigm,gurobi,1272,264,0,optimal,-6136.018997482158,1.84,-6141.962099154643,49.51,5.943101672484772,0,0
baseline_15p,3,15,sos,gurobi,1008,0,264,optimal,-6136.018997482159,1.81,-6141.960722955076,58.41,5.941725472916914,0,0
baseline_30p,1,30,none,gurobi,1872,0,0,optimal,-9275.28143188676,2.05,-9279.410921125527,57.38,4.129489238766837,0,78
baseline_30p,1,30,bigm,gurobi,2328,456,0,optimal,-9275.047546542313,2.45,-9279.410921125522,72.4,4.363374583208497,0,0
baseline_30p,1,30,sos,gurobi,1872,0,456,optimal,-9275.372644071962,3.01,-9279.410921125527,72.67,4.038277053565253,0,0
baseline_30p,2,30,none,gurobi,1872,0,0,optimal,-9058.261719118147,3.2,-9062.515855639293,75.56,4.254136521145483,0,83
baseline_30p,2,30,bigm,gurobi,2328,456,0,optimal,-9058.261719118156,6.31,-9062.515855639293,91.7,4.254136521136388,0,0
baseline_30p,2,30,sos,gurobi,1872,0,456,optimal,-9058.169100312627,4.11,-9062.511666956183,96.28,4.342566643555983,0,0
baseline_30p,3,30,none,gurobi,1872,0,0,optimal,-8441.679160167725,7.51,-8447.764563882807,71.98,6.085403715082066,0,89
baseline_30p,3,30,bigm,gurobi,2328,456,0,optimal,-8441.67916016774,10.28,-8447.725935587483,81.11,6.046775419743426,0,0
baseline_30p,3,30,sos,gurobi,1872,0,456,optimal,-8441.679160167736,12.59,-8447.745597317671,76.58,6.066437149935155,0,0
baseline_60p,1,60,none,gurobi,3744,0,0,optimal,-25723.92225173865,8.45,-25728.213604645676,93.34,4.291352907024702,0,154
baseline_60p,1,60,bigm,gurobi,4656,912,0,optimal,-25724.25550046957,8.2,-25728.14216414166,123.63,3.8866636720886163,0,0
baseline_60p,1,60,sos,gurobi,3744,0,912,optimal,-25724.427460112667,6.49,-25728.18840527175,122.82,3.7609451590833487,0,0
baseline_60p,2,60,none,gurobi,3744,0,0,optimal,-25142.53643220044,5.79,-25144.816260429983,110.3,2.279828229544364,0,194
baseline_60p,2,60,bigm,gurobi,4656,912,0,optimal,-25142.10353257147,6.21,-25144.815933339527,126.19,2.712400768057705,0,0
baseline_60p,2,60,sos,gurobi,3744,0,912,optimal,-25141.39174585775,6.14,-25144.777746558262,135.21,3.38600070051325,0,0
baseline_60p,3,60,none,gurobi,3744,0,0,optimal,-23727.50532954069,11.91,-23731.33312896071,97.81,3.827799420017982,0,140
baseline_60p,3,60,bigm,gurobi,4656,912,0,optimal,-23728.797459393783,14.87,-23731.319803132454,141.92,2.5223437386703154,0,0
baseline_60p,3,60,sos,gurobi,3744,0,912,optimal,-23727.53945215876,16.29,-23731.31428222213,124.72,3.7748300633720646,0,0
